Morphology_R,Morphology_H,Production_H,Production_R,UR,SR,simplify_delete_obstruent,simplify_delete_lateral,nasalize,lateralize,tensify,Type,notes,Unnamed: 1,Unnamed: 2,JunctureType,Unnamed: 7,Unnamed: 8,Nasalization,Lateralization,C_deletion,L_deletion,Tensification,Notes
kulk-ke,굵게,굴께,kul.ge,lk-k,lg,1.0,0.0,,,1.0,lC+Obstruen,,,,,,,,,,,,
kulk-ke,굵게,굴께,kul.ge,lk-k,lg,1.0,0.0,,,1.0,lC+Obstruen,,,,,,,,,,,,
kulk-ke,굵게,굴께,kul.ge,lk-k,lg,1.0,0.0,,,1.0,lC+Obstruen,,,,,,,,,,,,
kulk-kelako,굵게라고,굴께라고,kul.ge.la.ko,lk-k,lg,1.0,0.0,,,1.0,lC+Obstruen,,,,,,,,,,,,
kulk-ko,굵고,굴꼬,kul.go,lk-k,lg,1.0,0.0,,,1.0,lC+Obstruen,,,,,,,,,,,,
kulk-cikhako,굵직하고,굴찍하고,kul.Jik.ha.ko,lk-c,lJ,1.0,0.0,,,1.0,lC+Obstruen,,,,,,,,,,,,
kulm-konxn,굶고는,굶꼬는,kulm.go.nxn,lm-k,mg,0.0,1.0,,,1.0,lC+Obstruen,,,,,,,,,,,,
kulm-ko,굶고,굼꼬,kum.go,lm-k,mg,0.0,1.0,,,1.0,lC+Obstruen,,,,,,,,,,,,
kulm-ko,굶고,굼꼬,kum.go,lm-k,mg,0.0,1.0,,,1.0,lC+Obstruen,,,,,,,,,,,,
kulm-ko,굶고,굼꼬,kum.go,lm-k,mg,0.0,1.0,,,1.0,lC+Obstruen,,,,,,,,,,,,
kulm-ko,굶고,굼꼬,kum.go,lm-k,mg,0.0,1.0,,,1.0,lC+Obstruen,,,,,,,,,,,,
kulm-ko,굶고,굼꼬,kum.go,lm-k,mg,0.0,1.0,,,1.0,lC+Obstruen,,,,,,,,,,,,
kulm-ko,굶고,굼꾸,kum.gu,lm-k,mg,0.0,1.0,,,1.0,lC+Obstruen,,,,,,,,,,,,
kulm-txnka,굶든가,굼던가,kum.tvn.ka,lm-t,mt,0.0,1.0,,,0.0,lC+Obstruen,,,,,,,,,,,,
kxlk-ko,긁고,극꼬,kxk.go,lk-k,kg,0.0,1.0,,,1.0,lC+Obstruen,,,,,,,,,,,,
kxlk-kvna,긁거나,글꺼나,kxl.gv.na,lk-k,lg,1.0,0.0,,,1.0,lC+Obstruen,,,,,,,,,,,,
kxlk-ko,긁고,글꼬,kxl.go,lk-k,lg,1.0,0.0,,,1.0,lC+Obstruen,,,,,,,,,,,,
kxlk-kil,긁길,글킬,kxl.Kil,lk-k,lK,1.0,0.0,,,0.0,lC+Obstruen,,,,,,,,,,,,
kxlk-ko,긁고,끌꼬,gxl.go,lk-k,lg,1.0,0.0,,,1.0,lC+Obstruen,,,,,,,,,,,,
nvlp-ko,넓고,널고,nvl.ko,lp-k,lk,1.0,0.0,,,0.0,lC+Obstruen,,,,,,,,,,,,
nvlp-ke,넓게,널께,nvl.ge,lp-k,lg,1.0,0.0,,,1.0,lC+Obstruen,,,,,,,,,,,,
nvlp-ke,넓게,널께,nvl.ge,lp-k,lg,1.0,0.0,,,1.0,lC+Obstruen,,,,,,,,,,,,
nvlp-ke,넓게,널께,nvl.ge,lp-k,lg,1.0,0.0,,,1.0,lC+Obstruen,,,,,,,,,,,,
nvlp-ke,넓게,널께,nvl.ge,lp-k,lg,1.0,0.0,,,1.0,lC+Obstruen,,,,,,,,,,,,
nvlp-ke,넓게,널께,nvl.ge,lp-k,lg,1.0,0.0,,,1.0,lC+Obstruen,,,,,,,,,,,,
nvlp-ko,넓고,널꼬,nvl.go,lp-k,lg,1.0,0.0,,,1.0,lC+Obstruen,,,,,,,,,,,,
nvlp-ko,넓고,널꼬,nvl.go,lp-k,lg,1.0,0.0,,,1.0,lC+Obstruen,,,,,,,,,,,,
nvlp-ko,넓고,널꼬,nvl.go,lp-k,lg,1.0,0.0,,,1.0,lC+Obstruen,,,,,,,,,,,,
nvlp-ko,넓고,널꼬,nvl.go,lp-k,lg,1.0,0.0,,,1.0,lC+Obstruen,,,,,,,,,,,,
nvlp-ko,넓고,널꼬,nvl.go,lp-k,lg,1.0,0.0,,,1.0,lC+Obstruen,,,,,,,,,,,,
nvlp-ko,넓고,널꼬,nvl.go,lp-k,lg,1.0,0.0,,,1.0,lC+Obstruen,,,,,,,,,,,,
nvlp-ko,넓고,널꼬,nvl.go,lp-k,lg,1.0,0.0,,,1.0,lC+Obstruen,,,,,,,,,,,,
nvlp-ko,넓고,널꼬,nvl.go,lp-k,lg,1.0,0.0,,,1.0,lC+Obstruen,,,,,,,,,,,,
nvlp-ko,넓고,널꼬,nvl.go,lp-k,lg,1.0,0.0,,,1.0,lC+Obstruen,,,,,,,,,,,,
nvlp-ko,넓고,널꾸,nvl.gu,lp-k,lg,1.0,0.0,,,1.0,lC+Obstruen,,,,,,,,,,,,
nvlp-ki,넓기,널끼,nvl.gi,lp-k,lg,1.0,0.0,,,1.0,lC+Obstruen,,,,,,,,,,,,
nvlp-ta,넓다,널따,nvl.da,lp-t,ld,1.0,0.0,,,1.0,lC+Obstruen,,,,,,,,,,,,
nvlp-ta,넓다,널따,nvl.da,lp-t,ld,1.0,0.0,,,1.0,lC+Obstruen,,,,,,,,,,,,
nvlp-tako,넓다고,널따고,nvl.da.ko,lp-t,ld,1.0,0.0,,,1.0,lC+Obstruen,,,,,,,,,,,,
nvlp-tako,넓다고,널따고,nvl.da.ko,lp-t,ld,1.0,0.0,,,1.0,lC+Obstruen,,,,,,,,,,,,
nvlp-cika,넓지가,널찌가,nvl.Ji.ka,lp-c,lJ,1.0,0.0,,,1.0,lC+Obstruen,,,,,,,,,,,,
nvlp-cika,넓지가,널찌가,nvl.Ji.ka,lp-c,lJ,1.0,0.0,,,1.0,lC+Obstruen,,,,,,,,,,,,
nvlp-ke,넓게,넓께,nvlp.ge,lp-k,lpg,0.0,0.0,,,1.0,lC+Obstruen,,,,,,,,,,,,
nvlp-ke,넓게,넓께,nvlp.ge,lp-k,lpg,0.0,0.0,,,1.0,lC+Obstruen,,,,,,,,,,,,
nvlp-ke,넓게,넓께,nvlp.ge,lp-k,lpg,0.0,0.0,,,1.0,lC+Obstruen,,,,,,,,,,,,
nvlp-ko,넓고,넓꼬,nvlp.go,lp-k,lpg,0.0,0.0,,,1.0,lC+Obstruen,,,,,,,,,,,,
nvlp-ko,넓고,넓꼬,nvlp.go,lp-k,lpg,0.0,0.0,,,1.0,lC+Obstruen,,,,,,,,,,,,
nvlp-ko,넓고,넓꼬,nvlp.go,lp-k,lpg,0.0,0.0,,,1.0,lC+Obstruen,,,,,,,,,,,,
nvlp-sxpnita,넓습니다,넓슴니다,nvlp.sxm.ni.ta,lp-s,lps,0.0,0.0,,,0.0,lC+Obstruen,,,,,,,,,,,,
nvlp-cin,넓진,넓찐,nvlp.Jin,lp-c,lpJ,0.0,0.0,,,1.0,lC+Obstruen,,,,,,,,,,,,
nvlp-ko,넓고,넙꼬,nvp.go,lp-k,pg,0.0,1.0,,,1.0,lC+Obstruen,,,,,,,,,,,,
nvlp-ko,넓고,넙꼬,nvp.go,lp-k,pg,0.0,1.0,,,1.0,lC+Obstruen,,,,,,,,,,,,
nvlp-canhayo,넓잖아요,넙짜나요,nvp.Ja.na.yo,lp-c,pJ,0.0,1.0,,,1.0,lC+Obstruen,,,,,,,,,,,,
nvlp-cvkhako,넓적하고,넙쩍하고,nvp.Jvk.ha.ko,lp-c,pJ,0.0,1.0,,,1.0,lC+Obstruen,,,,,,,,,,,,
nxlk-ki,늙기,늘끼,nxl.gi,lk-k,lg,1.0,0.0,,,1.0,lC+Obstruen,,,,,,,,,,,,
nxlk-ki,늙기,늘끼,nxl.gi,lk-k,lg,1.0,0.0,,,1.0,lC+Obstruen,,,,,,,,,,,,
nxlk-kinxn,늙기는,늘끼는,nxl.gi.nxn,lk-k,lg,1.0,0.0,,,1.0,lC+Obstruen,,,,,,,,,,,,
nxlk-tolok,늙도록,늘또록,nxl.do.lok,lk-t,lJ,1.0,0.0,,,1.0,lC+Obstruen,,,,,,,,,,,,
nxlk-caka,늙자가,늘짜가,nxl.Ja.ka,lk-c,lJ,1.0,0.0,,,1.0,lC+Obstruen,,,,,,,,,,,,
nxlk-canhayo,늙잖아요,늘짜나요,nxl.Ja.na.yo,lk-c,lJ,1.0,0.0,,,1.0,lC+Obstruen,,,,,,,,,,,,
nxlk-ca,늙자,늙짜,nxlk.Ja,lk-c,lkJ,0.0,0.0,,,1.0,lC+Obstruen,,,,,,,,,,,,
talm-ko,닮고,달꼬,tal.go,lm-k,lg,1.0,0.0,,,1.0,lC+Obstruen,,,,,,,,,,,,
talm-ko,닮고,닮꼬,talm.go,lm-k,lmg,0.0,0.0,,,1.0,lC+Obstruen,,,,,,,,,,,,
talm-ko,닮고,닮꼬,talm.go,lm-k,lmg,0.0,0.0,,,1.0,lC+Obstruen,,,,,,,,,,,,
talm-ko,닮고,닮꼬,talm.go,lm-k,lmg,0.0,0.0,,,1.0,lC+Obstruen,,,,,,,,,,,,
talm-ko,닮고,닮꼬,talm.go,lm-k,lmg,0.0,0.0,,,1.0,lC+Obstruen,,,,,,,,,,,,
talm-ko,닮고,닮꼬,talm.go,lm-k,lmg,0.0,0.0,,,1.0,lC+Obstruen,,,,,,,,,,,,
talm-ko,닮고,담고,tam.ko,lm-k,mk,0.0,1.0,,,0.0,lC+Obstruen,,,,,,,,,,,,
talm-ko,닮고,담꼬,tam.go,lm-k,mg,0.0,1.0,,,1.0,lC+Obstruen,,,,,,,,,,,,
talm-ko,닮고,담꼬,tam.go,lm-k,mg,0.0,1.0,,,1.0,lC+Obstruen,,,,,,,,,,,,
talm-ko,닮고,담꼬,tam.go,lm-k,mg,0.0,1.0,,,1.0,lC+Obstruen,,,,,,,,,,,,
talm-ko,닮고,담꼬,tam.go,lm-k,mg,0.0,1.0,,,1.0,lC+Obstruen,,,,,,,,,,,,
talm-ko,닮고,담꼬,tam.go,lm-k,mg,0.0,1.0,,,1.0,lC+Obstruen,,,,,,,,,,,,
talm-ko,닮고,담꼬,tam.go,lm-k,mg,0.0,1.0,,,1.0,lC+Obstruen,,,,,,,,,,,,
talm-ko,닮고,담꼬,tam.go,lm-k,mg,0.0,1.0,,,1.0,lC+Obstruen,,,,,,,,,,,,
talm-ko,닮고,담꼬,tam.go,lm-k,mg,0.0,1.0,,,1.0,lC+Obstruen,,,,,,,,,,,,
talm-ko,닮고,담꼬,tam.go,lm-k,mg,0.0,1.0,,,1.0,lC+Obstruen,,,,,,,,,,,,
talm-ko,닮고,담꼬,tam.go,lm-k,mg,0.0,1.0,,,1.0,lC+Obstruen,,,,,,,,,,,,
talm-ko,닮고,담꼬,tam.go,lm-k,mg,0.0,1.0,,,1.0,lC+Obstruen,,,,,,,,,,,,
talm-ko,닮고,담꼬,tam.go,lm-k,mg,0.0,1.0,,,1.0,lC+Obstruen,,,,,,,,,,,,
talm-ko,닮고,담꼬,tam.go,lm-k,mg,0.0,1.0,,,1.0,lC+Obstruen,,,,,,,,,,,,
talm-ko,닮고,담꼬,tam.go,lm-k,mg,0.0,1.0,,,1.0,lC+Obstruen,,,,,,,,,,,,
talm-ko,닮고,담꼬,tam.go,lm-k,mg,0.0,1.0,,,1.0,lC+Obstruen,,,,,,,,,,,,
talm-ko,닮고,담꼬,tam.go,lm-k,mg,0.0,1.0,,,1.0,lC+Obstruen,,,,,,,,,,,,
talm-ko,닮고,담꼬,tam.go,lm-k,mg,0.0,1.0,,,1.0,lC+Obstruen,,,,,,,,,,,,
talm-ko,닮고,담꼬,tam.go,lm-k,mg,0.0,1.0,,,1.0,lC+Obstruen,,,,,,,,,,,,
talm-ko,닮고,담꼬,tam.go,lm-k,mg,0.0,1.0,,,1.0,lC+Obstruen,,,,,,,,,,,,
talm-ko,닮고,담꼬,tam.go,lm-k,mg,0.0,1.0,,,1.0,lC+Obstruen,,,,,,,,,,,,
talm-kin,닮긴,담낀,tam.gin,lm-k,mg,0.0,1.0,,,1.0,lC+Obstruen,,,,,,,,,,,,
talm-kin,닮긴,담낀,tam.gin,lm-k,mg,0.0,1.0,,,1.0,lC+Obstruen,,,,,,,,,,,,
talm-kinxn,닮기는,담끼는,tam.gi.nxn,lm-k,mg,0.0,1.0,,,1.0,lC+Obstruen,,,,,,,,,,,,
talm-tvlakoyo,닮더라고요,담떠라고요,tam.dv.la.ko.yo,lm-t,md,0.0,1.0,,,1.0,lC+Obstruen,,,,,,,,,,,,
talm-ci,닮지,담찌,tam.Ji,lm-c,mJ,0.0,1.0,,,1.0,lC+Obstruen,,,,,,,,,,,,
talm-ci,닮지,담찌,tam.Ji,lm-c,mJ,0.0,1.0,,,1.0,lC+Obstruen,,,,,,,,,,,,
talm-ci,닮지,담찌,tam.Ji,lm-c,mJ,0.0,1.0,,,1.0,lC+Obstruen,,,,,,,,,,,,
talm-ci,닮지,담찌,tam.Ji,lm-c,mJ,0.0,1.0,,,1.0,lC+Obstruen,,,,,,,,,,,,
talm-ci,닮지,담치,tam.Ci,lm-c,mC,0.0,1.0,,,0.0,lC+Obstruen,,,,,,,,,,,,
malk-ke,맑게,막께,mak.ge,lk-k,kg,0.0,1.0,,,1.0,lC+Obstruen,,,,,,,,,,,,
malk-ko,맑고,말꼬,mal.go,lk-k,lg,1.0,0.0,,,1.0,lC+Obstruen,,,,,,,,,,,,
malk-ko,맑고,말꼬,mal.go,lk-k,lg,1.0,0.0,,,1.0,lC+Obstruen,,,,,,,,,,,,
malk-ko,맑고,말꼬,mal.go,lk-k,lg,1.0,0.0,,,1.0,lC+Obstruen,,,,,,,,,,,,
malk-ko,맑고,말꼬,mal.go,lk-k,lg,1.0,0.0,,,1.0,lC+Obstruen,,,,,,,,,,,,
malk-ko,맑고,말꼬,mal.go,lk-k,lg,1.0,0.0,,,1.0,lC+Obstruen,,,,,,,,,,,,
malk-ko,맑고,말꼬,mal.go,lk-k,lg,1.0,0.0,,,1.0,lC+Obstruen,,,,,,,,,,,,
malk-ko,맑고,말꼬,mal.go,lk-k,lg,1.0,0.0,,,1.0,lC+Obstruen,,,,,,,,,,,,
malk-ko,맑고,말꼬,mal.go,lk-k,lg,1.0,0.0,,,1.0,lC+Obstruen,,,,,,,,,,,,
malk-ko,맑고,말꼬,mal.go,lk-k,lg,1.0,0.0,,,1.0,lC+Obstruen,,,,,,,,,,,,
malk-ko,맑고,말꼬,mal.go,lk-k,lg,1.0,0.0,,,1.0,lC+Obstruen,,,,,,,,,,,,
malk-ko,맑고,말꼬,mal.go,lk-k,lg,1.0,0.0,,,1.0,lC+Obstruen,,,,,,,,,,,,
malk-ko,맑고,말꼬,mal.go,lk-k,lg,1.0,0.0,,,1.0,lC+Obstruen,,,,,,,,,,,,
malk-ko,맑고,말꾸,mal.gu,lk-k,lg,1.0,0.0,,,1.0,lC+Obstruen,,,,,,,,,,,,
malk-ko,맑고,맑꼬,malk.go,lk-k,lkg,0.0,0.0,,,1.0,lC+Obstruen,,,,,,,,,,,,
mulk-ci,묽지,묵찌,muk.Ji,lk-c,kJ,0.0,1.0,,,1.0,lC+Obstruen,,,,,,,,,,,,
mulk-ke,묽게,물께,mul.ge,lk-k,lg,1.0,0.0,,,1.0,lC+Obstruen,,,,,,,,,,,,
palk-tako,밝다고,박따고,pak.da.ko,lk-t,kd,0.0,1.0,,,1.0,lC+Obstruen,,,,,,,,,,,,
palk-kvna,밝거나,발꺼나,pal.gv.na,lk-k,lg,1.0,0.0,,,1.0,lC+Obstruen,,,,,,,,,,,,
palk-ke,밝게,발께,pal.ge,lk-k,lg,1.0,0.0,,,1.0,lC+Obstruen,,,,,,,,,,,,
palk-ke,밝게,발께,pal.ge,lk-k,lg,1.0,0.0,,,1.0,lC+Obstruen,,,,,,,,,,,,
palk-ke,밝게,발께,pal.ge,lk-k,lg,1.0,0.0,,,1.0,lC+Obstruen,,,,,,,,,,,,
palk-ke,밝게,발께,pal.ge,lk-k,lg,1.0,0.0,,,1.0,lC+Obstruen,,,,,,,,,,,,
palk-ke,밝게,발께,pal.ge,lk-k,lg,1.0,0.0,,,1.0,lC+Obstruen,,,,,,,,,,,,
palk-ko,밝고,발꼬,pal.go,lk-k,lg,1.0,0.0,,,1.0,lC+Obstruen,,,,,,,,,,,,
palp-ko,밟고,발꼬,pal.go,lp-k,lg,1.0,0.0,,,1.0,lC+Obstruen,,,,,,,,,,,,
palk-ko,밝고,발꼬,pal.go,lk-k,lg,1.0,0.0,,,1.0,lC+Obstruen,,,,,,,,,,,,
palp-ko,밟고,발꼬,pal.go,lp-k,lg,1.0,0.0,,,1.0,lC+Obstruen,,,,,,,,,,,,
palk-ko,밝고,발꼬,pal.go,lk-k,lg,1.0,0.0,,,1.0,lC+Obstruen,,,,,,,,,,,,
palk-ko,밝고,발꼬,pal.go,lk-k,lg,1.0,0.0,,,1.0,lC+Obstruen,,,,,,,,,,,,
palk-ko,밝고,발꼬,pal.go,lk-k,lg,1.0,0.0,,,1.0,lC+Obstruen,,,,,,,,,,,,
palp-ko,밟고,발꼬,pal.go,lp-k,lg,1.0,0.0,,,1.0,lC+Obstruen,,,,,,,,,,,,
palk-ko,밝고,발꼬,pal.go,lk-k,lg,1.0,0.0,,,1.0,lC+Obstruen,,,,,,,,,,,,
palk-ko,밝고,발꼬,pal.go,lk-k,lg,1.0,0.0,,,1.0,lC+Obstruen,,,,,,,,,,,,
palk-ko,밝고,발꼬,pal.go,lk-k,lg,1.0,0.0,,,1.0,lC+Obstruen,,,,,,,,,,,,
palk-ko,밝고,발꼬,pal.go,lk-k,lg,1.0,0.0,,,1.0,lC+Obstruen,,,,,,,,,,,,
palk-ko,밝고,발꼬,pal.go,lk-k,lg,1.0,0.0,,,1.0,lC+Obstruen,,,,,,,,,,,,
palk-ko,밝고,발꼬,pal.go,lk-k,lg,1.0,0.0,,,1.0,lC+Obstruen,,,,,,,,,,,,
palk-ko,밝고,발꼬,pal.go,lk-k,lg,1.0,0.0,,,1.0,lC+Obstruen,,,,,,,,,,,,
palk-ko,밝고,발꼬,pal.go,lk-k,lg,1.0,0.0,,,1.0,lC+Obstruen,,,,,,,,,,,,
palk-ko,밝고,발꼬,pal.go,lk-k,lg,1.0,0.0,,,1.0,lC+Obstruen,,,,,,,,,,,,
palp-ko,밟고,발꼬,pal.go,lp-k,lg,1.0,0.0,,,1.0,lC+Obstruen,,,,,,,,,,,,
palp-ko,밟고,발꼬,pal.go,lp-k,lg,1.0,0.0,,,1.0,lC+Obstruen,,,,,,,,,,,,
palk-ko,밝고,발꼬,pal.go,lk-k,lg,1.0,0.0,,,1.0,lC+Obstruen,,,,,,,,,,,,
palp-ko,밟고,발꼬,pal.go,lp-k,lg,1.0,0.0,,,1.0,lC+Obstruen,,,,,,,,,,,,
palk-kika,밝기가,발끼가,pal.gi.ka,lk-k,lg,1.0,0.0,,,1.0,lC+Obstruen,,,,,,,,,,,,
palp-kito,밟기도,발끼도,pal.gi.to,lp-k,lg,1.0,0.0,,,1.0,lC+Obstruen,,,,,,,,,,,,
palk-tako,밝다고,발따고,pal.da.ko,lk-t,ld,1.0,0.0,,,1.0,lC+Obstruen,,,,,,,,,,,,
palk-cito,밝지도,발찌도,pal.Ji.to,lk-c,lJ,1.0,0.0,,,1.0,lC+Obstruen,,,,,,,,,,,,
palp-ko,밟고,밟꼬,palp.go,lp-k,lpg,0.0,0.0,,,1.0,lC+Obstruen,,,,,,,,,,,,
palp-ko,밟고,밥꼬,pap.go,lp-k,pg,0.0,1.0,,,1.0,lC+Obstruen,,,,,,,,,,,,
palp-ci,밟지,밥찌,pap.Ji,lp-c,pJ,0.0,1.0,,,1.0,lC+Obstruen,,,,,,,,,,,,
salm-sxpnita,삶습니다,삶슴니다,salm.sxm.ni.ta,lm-s,lm.s,0.0,0.0,,,0.0,lC+Obstruen,,,,,,,,,,,,
yalp-ke,얇게,얄께,yal.ge,lp-k,lg,1.0,0.0,,,1.0,lC+Obstruen,,,,,,,,,,,,
yalp-ke,얇게,얄께,yal.ge,lp-k,lg,1.0,0.0,,,1.0,lC+Obstruen,,,,,,,,,,,,
yalp-ke,얇게,얄께,yal.ge,lp-k,lg,1.0,0.0,,,1.0,lC+Obstruen,,,,,,,,,,,,
yalp-ke,얇게,얄께,yal.ge,lp-k,lg,1.0,0.0,,,1.0,lC+Obstruen,,,,,,,,,,,,
yalp-ke,얇게,얄께,yal.ge,lp-k,lg,1.0,0.0,,,1.0,lC+Obstruen,,,,,,,,,,,,
yalp-ke,얇게,얄께,yal.ge,lp-k,lg,1.0,0.0,,,1.0,lC+Obstruen,,,,,,,,,,,,
yalp-ke,얇게,얄께,yal.ge,lp-k,lg,1.0,0.0,,,1.0,lC+Obstruen,,,,,,,,,,,,
yalp-ke,얇게,얄께,yal.ge,lp-k,lg,1.0,0.0,,,1.0,lC+Obstruen,,,,,,,,,,,,
yalp-ke,얇게,얄께,yal.ge,lp-k,lg,1.0,0.0,,,1.0,lC+Obstruen,,,,,,,,,,,,
yalp-ke,얇게,얄께,yal.ge,lp-k,lg,1.0,0.0,,,1.0,lC+Obstruen,,,,,,,,,,,,
yalp-ke,얇게,얄께,yal.ge,lp-k,lg,1.0,0.0,,,1.0,lC+Obstruen,,,,,,,,,,,,
yalp-ke,얇게,얄께,yal.ge,lp-k,lg,1.0,0.0,,,1.0,lC+Obstruen,,,,,,,,,,,,
yalp-ko,얇고,얄꼬,yal.go,lp-k,lg,1.0,0.0,,,1.0,lC+Obstruen,,,,,,,,,,,,
yalp-ko,얇고,얄꼬,yal.go,lp-k,lg,1.0,0.0,,,1.0,lC+Obstruen,,,,,,,,,,,,
yalp-taponiga,얇다보니까,얄따보니까,yal.da.po.ni.ga,lp-t,ld,1.0,0.0,,,1.0,lC+Obstruen,,,,,,,,,,,,
yalp-txn,얇든,얄뜬,yal.dxn,lp-t,ld,1.0,0.0,,,1.0,lC+Obstruen,,,,,,,,,,,,
yalp-kvna,얇거나,얇꺼나,yalp.gv.na,lp-k,lpg,0.0,0.0,,,1.0,lC+Obstruen,,,,,,,,,,,,
yalp-ke,얇게,얇께,yalp.ge,lp-k,lpg,0.0,0.0,,,1.0,lC+Obstruen,,,,,,,,,,,,
yalp-ke,얇게,얇께,yalp.ge,lp-k,lpg,0.0,0.0,,,1.0,lC+Obstruen,,,,,,,,,,,,
yalp-ke,얇게,얇께,yalp.ge,lp-k,lpg,0.0,0.0,,,1.0,lC+Obstruen,,,,,,,,,,,,
yalp-ke,얇게,얇께,yalp.ge,lp-k,lpg,0.0,0.0,,,1.0,lC+Obstruen,,,,,,,,,,,,
yalp-ke,얇게,얇께,yalp.ge,lp-k,lpg,0.0,0.0,,,1.0,lC+Obstruen,,,,,,,,,,,,
ilk-ke,읽게,익께,ik.ge,lk-k,kg,0.0,1.0,,,1.0,lC+Obstruen,,,,,,,,,,,,
ilk-ko,읽고,익꼬,ik.go,lk-k,kg,0.0,1.0,,,1.0,lC+Obstruen,,,,,,,,,,,,
ilk-ta,읽다,익따,ik.da,lk-t,kd,0.0,1.0,,,1.0,lC+Obstruen,,,,,,,,,,,,
ilk-txlako,읽드라고,익뜨라고,ik.dx.la.ko,lk-t,kd,0.0,1.0,,,1.0,lC+Obstruen,,,,,,,,,,,,
ilk-canhayo,읽잖아요,익짜나요,ik.Ja.na.yo,lk-c,kJ,0.0,1.0,,,1.0,lC+Obstruen,,,,,,,,,,,,
ilk-kvna,읽거나,일꺼나,il.gv.na,lk-k,lg,1.0,0.0,,,1.0,lC+Obstruen,,,,,,,,,,,,
ilk-kvna,읽거나,일꺼나,il.gv.na,lk-k,lg,1.0,0.0,,,1.0,lC+Obstruen,,,,,,,,,,,,
ilk-kvna,읽거나,일꺼나,il.gv.na,lk-k,lg,1.0,0.0,,,1.0,lC+Obstruen,,,,,,,,,,,,
ilk-kvna,읽거나,일꺼나,il.gv.na,lk-k,lg,1.0,0.0,,,1.0,lC+Obstruen,,,,,,,,,,,,
ilk-kvna,읽거나,일꺼나,il.gv.na,lk-k,lg,1.0,0.0,,,1.0,lC+Obstruen,,,,,,,,,,,,
ilk-ke,읽게,일께,il.ge,lk-k,lg,1.0,0.0,,,1.0,lC+Obstruen,,,,,,,,,,,,
ilk-ke,읽게,일께,il.ge,lk-k,lg,1.0,0.0,,,1.0,lC+Obstruen,,,,,,,,,,,,
ilk-kegxm,읽게끔,일께끔,il.ge.gxm,lk-k,lg,1.0,0.0,,,1.0,lC+Obstruen,,,,,,,,,,,,
ilk-ko,읽고,일꼬,il.go,lk-k,lg,1.0,0.0,,,1.0,lC+Obstruen,,,,,,,,,,,,
ilk-ko,읽고,일꼬,il.go,lk-k,lg,1.0,0.0,,,1.0,lC+Obstruen,,,,,,,,,,,,
ilk-ko,읽고,일꼬,il.go,lk-k,lg,1.0,0.0,,,1.0,lC+Obstruen,,,,,,,,,,,,
ilk-ko,읽고,일꼬,il.go,lk-k,lg,1.0,0.0,,,1.0,lC+Obstruen,,,,,,,,,,,,
ilk-ko,읽고,일꼬,il.go,lk-k,lg,1.0,0.0,,,1.0,lC+Obstruen,,,,,,,,,,,,
ilk-ko,읽고,일꼬,il.go,lk-k,lg,1.0,0.0,,,1.0,lC+Obstruen,,,,,,,,,,,,
ilk-ko,읽고,일꼬,il.go,lk-k,lg,1.0,0.0,,,1.0,lC+Obstruen,,,,,,,,,,,,
ilk-ko,읽고,일꼬,il.go,lk-k,lg,1.0,0.0,,,1.0,lC+Obstruen,,,,,,,,,,,,
ilk-ko,읽고,일꼬,il.go,lk-k,lg,1.0,0.0,,,1.0,lC+Obstruen,,,,,,,,,,,,
ilk-ko,읽고,일꼬,il.go,lk-k,lg,1.0,0.0,,,1.0,lC+Obstruen,,,,,,,,,,,,
ilk-ko,읽고,일꼬,il.go,lk-k,lg,1.0,0.0,,,1.0,lC+Obstruen,,,,,,,,,,,,
ilk-ko,읽고,일꼬,il.go,lk-k,lg,1.0,0.0,,,1.0,lC+Obstruen,,,,,,,,,,,,
ilk-ko,읽고,일꼬,il.go,lk-k,lg,1.0,0.0,,,1.0,lC+Obstruen,,,,,,,,,,,,
ilk-ko,읽고,일꼬,il.go,lk-k,lg,1.0,0.0,,,1.0,lC+Obstruen,,,,,,,,,,,,
ilk-ko,읽고,일꼬,il.go,lk-k,lg,1.0,0.0,,,1.0,lC+Obstruen,,,,,,,,,,,,
ilk-ko,읽고,일꼬,il.go,lk-k,lg,1.0,0.0,,,1.0,lC+Obstruen,,,,,,,,,,,,
ilk-ko,읽고,일꼬,il.go,lk-k,lg,1.0,0.0,,,1.0,lC+Obstruen,,,,,,,,,,,,
ilk-ko,읽고,일꼬,il.go,lk-k,lg,1.0,0.0,,,1.0,lC+Obstruen,,,,,,,,,,,,
ilk-ko,읽고,일꼬,il.go,lk-k,lg,1.0,0.0,,,1.0,lC+Obstruen,,,,,,,,,,,,
ilk-ko,읽고,일꼬,il.go,lk-k,lg,1.0,0.0,,,1.0,lC+Obstruen,,,,,,,,,,,,
ilk-ko,읽고,일꼬,il.go,lk-k,lg,1.0,0.0,,,1.0,lC+Obstruen,,,,,,,,,,,,
ilk-ko,읽고,일꼬,il.go,lk-k,lg,1.0,0.0,,,1.0,lC+Obstruen,,,,,,,,,,,,
ilk-ko,읽고,일꼬,il.go,lk-k,lg,1.0,0.0,,,1.0,lC+Obstruen,,,,,,,,,,,,
ilk-ko,읽고,일꼬,il.go,lk-k,lg,1.0,0.0,,,1.0,lC+Obstruen,,,,,,,,,,,,
ilk-ko,읽고,일꼬,il.go,lk-k,lg,1.0,0.0,,,1.0,lC+Obstruen,,,,,,,,,,,,
ilk-ko,읽고,일꼬,il.go,lk-k,lg,1.0,0.0,,,1.0,lC+Obstruen,,,,,,,,,,,,
ilk-ko,읽고,일꼬,il.go,lk-k,lg,1.0,0.0,,,1.0,lC+Obstruen,,,,,,,,,,,,
ilk-ko,읽고,일꼬,il.go,lk-k,lg,1.0,0.0,,,1.0,lC+Obstruen,,,,,,,,,,,,
ilk-ko,읽고,일꼬,il.go,lk-k,lg,1.0,0.0,,,1.0,lC+Obstruen,,,,,,,,,,,,
ilk-ko,읽고,일꼬,il.go,lk-k,lg,1.0,0.0,,,1.0,lC+Obstruen,,,,,,,,,,,,
ilk-ko,읽고,일꼬,il.go,lk-k,lg,1.0,0.0,,,1.0,lC+Obstruen,,,,,,,,,,,,
ilk-ko,읽고,일꼬,il.go,lk-k,lg,1.0,0.0,,,1.0,lC+Obstruen,,,,,,,,,,,,
ilk-ko,읽고,일꼬,il.go,lk-k,lg,1.0,0.0,,,1.0,lC+Obstruen,,,,,,,,,,,,
ilk-ko,읽고,일꼬,il.go,lk-k,lg,1.0,0.0,,,1.0,lC+Obstruen,,,,,,,,,,,,
ilk-ko,읽고,일꼬,il.go,lk-k,lg,1.0,0.0,,,1.0,lC+Obstruen,,,,,,,,,,,,
ilk-ko,읽고,일꼬,il.go,lk-k,lg,1.0,0.0,,,1.0,lC+Obstruen,,,,,,,,,,,,
ilk-ko,읽고,일꼬,il.go,lk-k,lg,1.0,0.0,,,1.0,lC+Obstruen,,,,,,,,,,,,
ilk-ko,읽고,일꼬,il.go,lk-k,lg,1.0,0.0,,,1.0,lC+Obstruen,,,,,,,,,,,,
ilk-konxn,읽고는,일꼬는,il.go.nxn,lk-k,lg,1.0,0.0,,,1.0,lC+Obstruen,,,,,,,,,,,,
ilk-koman,읽고만,일꼬만,il.go.man,lk-k,lg,1.0,0.0,,,0.0,lC+Obstruen,,,,,,,,,,,,
ilk-kosv,읽고서,일꼬서,il.go.sv,lk-k,lg,1.0,0.0,,,1.0,lC+Obstruen,,,,,,,,,,,,
ilk-kosv,읽고서,일꼬서,il.go.sv,lk-k,lg,1.0,0.0,,,1.0,lC+Obstruen,,,,,,,,,,,,
ilk-ki,읽기,일끼,il.gi,lk-k,lg,1.0,0.0,,,1.0,lC+Obstruen,,,,,,,,,,,,
ilk-ki,읽기,일끼,il.gi,lk-k,lg,1.0,0.0,,,1.0,lC+Obstruen,,,,,,,,,,,,
ilk-ki,읽기,일끼,il.gi,lk-k,lg,1.0,0.0,,,1.0,lC+Obstruen,,,,,,,,,,,,
ilk-ki,읽기,일끼,il.gi,lk-k,lg,1.0,0.0,,,1.0,lC+Obstruen,,,,,,,,,,,,
ilk-kito,읽기도,일끼도,il.gi.to,lk-k,lg,1.0,0.0,,,1.0,lC+Obstruen,,,,,,,,,,,,
ilk-kilatxnka,읽기라든가,일끼라던가,il.gi.la.tvn.ka,lk-k,lg,1.0,0.0,,,1.0,lC+Obstruen,,,,,,,,,,,,
ilk-ta,읽다,일따,il.da,lk-t,ld,1.0,0.0,,,1.0,lC+Obstruen,,,,,,,,,,,,
ilk-ta,읽다,일따,il.da,lk-t,ld,1.0,0.0,,,1.0,lC+Obstruen,,,,,,,,,,,,
ilk-ta,읽다,일따,il.da,lk-t,ld,1.0,0.0,,,1.0,lC+Obstruen,,,,,,,,,,,,
ilk-taka,읽다가,일따가,il.da.ka,lk-t,ld,1.0,0.0,,,1.0,lC+Obstruen,,,,,,,,,,,,
ilk-tvn,읽던,일떤,il.dvn,lk-t,ld,1.0,0.0,,,1.0,lC+Obstruen,,,,,,,,,,,,
ilk-canha,읽잖아,일짜나,il.Ja.na,lk-c,lJ,1.0,0.0,,,1.0,lC+Obstruen,,,,,,,,,,,,
ilk-canhayo,읽잖아요,일짜나요,il.Ja.na.yo,lk-c,lJ,1.0,0.0,,,1.0,lC+Obstruen,,,,,,,,,,,,
ilk-camaca,읽자마자,일짜마자,il.Ja.ma.ca,lk-c,lJ,1.0,0.0,,,1.0,lC+Obstruen,,,,,,,,,,,,
ilk-ci,읽지,일찌,il.Ji,lk-c,lJ,1.0,0.0,,,1.0,lC+Obstruen,,,,,,,,,,,,
ilk-ko,읽고,일코,il.Ko,lk-k,lK,1.0,0.0,,,0.0,lC+Obstruen,,,,,,,,,,,,
ilk-ko,읽고,일코,il.Ko,lk-k,lK,1.0,0.0,,,0.0,lC+Obstruen,,,,,,,,,,,,
ilk-ki,읽기,일키,il.Ki,lk-k,lK,1.0,0.0,,,0.0,lC+Obstruen,,,,,,,,,,,,
ilk-ko,읽고,읽꼬,ilk.go,lk-k,lkg,0.0,0.0,,,1.0,lC+Obstruen,,,,,,,,,,,,
ilk-ko,읽고,읽꼬,ilk.go,lk-k,lkg,0.0,0.0,,,1.0,lC+Obstruen,,,,,,,,,,,,
ilk-cinxn,읽지는,읽찐,ilk.Jin,lk-c,lkJ,0.0,0.0,,,1.0,lC+Obstruen,,,,,,,,,,,,
cvlm-ta,젊다,젊따,cvlm.da,lm-t,lmd,0.0,0.0,,,1.0,lC+Obstruen,,,,,,,,,,,,
cvlm-ko,젊고,점고,cvm.ko,lm-k,mk,0.0,1.0,,,0.0,lC+Obstruen,,,,,,,,,,,,
cvlm-kvna,젊거나,점꺼나,cvm.gv.na,lm-k,mg,0.0,1.0,,,1.0,lC+Obstruen,,,,,,,,,,,,
cvlm-kvna,젊거나,점꺼나,cvm.gv.na,lm-k,mg,0.0,1.0,,,1.0,lC+Obstruen,,,,,,,,,,,,
cvlm-ke,젊게,점께,cvm.ge,lm-k,mg,0.0,1.0,,,1.0,lC+Obstruen,,,,,,,,,,,,
cvlm-ko,젊고,점꼬,cvm.go,lm-k,mg,0.0,1.0,,,1.0,lC+Obstruen,,,,,,,,,,,,
cvlm-ko,젊고,점꼬,cvm.go,lm-k,mg,0.0,1.0,,,1.0,lC+Obstruen,,,,,,,,,,,,
cvlm-ko,젊고,점꼬,cvm.go,lm-k,mg,0.0,1.0,,,1.0,lC+Obstruen,,,,,,,,,,,,
cvlm-ko,젊고,점꼬,cvm.go,lm-k,mg,0.0,1.0,,,1.0,lC+Obstruen,,,,,,,,,,,,
cvlm-ko,젊고,점꼬,cvm.go,lm-k,mg,0.0,1.0,,,1.0,lC+Obstruen,,,,,,,,,,,,
cvlm-ko,젊고,점꼬,cvm.go,lm-k,mg,0.0,1.0,,,1.0,lC+Obstruen,,,,,,,,,,,,
cvlm-ko,젊고,점꼬,cvm.go,lm-k,mg,0.0,1.0,,,1.0,lC+Obstruen,,,,,,,,,,,,
cvlm-ko,젊고,점꼬,cvm.go,lm-k,mg,0.0,1.0,,,1.0,lC+Obstruen,,,,,,,,,,,,
cvlm-ko,젊고,점꼬,cvm.go,lm-k,mg,0.0,1.0,,,1.0,lC+Obstruen,,,,,,,,,,,,
cvlm-ko,젊고,점꼬,cvm.go,lm-k,mg,0.0,1.0,,,1.0,lC+Obstruen,,,,,,,,,,,,
cvlm-ko,젊고,점꼬,cvm.go,lm-k,mg,0.0,1.0,,,1.0,lC+Obstruen,,,,,,,,,,,,
cvlm-ko,젊고,점꼬,cvm.go,lm-k,mg,0.0,1.0,,,1.0,lC+Obstruen,,,,,,,,,,,,
cvlm-ko,젊고,점꼬,cvm.go,lm-k,mg,0.0,1.0,,,1.0,lC+Obstruen,,,,,,,,,,,,
cvlm-ko,젊고,점꾸,cvm.gu,lm-k,mg,0.0,1.0,,,1.0,lC+Obstruen,,,,,,,,,,,,
cvlm-kito,젊기도,점끼도,cvm.gi.to,lm-k,mg,0.0,1.0,,,1.0,lC+Obstruen,,,,,,,,,,,,
cvlm-tako,젊다고,점다고,cvm.ta.ko,lm-t,mt,0.0,1.0,,,0.0,lC+Obstruen,,,,,,,,,,,,
cvlm-ta,젊다,점따,cvm.da,lm-t,md,0.0,1.0,,,1.0,lC+Obstruen,,,,,,,,,,,,
cvlm-ta,젊다,점따,cvm.da,lm-t,md,0.0,1.0,,,1.0,lC+Obstruen,,,,,,,,,,,,
cvlm-tako,젊다고,점따고,cvm.da.ko,lm-t,md,0.0,1.0,,,1.0,lC+Obstruen,,,,,,,,,,,,
cvlm-tako,젊다고,점따고,cvm.da.ko,lm-t,md,0.0,1.0,,,1.0,lC+Obstruen,,,,,,,,,,,,
cvlm-tako,젊다고,점따고,cvm.da.ko,lm-t,md,0.0,1.0,,,1.0,lC+Obstruen,,,,,,,,,,,,
cvlm-tako,젊다고,점따고,cvm.da.ko,lm-t,md,0.0,1.0,,,1.0,lC+Obstruen,,,,,,,,,,,,
cvlm-tako,젊다고,점따고,cvm.da.ko,lm-t,md,0.0,1.0,,,1.0,lC+Obstruen,,,,,,,,,,,,
cvlm-tako,젊다고,점따고,cvm.da.ko,lm-t,md,0.0,1.0,,,1.0,lC+Obstruen,,,,,,,,,,,,
cvlm-talako,젊다라고,점따라고,cvm.da.la.ko,lm-t,md,0.0,1.0,,,1.0,lC+Obstruen,,,,,,,,,,,,
cvlm-txn,젊든,점뜬,cvm.dxn,lm-t,md,0.0,1.0,,,1.0,lC+Obstruen,,,,,,,,,,,,
cvlm-sxpnita,젊습니다,점씀니다,cvm.Sxm.ni.ta,lm-s,mS,0.0,1.0,,,1.0,lC+Obstruen,,,,,,,,,,,,
cvlm-cito,젊지도,점지도,cvm.ci.to,lm-c,mc,0.0,1.0,,,0.0,lC+Obstruen,,,,,,,,,,,,
cvlm-canha,젊잖아,점짜나,cvm.Ja.na,lm-c,mJ,0.0,1.0,,,1.0,lC+Obstruen,,,,,,,,,,,,
cvlm-ci,젊지,점찌,cvm.Ji,lm-c,mJ,0.0,1.0,,,1.0,lC+Obstruen,,,,,,,,,,,,
cvlm-cimanyo,젊지만요,점찌만요,cvm.Ji.man.yo,lm-c,mJ,0.0,1.0,,,1.0,lC+Obstruen,,,,,,,,,,,,
cilxpalp-ko,지르밟고,지러발꼬,ci.lv.pal.go,lp-k,lg,1.0,0.0,,,1.0,lC+Obstruen,,,,,,,,,,,,
cispalp-ke,짓밟게,짓발께,cis.pal.ge,lp-k,lg,1.0,0.0,,,1.0,lC+Obstruen,,,,,,,,,,,,
cispalp-ci,짓밟지,짓빨찌,cis.bal.Ji,lp-c,lJ,1.0,0.0,,,1.0,lC+Obstruen,,,,,,,,,,,,
Jalp-ke,짧게,짝께,Jak.ge,lp-k,kg,0.0,1.0,,,1.0,lC+Obstruen,,,,,,,,,,,,
Jalp-ko,짧고,짤고,Jal.ko,lp-k,lk,1.0,0.0,,,0.0,lC+Obstruen,,,,,,,,,,,,
Jalp-ke,짧게,짤께,Jal.ge,lp-k,lg,1.0,0.0,,,1.0,lC+Obstruen,,,,,,,,,,,,
Jalp-ke,짧게,짤께,Jal.ge,lp-k,lg,1.0,0.0,,,1.0,lC+Obstruen,,,,,,,,,,,,
Jalp-ke,짧게,짤께,Jal.ge,lp-k,lg,1.0,0.0,,,1.0,lC+Obstruen,,,,,,,,,,,,
Jalp-ke,짧게,짤께,Jal.ge,lp-k,lg,1.0,0.0,,,1.0,lC+Obstruen,,,,,,,,,,,,
Jalp-ke,짧게,짤께,Jal.ge,lp-k,lg,1.0,0.0,,,1.0,lC+Obstruen,,,,,,,,,,,,
Jalp-ke,짧게,짤께,Jal.ge,lp-k,lg,1.0,0.0,,,1.0,lC+Obstruen,,,,,,,,,,,,
Jalp-ke,짧게,짤께,Jal.ge,lp-k,lg,1.0,0.0,,,1.0,lC+Obstruen,,,,,,,,,,,,
Jalp-ke,짧게,짤께,Jal.ge,lp-k,lg,1.0,0.0,,,1.0,lC+Obstruen,,,,,,,,,,,,
Jalp-ke,짧게,짤께,Jal.ge,lp-k,lg,1.0,0.0,,,1.0,lC+Obstruen,,,,,,,,,,,,
Jalp-ke,짧게,짤께,Jal.ge,lp-k,lg,1.0,0.0,,,1.0,lC+Obstruen,,,,,,,,,,,,
Jalp-ke,짧게,짤께,Jal.ge,lp-k,lg,1.0,0.0,,,1.0,lC+Obstruen,,,,,,,,,,,,
Jalp-ke,짧게,짤께,Jal.ge,lp-k,lg,1.0,0.0,,,1.0,lC+Obstruen,,,,,,,,,,,,
Jalp-ke,짧게,짤께,Jal.ge,lp-k,lg,1.0,0.0,,,1.0,lC+Obstruen,,,,,,,,,,,,
Jalp-ke,짧게,짤께,Jal.ge,lp-k,lg,1.0,0.0,,,1.0,lC+Obstruen,,,,,,,,,,,,
Jalp-ke,짧게,짤께,Jal.ge,lp-k,lg,1.0,0.0,,,1.0,lC+Obstruen,,,,,,,,,,,,
Jalp-ke,짧게,짤께,Jal.ge,lp-k,lg,1.0,0.0,,,1.0,lC+Obstruen,,,,,,,,,,,,
Jalp-ke,짧게,짤께,Jal.ge,lp-k,lg,1.0,0.0,,,1.0,lC+Obstruen,,,,,,,,,,,,
Jalp-ke,짧게,짤께,Jal.ge,lp-k,lg,1.0,0.0,,,1.0,lC+Obstruen,,,,,,,,,,,,
Jalp-ke,짧게,짤께,Jal.ge,lp-k,lg,1.0,0.0,,,1.0,lC+Obstruen,,,,,,,,,,,,
Jalp-ke,짧게,짤께,Jal.ge,lp-k,lg,1.0,0.0,,,1.0,lC+Obstruen,,,,,,,,,,,,
Jalp-ke,짧게,짤께,Jal.ge,lp-k,lg,1.0,0.0,,,1.0,lC+Obstruen,,,,,,,,,,,,
Jalp-ke,짧게,짤께,Jal.ge,lp-k,lg,1.0,0.0,,,1.0,lC+Obstruen,,,,,,,,,,,,
Jalp-ke,짧게,짤께,Jal.ge,lp-k,lg,1.0,0.0,,,1.0,lC+Obstruen,,,,,,,,,,,,
Jalp-ke,짧게,짤께,Jal.ge,lp-k,lg,1.0,0.0,,,1.0,lC+Obstruen,,,,,,,,,,,,
Jalp-ke,짧게,짤께,Jal.ge,lp-k,lg,1.0,0.0,,,1.0,lC+Obstruen,,,,,,,,,,,,
Jalp-ke,짧게,짤께,Jal.ge,lp-k,lg,1.0,0.0,,,1.0,lC+Obstruen,,,,,,,,,,,,
Jalp-ke,짧게,짤께,Jal.ge,lp-k,lg,1.0,0.0,,,1.0,lC+Obstruen,,,,,,,,,,,,
Jalp-ke,짧게,짤께,Jal.ge,lp-k,lg,1.0,0.0,,,1.0,lC+Obstruen,,,,,,,,,,,,
Jalp-ke,짧게,짤께,Jal.ge,lp-k,lg,1.0,0.0,,,1.0,lC+Obstruen,,,,,,,,,,,,
Jalp-ke,짧게,짤께,Jal.ge,lp-k,lg,1.0,0.0,,,1.0,lC+Obstruen,,,,,,,,,,,,
Jalp-ke,짧게,짤께,Jal.ge,lp-k,lg,1.0,0.0,,,1.0,lC+Obstruen,,,,,,,,,,,,
Jalp-ke,짧게,짤께,Jal.ge,lp-k,lg,1.0,0.0,,,1.0,lC+Obstruen,,,,,,,,,,,,
Jalp-ke,짧게,짤께,Jal.ge,lp-k,lg,1.0,0.0,,,1.0,lC+Obstruen,,,,,,,,,,,,
Jalp-ke,짧게,짤께,Jal.ge,lp-k,lg,1.0,0.0,,,1.0,lC+Obstruen,,,,,,,,,,,,
Jalp-ke,짧게,짤께,Jal.ge,lp-k,lg,1.0,0.0,,,1.0,lC+Obstruen,,,,,,,,,,,,
Jalp-ke,짧게,짤께,Jal.ge,lp-k,lg,1.0,0.0,,,1.0,lC+Obstruen,,,,,,,,,,,,
Jalp-ke,짧게,짤께,Jal.ge,lp-k,lg,1.0,0.0,,,1.0,lC+Obstruen,,,,,,,,,,,,
Jalp-ke,짧게,짤께,Jal.ge,lp-k,lg,1.0,0.0,,,1.0,lC+Obstruen,,,,,,,,,,,,
Jalp-ke,짧게,짤께,Jal.ge,lp-k,lg,1.0,0.0,,,1.0,lC+Obstruen,,,,,,,,,,,,
Jalp-ke,짧게,짤께,Jal.ge,lp-k,lg,1.0,0.0,,,1.0,lC+Obstruen,,,,,,,,,,,,
Jalp-ke,짧게,짤께,Jal.ge,lp-k,lg,1.0,0.0,,,1.0,lC+Obstruen,,,,,,,,,,,,
Jalp-ke,짧게,짤께,Jal.ge,lp-k,lg,1.0,0.0,,,1.0,lC+Obstruen,,,,,,,,,,,,
Jalp-ke,짧게,짤께,Jal.ge,lp-k,lg,1.0,0.0,,,1.0,lC+Obstruen,,,,,,,,,,,,
Jalp-ke,짧게,짤께,Jal.ge,lp-k,lg,1.0,0.0,,,1.0,lC+Obstruen,,,,,,,,,,,,
Jalp-ke,짧게,짤께,Jal.ge,lp-k,lg,1.0,0.0,,,1.0,lC+Obstruen,,,,,,,,,,,,
Jalp-ke,짧게,짤께,Jal.ge,lp-k,lg,1.0,0.0,,,1.0,lC+Obstruen,,,,,,,,,,,,
Jalp-ke,짧게,짤께,Jal.ge,lp-k,lg,1.0,0.0,,,1.0,lC+Obstruen,,,,,,,,,,,,
Jalp-ke,짧게,짤께,Jal.ge,lp-k,lg,1.0,0.0,,,1.0,lC+Obstruen,,,,,,,,,,,,
Jalp-ke,짧게,짤께,Jal.ge,lp-k,lg,1.0,0.0,,,1.0,lC+Obstruen,,,,,,,,,,,,
Jalp-ke,짧게,짤께,Jal.ge,lp-k,lg,1.0,0.0,,,1.0,lC+Obstruen,,,,,,,,,,,,
Jalp-ke,짧게,짤께,Jal.ge,lp-k,lg,1.0,0.0,,,1.0,lC+Obstruen,,,,,,,,,,,,
Jalp-ke,짧게,짤께,Jal.ge,lp-k,lg,1.0,0.0,,,1.0,lC+Obstruen,,,,,,,,,,,,
Jalp-ke,짧게,짤께,Jal.ge,lp-k,lg,1.0,0.0,,,1.0,lC+Obstruen,,,,,,,,,,,,
Jalp-ke,짧게,짤께,Jal.ge,lp-k,lg,1.0,0.0,,,1.0,lC+Obstruen,,,,,,,,,,,,
Jalp-ke,짧게,짤께,Jal.ge,lp-k,lg,1.0,0.0,,,1.0,lC+Obstruen,,,,,,,,,,,,
Jalp-kelakipota,짧게라기보다,짤께,Jal.ge,lp-k,lg,1.0,0.0,,,1.0,lC+Obstruen,,,,,,,,,,,,
Jalp-ke,짧게,짤께,Jal.ge,lp-k,lg,1.0,0.0,,,1.0,lC+Obstruen,,,,,,,,,,,,
Jalp-ko,짧고,짤께,Jal.ge,lp-k,lg,1.0,0.0,,,1.0,lC+Obstruen,,,,,,,,,,,,
Jalp-ke,짧게,짤께,Jal.ge,lp-k,lg,1.0,0.0,,,1.0,lC+Obstruen,,,,,,,,,,,,
Jalp-ke,짧게,짤께,Jal.ge,lp-k,lg,1.0,0.0,,,1.0,lC+Obstruen,,,,,,,,,,,,
Jalp-ke,짧게,짤께,Jal.ge,lp-k,lg,1.0,0.0,,,1.0,lC+Obstruen,,,,,,,,,,,,
Jalp-ke,짧게,짤께,Jal.ge,lp-k,lg,1.0,0.0,,,1.0,lC+Obstruen,,,,,,,,,,,,
Jalp-ke,짧게,짤께,Jal.ge,lp-k,lg,1.0,0.0,,,1.0,lC+Obstruen,,,,,,,,,,,,
Jalp-ke,짧게,짤께,Jal.ge,lp-k,lg,1.0,0.0,,,1.0,lC+Obstruen,,,,,,,,,,,,
Jalp-kenama,짧게나마,짤께나마,Jal.ge.na.ma,lp-k,lg,1.0,0.0,,,1.0,lC+Obstruen,,,,,,,,,,,,
Jalp-kenama,짧게나마,짤께나마,Jal.ge.na.ma,lp-k,lg,1.0,0.0,,,1.0,lC+Obstruen,,,,,,,,,,,,
Jalp-kenama,짧게나마,짤께나마,Jal.ge.na.ma,lp-k,lg,1.0,0.0,,,1.0,lC+Obstruen,,,,,,,,,,,,
Jalp-kenxn,짧게는,짤께는,Jal.ge.nxn,lp-k,lg,1.0,0.0,,,1.0,lC+Obstruen,,,,,,,,,,,,
Jalp-kenxn,짧게는,짤께는,Jal.ge.nxn,lp-k,lg,1.0,0.0,,,1.0,lC+Obstruen,,,,,,,,,,,,
Jalp-keto,짧게도,짤께도,Jal.ge.to,lp-k,lg,1.0,0.0,,,1.0,lC+Obstruen,,,,,,,,,,,,
Jalp-kelato,짧게라도,짤께라도,Jal.ge.la.to,lp-k,lg,1.0,0.0,,,1.0,lC+Obstruen,,,,,,,,,,,,
Jalp-ko,짧고,짤꼬,Jal.go,lp-k,lg,1.0,0.0,,,1.0,lC+Obstruen,,,,,,,,,,,,
Jalp-ko,짧고,짤꼬,Jal.go,lp-k,lg,1.0,0.0,,,1.0,lC+Obstruen,,,,,,,,,,,,
Jalp-ko,짧고,짤꼬,Jal.go,lp-k,lg,1.0,0.0,,,1.0,lC+Obstruen,,,,,,,,,,,,
Jalp-ko,짧고,짤꼬,Jal.go,lp-k,lg,1.0,0.0,,,1.0,lC+Obstruen,,,,,,,,,,,,
Jalp-ko,짧고,짤꼬,Jal.go,lp-k,lg,1.0,0.0,,,1.0,lC+Obstruen,,,,,,,,,,,,
Jalp-ko,짧고,짤꼬,Jal.go,lp-k,lg,1.0,0.0,,,1.0,lC+Obstruen,,,,,,,,,,,,
Jalp-ko,짧고,짤꼬,Jal.go,lp-k,lg,1.0,0.0,,,1.0,lC+Obstruen,,,,,,,,,,,,
Jalp-ko,짧고,짤꼬,Jal.go,lp-k,lg,1.0,0.0,,,1.0,lC+Obstruen,,,,,,,,,,,,
Jalp-ko,짧고,짤꼬,Jal.go,lp-k,lg,1.0,0.0,,,1.0,lC+Obstruen,,,,,,,,,,,,
Jalp-ko,짧고,짤꼬,Jal.go,lp-k,lg,1.0,0.0,,,1.0,lC+Obstruen,,,,,,,,,,,,
Jalp-ko,짧고,짤꼬,Jal.go,lp-k,lg,1.0,0.0,,,1.0,lC+Obstruen,,,,,,,,,,,,
Jalp-ki,짧기,짤끼,Jal.gi,lp-k,lg,1.0,0.0,,,1.0,lC+Obstruen,,,,,,,,,,,,
Jalp-kito,짧기도,짤끼도,Jal.gi.to,lp-k,lg,1.0,0.0,,,1.0,lC+Obstruen,,,,,,,,,,,,
Jalp-kin,짧긴,짤낀,Jal.gin,lp-k,lg,1.0,0.0,,,1.0,lC+Obstruen,,,,,,,,,,,,
Jalp-ta,짧다,짤따,Jal.da,lp-t,ld,1.0,0.0,,,1.0,lC+Obstruen,,,,,,,,,,,,
Jalp-ta,짧다,짤따,Jal.da,lp-t,ld,1.0,0.0,,,1.0,lC+Obstruen,,,,,,,,,,,,
Jalp-takvna,짧다거나,짤따거나,Jal.da.kv.na,lp-t,ld,1.0,0.0,,,1.0,lC+Obstruen,,,,,,,,,,,,
Jalp-tako,짧다고,짤따고,Jal.da.ko,lp-t,ld,1.0,0.0,,,1.0,lC+Obstruen,,,,,,,,,,,,
Jalp-tako,짧다고,짤따고,Jal.da.ko,lp-t,ld,1.0,0.0,,,1.0,lC+Obstruen,,,,,,,,,,,,
Jalp-tako,짧다고,짤따고,Jal.da.ko,lp-t,ld,1.0,0.0,,,1.0,lC+Obstruen,,,,,,,,,,,,
Jalp-tako,짧다고,짤따고,Jal.da.ko,lp-t,ld,1.0,0.0,,,1.0,lC+Obstruen,,,,,,,,,,,,
Jalp-tanxn,짧다는,짤따는,Jal.da.nxn,lp-t,ld,1.0,0.0,,,1.0,lC+Obstruen,,,,,,,,,,,,
Jalp-tamyvn,짧다면,짤따면,Jal.da.myvn,lp-t,ld,1.0,0.0,,,1.0,lC+Obstruen,,,,,,,,,,,,
Jalp-txn,짧든,짤뜬,Jal.dxn,lp-t,ld,1.0,0.0,,,1.0,lC+Obstruen,,,,,,,,,,,,
Jalp-canha,짧잖아,짤짜나,Jal.Ja.na,lp-c,lJ,1.0,0.0,,,1.0,lC+Obstruen,,,,,,,,,,,,
Jalp-canhayo,짧잖아요,짤짜나요,Jal.Ja.na.yo,lp-c,lJ,1.0,0.0,,,1.0,lC+Obstruen,,,,,,,,,,,,
Jalp-ci,짧지,짤찌,Jal.Ji,lp-t,ld,1.0,0.0,,,1.0,lC+Obstruen,,,,,,,,,,,,
Jalp-ciman,짧지만,짤찌만,Jal.Ji.man,lp-c,lJ,1.0,0.0,,,1.0,lC+Obstruen,,,,,,,,,,,,
Jalp-cimanxn,짧지만은,짤찌마는,Jal.Ji.ma.nxn,lp-t,ld,1.0,0.0,,,1.0,lC+Obstruen,,,,,,,,,,,,
Jalp-ciman,짧지만,짤찌만,Jal.Ji.man,lp-c,lJ,1.0,0.0,,,1.0,lC+Obstruen,,,,,,,,,,,,
Jalp-ciman,짧지만,짤찌만,Jal.Ji.man,lp-c,lJ,1.0,0.0,,,1.0,lC+Obstruen,,,,,,,,,,,,
Jalp-ke,짧게,짧게,Jalp.ke,lp-k,lpk,0.0,0.0,,,0.0,lC+Obstruen,,,,,,,,,,,,
Jalp-ke,짧게,짧께,Jalp.ge,lp-k,lpg,0.0,0.0,,,1.0,lC+Obstruen,,,,,,,,,,,,
Jalp-ke,짧게,짧께,Jalp.ge,lp-k,lpg,0.0,0.0,,,1.0,lC+Obstruen,,,,,,,,,,,,
Jalp-ke,짧게,짧께,Jalp.ge,lp-k,lpg,0.0,0.0,,,1.0,lC+Obstruen,,,,,,,,,,,,
Jalp-ke,짧게,짧께,Jalp.ge,lp-k,lpg,0.0,0.0,,,1.0,lC+Obstruen,,,,,,,,,,,,
Jalp-ke,짧게,짧께,Jalp.ge,lp-k,lpg,0.0,0.0,,,1.0,lC+Obstruen,,,,,,,,,,,,
Jalp-ke,짧게,짧께,Jalp.ge,lp-k,lpg,0.0,0.0,,,1.0,lC+Obstruen,,,,,,,,,,,,
Jalp-ke,짧게,짧께,Jalp.ge,lp-k,lpg,0.0,0.0,,,1.0,lC+Obstruen,,,,,,,,,,,,
Jalp-ke,짧게,짧께,Jalp.ge,lp-k,lpg,0.0,0.0,,,1.0,lC+Obstruen,,,,,,,,,,,,
Jalp-ke,짧게,짧께,Jalp.ge,lp-k,lpg,0.0,0.0,,,1.0,lC+Obstruen,,,,,,,,,,,,
Jalp-ke,짧게,짧께,Jalp.ge,lp-k,lpg,0.0,0.0,,,1.0,lC+Obstruen,,,,,,,,,,,,
Jalp-ke,짧게,짧께,Jalp.ge,lp-k,lpg,0.0,0.0,,,1.0,lC+Obstruen,,,,,,,,,,,,
Jalp-ke,짧게,짧께,Jalp.ge,lp-k,lpg,0.0,0.0,,,1.0,lC+Obstruen,,,,,,,,,,,,
Jalp-ke,짧게,짧께,Jalp.ge,lp-k,lpg,0.0,0.0,,,1.0,lC+Obstruen,,,,,,,,,,,,
Jalp-ke,짧게,짧께,Jalp.ge,lp-k,lpg,0.0,0.0,,,1.0,lC+Obstruen,,,,,,,,,,,,
Jalp-ke,짧게,짧께,Jalp.ge,lp-k,lpg,0.0,0.0,,,1.0,lC+Obstruen,,,,,,,,,,,,
Jalp-ke,짧게,짧께,Jalp.ge,lp-k,lpg,0.0,0.0,,,1.0,lC+Obstruen,,,,,,,,,,,,
Jalp-ke,짧게,짧께,Jalp.ge,lp-k,lpg,0.0,0.0,,,1.0,lC+Obstruen,,,,,,,,,,,,
Jalp-kenxn,짧게는,짧께는,Jalp.ge.nxn,lp-k,lpg,0.0,0.0,,,1.0,lC+Obstruen,,,,,,,,,,,,
Jalp-kenxn,짧게는,짧께는,Jalp.ge.nxn,lp-k,lpg,0.0,0.0,,,1.0,lC+Obstruen,,,,,,,,,,,,
Jalp-kenxn,짧게는,짧께는,Jalp.ge.nxn,lp-k,lpg,0.0,0.0,,,1.0,lC+Obstruen,,,,,,,,,,,,
Jalp-ko,짧고,짧꼬,Jalp.go,lp-k,lpg,0.0,0.0,,,1.0,lC+Obstruen,,,,,,,,,,,,
Jalp-ko,짧고,짧꼬,Jalp.go,lp-k,lpg,0.0,0.0,,,1.0,lC+Obstruen,,,,,,,,,,,,
Jalp-ko,짧고,짧꼬,Jalp.go,lp-k,lpg,0.0,0.0,,,1.0,lC+Obstruen,,,,,,,,,,,,
Jalp-tamyvn,짧다면,짧따면,Jalp.da.myvn,lp-t,lpd,0.0,0.0,,,1.0,lC+Obstruen,,,,,,,,,,,,
Jalp-canha,짧잖아,짧짜나,Jalp.Ja.na,lp-c,lpJ,0.0,0.0,,,1.0,lC+Obstruen,,,,,,,,,,,,
Jalp-cin,짧진,짧찐,Jalp.Jin,lp-c,lpJ,0.0,0.0,,,1.0,lC+Obstruen,,,,,,,,,,,,
Jalp-ke,짧게,짭께,Jap.ge,lp-k,pg,0.0,1.0,,,1.0,lC+Obstruen,,,,,,,,,,,,
Jalp-ke,짧게,짭께,Jap.ge,lp-k,pg,0.0,1.0,,,1.0,lC+Obstruen,,,,,,,,,,,,
Jalp-ke,짧게,짭께,Jap.ge,lp-k,pg,0.0,1.0,,,1.0,lC+Obstruen,,,,,,,,,,,,
Jalp-ke,짧게,짭께,Jap.ge,lp-k,pg,0.0,1.0,,,1.0,lC+Obstruen,,,,,,,,,,,,
Jalp-kenama,짧게나마,짭께나마,Jap.ge.na.ma,lp-k,pg,0.0,1.0,,,1.0,lC+Obstruen,,,,,,,,,,,,
Jalp-ko,짧고,짭꼬,Jap.go,lp-k,pg,0.0,1.0,,,1.0,lC+Obstruen,,,,,,,,,,,,
Jalp-ko,짧고,짭꼬,Jap.go,lp-k,pg,0.0,1.0,,,1.0,lC+Obstruen,,,,,,,,,,,,
Jalp-kito,짧기도,짭끼도,Jap.gi.to,lp-k,pg,0.0,1.0,,,1.0,lC+Obstruen,,,,,,,,,,,,
Jalp-cito,짧지도,짭찌도,Jap.Ji.to,lp-c,pJ,0.0,1.0,,,1.0,lC+Obstruen,,,,,,,,,,,,
Poknvlp-ke,폭넓게,폭널께,Pok.nvl.ge,lp-k,lg,1.0,0.0,,,1.0,lC+Obstruen,,,,,,,,,,,,
Poknvlp-ke,폭넓게,폭널께,Pok.nvl.ge,lp-k,lg,1.0,0.0,,,1.0,lC+Obstruen,,,,,,,,,,,,
Poknvlp-ke,폭넓게,폭널께,Pok.nvl.ge,lp-k,lg,1.0,0.0,,,1.0,lC+Obstruen,,,,,,,,,,,,
Poknvlp-ke,폭넓게,폭널께,Pok.nvl.ge,lp-k,lg,1.0,0.0,,,1.0,lC+Obstruen,,,,,,,,,,,,
Poknvlp-ke,폭넓게,폭널께,Pok.nvl.ge,lp-k,lg,1.0,0.0,,,1.0,lC+Obstruen,,,,,,,,,,,,
Poknvlp-ke,폭넓게,폭널께,Pok.nvl.ge,lp-k,lg,1.0,0.0,,,1.0,lC+Obstruen,,,,,,,,,,,,
Poknvlp-ke,폭넓게,폭넓께,Pok.nvlp.ge,lp-k,lpg,0.0,0.0,,,1.0,lC+Obstruen,,,,,,,,,,,,
halT-ke,핥게,할께,hal.ge,lT-k,lg,1.0,0.0,,,1.0,lC+Obstruen,,,,,,,,,,,,
halT-ko,핥고,할꼬,hal.go,lT-k,lg,1.0,0.0,,,1.0,lC+Obstruen,,,,,,,,,,,,
halT-ko,핥고,할꼬,hal.go,lT-k,lg,1.0,0.0,,,1.0,lC+Obstruen,,,,,,,,,,,,
hemalk-tvn,해맑던,해말떤,he.mal.dvn,lk-t,ld,1.0,0.0,,,1.0,lC+Obstruen,,,,,,,,,,,,
hemalk-tako,해맑다고,해맑따고,he.malk.da.ko,lk-t,lkd,0.0,0.0,,,1.0,lC+Obstruen,,,,,,,,,,,,
hulT-ko,훑고,훌코,hul.Ko,lT-k,lK,1.0,0.0,,,0.0,lC+Obstruen,,,,,,,,,,,,
talm-ko,닮고,담꼬,tam.go,lm-k,mg,0.0,1.0,,,1.0,lC+Obstruen,,,,,,,,,,,,
palk-ko,밝고,밝꼬,palk.go,lk-k,lkg,0.0,0.0,,,1.0,lC+Obstruen,,,,,,,,,,,,
Jalp-ta,짧다,짧따,Jalp.da,lp-t,lpd,0.0,0.0,,,1.0,lC+Obstruen,,,,,,,,,,,,
Jalp-talanxn,짧다라는,짤떠라는,Jal.dv.la.nxn,lp-t,ld,1.0,0.0,,,1.0,lC+Obstruen,,,,,,,,,,,,
kvThalT-kisikxlo,겉핥기식으로,거탈끼시그로,kv.Tal.gi.si.kx.lo,lT-k,lg,1.0,0.0,,,1.0,lC+Obstruen,,,,,,,,,,,,
kvThalT-kisikxlo,겉핥기식으로,거탈끼시그로,kv.Tal.gi.si.kx.lo,lT-k,lg,1.0,0.0,,,1.0,lC+Obstruen,,,,,,,,,,,,
Jalp-ke,짧게,짧께,Jalp.ge,lp-k,lpg,0.0,0.0,,,1.0,lC+Obstruen,,,,,,,,,,,,
kvThalT-kilo,겉핥기로,걷탈끼로,kvt.Tal.gi.lo,lT-k,lg,1.0,0.0,,,1.0,lC+Obstruen,,,,,,,,,,,,
talm-ko,닮고,담꼬,tam.go,lm-k,mg,0.0,1.0,,,1.0,lC+Obstruen,,,,,,,,,,,,
Jalp-tvlakoyo,짧더라고요,짤떠라고요,Jal.dv.la.ko.yo,lp-t,ld,1.0,0.0,,,1.0,lC+Obstruen,,,,,,,,,,,,
kvThalT-kisikxlo,겉핥기식으로,걷탈기시그로,kvt.Tal.ki.si.kx.lo,lT-k,lk,1.0,0.0,,,0.0,lC+Obstruen,,,,,,,,,,,,
kulm-ko,굶고,굶꼬,kulm.go,lm-k,lmg,0.0,0.0,,,1.0,lC+Obstruen,,,,,,,,,,,,
kvThalT-kisikxlo,겉핥기식으로,거탈기시그로,kv.Tal.ki.si.kx.lo,lT-k,lk,1.0,0.0,,,0.0,lC+Obstruen,,,,,,,,,,,,
kvThalT-kisikxlo,겉핥기식으로,거탈끼시그로,kv.Tal.gi.si.kx.lo,lT-k,lg,1.0,0.0,,,1.0,lC+Obstruen,,,,,,,,,,,,
ilk-ko,읽고,일꼬,il.go,lk-k,lg,1.0,0.0,,,1.0,lC+Obstruen,,,,,,,,,,,,
palk-ko,밝고,밝꼬,palk.go,lk-k,lkg,0.0,0.0,,,1.0,lC+Obstruen,,,,,,,,,,,,
yalp-ke,얇게,얄께,yal.ge,lp-k,lg,1.0,0.0,,,1.0,lC+Obstruen,,,,,,,,,,,,
kxlk-canha,긁잖아,글자나,kxl.ca.na,lk-c,lc,1.0,0.0,,,0.0,lC+Obstruen,,,,,,,,,,,,
kxlk-canha,긁잖아,긁짜나,kxlk.Ja.na,lk-c,lkJ,0.0,0.0,,,1.0,lC+Obstruen,,,,,,,,,,,,
malk-tvlakoyo,맑더라고요,막떠라고요,mak.dv.la.ko.yo,lk-t,kd,0.0,1.0,,,1.0,lC+Obstruen,,,,,,,,,,,,
nvlp-ko,넓고,넑꼬,nvlk.go,lp-k,lkg,0.0,0.0,,,1.0,lC+Obstruen,,,,,,,,,,,,
palp-ko,밟고,박꼬,pak.go,lp-k,kg,0.0,1.0,,,1.0,lC+Obstruen,,,,,,,,,,,,
nvlp-tan,넓단,넓딴,nvlp.dan,lp-t,lpd,0.0,0.0,,,1.0,lC+Obstruen,,,,,,,,,,,,
kulm-ko,굶고,굶꼬,kulm.go,lm-k,lmg,0.0,0.0,,,1.0,lC+Obstruen,,,,,,,,,,,,
palp-ko,밟고,밟꼬,palp.go,lp-k,lpg,0.0,0.0,,,1.0,lC+Obstruen,,,,,,,,,,,,
nvlp-kito,넓기도,넑끼도,nvlk.gi.to,lk-g,lkg,0.0,0.0,,,1.0,lC+Obstruen,,,,,,,,,,,,
palk-ko,밝고,밝꼬,palk.go,lk-k,lkg,0.0,0.0,,,1.0,lC+Obstruen,,,,,,,,,,,,
palk-tvla,밝더라,발떠라,pal.dv.la,lk-t,ld,1.0,0.0,,,1.0,lC+Obstruen,,,,,,,,,,,,
nvlp-ko,넓고,넓꼬,nvlp.go,lp-k,lpg,0.0,0.0,,,1.0,lC+Obstruen,,,,,,,,,,,,
kulk-ko,굵고,굵꼬,kulk.go,lk-k,lkg,0.0,0.0,,,1.0,lC+Obstruen,,,,,,,,,,,,
kulk-ko,굵고,굵꼬,kulk.go,lk-k,lkg,0.0,0.0,,,1.0,lC+Obstruen,,,,,,,,,,,,
kulk-cikkulkcikhake,굵직굵직하게,굵찍굵찍카게,kulk.Jik.kulk.Jik.Ka.ke,lk-c,lkJ,0.0,0.0,,,1.0,lC+Obstruen,,,,,,,,,,,,
kulm-ko,굶고,굼꼬,kum.go,lm-k,mg,0.0,1.0,,,1.0,lC+Obstruen,,,,,,,,,,,,
kulm-ko,굶고,굼꾸,kum.gu,lm-k,mg,0.0,1.0,,,1.0,lC+Obstruen,,,,,,,,,,,,
kulm-ko,굶고,굼꾸,kum.gu,lm-k,mg,0.0,1.0,,,1.0,lC+Obstruen,,,,,,,,,,,,
kulm-ko,굶고,굼꼬,kum.go,lm-k,mg,0.0,1.0,,,1.0,lC+Obstruen,,,,,,,,,,,,
kulm-konxn,굶고는,굼꾸는,kum.gu.nxn,lm-k,mg,0.0,1.0,,,1.0,lC+Obstruen,,,,,,,,,,,,
kulm-txnci,굶든지,굼뜬지,kum.dxn.ci,lm-t,md,0.0,1.0,,,1.0,lC+Obstruen,,,,,,,,,,,,
kulm-ci,굶지,굼찌,kum.Ji,lm-c,mJ,0.0,1.0,,,1.0,lC+Obstruen,,,,,,,,,,,,
Jalp-ke,짧게,짧께,Jalp.ge,lp-k,lpg,0.0,0.0,,,1.0,lC+Obstruen,,,,,,,,,,,,
Jalp-ke,짧게,짥께,Jalk.ge,lp-k,lkg,0.0,0.0,,,1.0,lC+Obstruen,,,,,,,,,,,,
ilk-ta,읽다,읽따,ilk.da,lk-t,lkd,0.0,0.0,,,1.0,lC+Obstruen,,,,,,,,,,,,
ilk-ta,읽다,익따,ik.da,lk-t,kd,0.0,1.0,,,1.0,lC+Obstruen,,,,,,,,,,,,
ilk-ko,읽고,일꼬,il.go,lk-k,lg,1.0,0.0,,,1.0,lC+Obstruen,,,,,,,,,,,,
Jalp-ko,짧고,짤꼬,Jal.go,lp-k,lg,1.0,0.0,,,1.0,lC+Obstruen,,,,,,,,,,,,
ilk-ko,읽고,일꼬,il.go,lk-k,lg,1.0,0.0,,,1.0,lC+Obstruen,,,,,,,,,,,,
cvlm-tanxn,젊다는,젊따는,cvlm.da.nxn,lm-t,md,0.0,1.0,,,1.0,lC+Obstruen,,,,,,,,,,,,
yalp-ke,얇게,얄께,yal.ge,lp-k,lg,1.0,0.0,,,1.0,lC+Obstruen,,,,,,,,,,,,
palp-ci,밟지,발찌,pal.Ji,lp-c,lJ,1.0,0.0,,,1.0,lC+Obstruen,,,,,,,,,,,,
ilk-ci,읽지,일찌,il.Ji,lk-c,lJ,1.0,0.0,,,1.0,lC+Obstruen,,,,,,,,,,,,
ilk-ko,읽고,일꼬,il.go,lk-k,lg,1.0,0.0,,,1.0,lC+Obstruen,,,,,,,,,,,,
ilk-ko,읽고,일꼬,il.go,lk-k,lg,1.0,0.0,,,1.0,lC+Obstruen,,,,,,,,,,,,
nvlp-ko,넓고,널꼬,nvl.go,lp-k,lg,1.0,0.0,,,1.0,lC+Obstruen,,,,,,,,,,,,
ilk-ko,읽고,일꼬,il.go,lk-k,lg,1.0,0.0,,,1.0,lC+Obstruen,,,,,,,,,,,,
palp-ko,밟고,발꼬,pal.go,lp-k,lg,1.0,0.0,,,1.0,lC+Obstruen,,,,,,,,,,,,
Jalp-ke,짧게,짥께,Jalk.ge,lp-k,lkg,0.0,0.0,,,1.0,lC+Obstruen,,,,,,,,,,,,
kvThalT-kisikxlo,겉핥기식으로,걷탈끼시그로,kvt.Tal.gi.si.kx.lo,lT-k,lg,1.0,0.0,,,0.0,lC+Obstruen,,,,,,,,,,,,
talm-ko,닮고,담꼬,tam.go,lm-k,mg,0.0,1.0,,,1.0,lC+Obstruen,,,,,,,,,,,,
palk-ke,밝게,밝께,palk.ge,lk-k,lkg,0.0,0.0,,,1.0,lC+Obstruen,,,,,,,,,,,,
pulk-ke,붉게,붉께,pulk.ge,lk-k,lkg,0.0,0.0,,,1.0,lC+Obstruen,,,,,,,,,,,,
ilk-ci,읽지,읽찌,ilk.Ji,lk-c,lkJ,0.0,0.0,,,1.0,lC+Obstruen,,,,,,,,,,,,
nvlp-ci,넓지,넓찌,nvlp.Ji,lp-c,lpJ,0.0,0.0,,,1.0,lC+Obstruen,,,,,,,,,,,,
palk-ke,밝게,밝께,palk.ge,lk-k,lkg,0.0,0.0,,,1.0,lC+Obstruen,,,,,,,,,,,,
yalp-ke,얇게,얅께,yalk.ge,lp-k,lkg,0.0,0.0,,,1.0,lC+Obstruen,,,,,,,,,,,,
Jalp-ta,짧다,짤따,Jal.da,lp-t,ld,1.0,0.0,,,1.0,lC+Obstruen,,,,,,,,,,,,
Jalp-ke,짧게,짥께,Jalk.ge,lp-k,lkg,0.0,0.0,,,1.0,lC+Obstruen,,,,,,,,,,,,
Jalp-keto,짧게도,짤께도,Jal.ge.to,lp-k,lg,1.0,0.0,,,1.0,lC+Obstruen,,,,,,,,,,,,
Jalp-ke,짧게,짤께,Jal.ge,lp-k,lg,1.0,0.0,,,1.0,lC+Obstruen,,,,,,,,,,,,
ilk-ke,읽게,일께,il.ge,lk-k,lg,1.0,0.0,,,1.0,lC+Obstruen,,,,,,,,,,,,
ilk-ci,읽지,일찌,il.Ji,lk-c,lJ,1.0,0.0,,,1.0,lC+Obstruen,,,,,,,,,,,,
palk-ke,밝게,밝께,palk.ge,lk-k,lkg,0.0,0.0,,,1.0,lC+Obstruen,,,,,,,,,,,,
talm-ko,닮고,담꼬,tam.go,lm-k,mg,0.0,1.0,,,1.0,lC+Obstruen,,,,,,,,,,,,
ilk-ko,읽고,읽꼬,ilk.go,lk-k,lkg,0.0,0.0,,,1.0,lC+Obstruen,,,,,,,,,,,,
ilk-ko,읽고,일꼬,il.go,lk-k,lg,1.0,0.0,,,1.0,lC+Obstruen,,,,,,,,,,,,
Jalp-ke,짧게,짤께,Jal.ge,lp-k,lg,1.0,0.0,,,1.0,lC+Obstruen,,,,,,,,,,,,
nvlp-kin,넓긴,넓낀,nvlp.gin,lp-k,lpg,0.0,0.0,,,1.0,lC+Obstruen,,,,,,,,,,,,
Jalp-ke,짧게,짥께,Jalk.ge,lp-k,lkg,0.0,0.0,,,1.0,lC+Obstruen,,,,,,,,,,,,
ilk-ko,읽고,일꼬,il.go,lk-k,lg,1.0,0.0,,,1.0,lC+Obstruen,,,,,,,,,,,,
Jalp-taka,짧다가,짤따가,Jal.da.ka,lp-t,ld,1.0,0.0,,,1.0,lC+Obstruen,,,,,,,,,,,,
Jalp-ke,짧게,짧께,Jalp.ge,lp-k,lpg,0.0,0.0,,,1.0,lC+Obstruen,,,,,,,,,,,,
Jalp-ke,짧게,짧께,Jalp.ge,lp-k,lpg,0.0,0.0,,,1.0,lC+Obstruen,,,,,,,,,,,,
Jalp-ke,짧게,짤께,Jal.ge,lp-k,lg,1.0,0.0,,,1.0,lC+Obstruen,,,,,,,,,,,,
ilk-ko,읽고,일꼬,il.go,lk-k,lg,1.0,0.0,,,1.0,lC+Obstruen,,,,,,,,,,,,
nvlp-ta,넓다,널따,nvl.da,lp-t,ld,1.0,0.0,,,1.0,lC+Obstruen,,,,,,,,,,,,
Jalp-ke,짧게,짧께,Jalp.ge,lp-k,lpg,0.0,0.0,,,1.0,lC+Obstruen,,,,,,,,,,,,
malk-sxpniga,맑습니까,말씀니까,mal.Sxm.ni.ga,lk-s,lS,1.0,0.0,,,1.0,lC+Obstruen,,,,,,,,,,,,
nxlk-ko,늙고,늑꾸,nxk.gu,lk-k,kg,0.0,1.0,,,1.0,lC+Obstruen,,,,,,,,,,,,
talm-ko,닮고,담꼬,tam.go,lm-k,mg,0.0,1.0,,,1.0,lC+Obstruen,,,,,,,,,,,,
cvlm-ko,젊고,젊꼬,cvlm.go,lm-k,lmg,0.0,0.0,,,1.0,lC+Obstruen,,,,,,,,,,,,
Jalp-ke,짧게,짧께,Jalp.ge,lp-k,lpg,0.0,0.0,,,1.0,lC+Obstruen,,,,,,,,,,,,
palk-ko,밝고,발꼬,pal.go,lk-k,lg,1.0,0.0,,,1.0,lC+Obstruen,,,,,,,,,,,,
hulT-kito,훑기도,훌끼도,hul.gi.to,lT-k,lg,1.0,0.0,,,1.0,lC+Obstruen,,,,,,,,,,,,
ilk-kvna,읽거나,일꺼나,il.gv.na,lk-k,lg,1.0,0.0,,,1.0,lC+Obstruen,,,,,,,,,,,,
Jalp-ke,짧게,짤께,Jal.ge,lp-k,lg,1.0,0.0,,,1.0,lC+Obstruen,,,,,,,,,,,,
ilk-ko,읽고,일꼬,il.go,lk-k,lg,1.0,0.0,,,1.0,lC+Obstruen,,,,,,,,,,,,
Jalp-ke,짧게,짥께,Jalk.ge,lp-k,lkg,0.0,0.0,,,1.0,lC+Obstruen,,,,,,,,,,,,
talm-ci,닮지,담찌,tam.Ji,lm-c,mJ,0.0,1.0,,,1.0,lC+Obstruen,,,,,,,,,,,,
talm-ko,닮고,닮꼬,talm.go,lm-k,lmg,0.0,0.0,,,1.0,lC+Obstruen,,,,,,,,,,,,
Jalp-ke,짧게,짤께,Jal.ge,lp-k,lg,1.0,0.0,,,1.0,lC+Obstruen,,,,,,,,,,,,
Poknvlp-ke,폭넓게,퐁넉께,PoN.nvk.ge,lp-k,kg,0.0,1.0,,,1.0,lC+Obstruen,,,,,,,,,,,,
Poknvlp-ke,폭넓게,퐁넓께,PoN.nvlp.ge,lp-k,lpg,0.0,0.0,,,1.0,lC+Obstruen,,,,,,,,,,,,
Jalp-ke,짧게,짧께,Jalp.ge,lp-k,lpg,0.0,0.0,,,1.0,lC+Obstruen,,,,,,,,,,,,
Poknvlp-ke,폭넓게,퐁널께,PoN.nvl.ge,lp-k,lg,1.0,0.0,,,1.0,lC+Obstruen,,,,,,,,,,,,
ilk-kin,읽긴,읽낀,ilk.gin,lk-k,lkg,0.0,0.0,,,1.0,lC+Obstruen,,,,,,,,,,,,
yalp-ke,얇게,얄께,yal.ge,lp-k,lg,1.0,0.0,,,1.0,lC+Obstruen,,,,,,,,,,,,
talm-ko,닮고,담꼬,tam.go,lm-k,mg,0.0,1.0,,,1.0,lC+Obstruen,,,,,,,,,,,,
palk-ko,밝고,발꼬,pal.go,lk-k,lg,1.0,0.0,,,1.0,lC+Obstruen,,,,,,,,,,,,
Jalp-ke,짧게,짤께,Jal.ge,lp-k,lg,1.0,0.0,,,1.0,lC+Obstruen,,,,,,,,,,,,
cvlm-ko,젊고,젊꼬,cvlm.go,lm-k,lmg,0.0,0.0,,,1.0,lC+Obstruen,,,,,,,,,,,,
Jalp-ke,짧게,짧께,Jalp.ge,lp-k,lpg,0.0,0.0,,,1.0,lC+Obstruen,,,,,,,,,,,,
palp-kito,밟기도,발끼도,pal.gi.to,lp-k,lg,1.0,0.0,,,1.0,lC+Obstruen,,,,,,,,,,,,
ilk-ko,읽고,읽꼬,ilk.go,lk-k,lkg,0.0,0.0,,,1.0,lC+Obstruen,,,,,,,,,,,,
Jalp-ke,짧게,짤께,Jal.ge,lp-k,lg,1.0,0.0,,,1.0,lC+Obstruen,,,,,,,,,,,,
cvlm-canhayo,젊잖아요,점짜나요,cvm.Ja.na.yo,lm-c,mJ,0.0,1.0,,,1.0,lC+Obstruen,,,,,,,,,,,,
talm-kin,닮긴,담낀,tam.gin,lm-k,mg,0.0,1.0,,,1.0,lC+Obstruen,,,,,,,,,,,,
palp-ko,밟고,발꼬,pal.go,lp-k,lg,1.0,0.0,,,1.0,lC+Obstruen,,,,,,,,,,,,
talm-ko,닮고,당꼬,taN.go,lm-k,Ng,0.0,1.0,,,1.0,lC+Obstruen,,,,,,,,,,,,
Jalp-ke,짧게,짤께,Jal.ge,lp-k,lg,1.0,0.0,,,1.0,lC+Obstruen,,,,,,,,,,,,
cvlm-ki,젊기,점끼,cvm.gi,lm-k,mg,0.0,1.0,,,1.0,lC+Obstruen,,,,,,,,,,,,
talm-ko,닮고,담꾸,tam.gu,lm-k,mg,0.0,1.0,,,1.0,lC+Obstruen,,,,,,,,,,,,
Jalp-ke,짧게,짤께,Jal.ge,lp-k,lg,1.0,0.0,,,1.0,lC+Obstruen,,,,,,,,,,,,
Jalp-ke,짧게,짤께,Jal.ge,lp-k,lg,1.0,0.0,,,1.0,lC+Obstruen,,,,,,,,,,,,
Jalp-ke,짧게,짧께,Jalp.ge,lp-k,lpg,0.0,0.0,,,1.0,lC+Obstruen,,,,,,,,,,,,
ilk-ko,읽고,일꼬,il.go,lk-k,lg,1.0,0.0,,,1.0,lC+Obstruen,,,,,,,,,,,,
Jalp-kelato,짧게라도,짧께라도,Jalp.ge.la.to,lp-k,lpg,0.0,0.0,,,1.0,lC+Obstruen,,,,,,,,,,,,
nvlp-cin,넓진,넙찐,nvp.Jin,lp-c,pJ,0.0,1.0,,,1.0,lC+Obstruen,,,,,,,,,,,,
cvlm-ke,젊게,젋께,cvlp.ge,lm-k,lmg,0.0,0.0,,,1.0,lC+Obstruen,,,,,,,,,,,,
nvlp-ko,넓고,넘꼬,nvm.go,lp-k,mg,0.0,1.0,,,1.0,lC+Obstruen,,,,,,,,,,,,
Jalp-ke,짧게,짧께,Jalp.ge,lp-k,lpg,0.0,0.0,,,1.0,lC+Obstruen,,,,,,,,,,,,
Jalp-kegacinxn,짧게까지는,짥께까지는,Jalk.ge.ga.ci.nxn,lp-k,lkg,0.0,0.0,,,1.0,lC+Obstruen,,,,,,,,,,,,
Jalp-ko,짧고,짧꼬,Jalp.go,lp-k,lpg,0.0,0.0,,,1.0,lC+Obstruen,,,,,,,,,,,,
nvlp-ke,넓게,넓께,nvlp.ge,lp-k,lpg,0.0,0.0,,,1.0,lC+Obstruen,,,,,,,,,,,,
kulm-ko,굶고,굼꼬,kum.go,lm-k,mg,0.0,1.0,,,1.0,lC+Obstruen,,,,,,,,,,,,
yalp-ke,얇게,얄께,yal.ge,lp-k,lg,1.0,0.0,,,1.0,lC+Obstruen,,,,,,,,,,,,
Jalp-ko,짧고,짤꼬,Jal.go,lp-k,lg,1.0,0.0,,,1.0,lC+Obstruen,,,,,,,,,,,,
Jalp-ko,짧고,짥꼬,Jalk.go,lp-k,lkg,0.0,0.0,,,1.0,lC+Obstruen,,,,,,,,,,,,
nvlp-ko,넓고,널꾸,nvl.gu,lp-k,lg,1.0,0.0,,,1.0,lC+Obstruen,,,,,,,,,,,,
talm-ta,닮다,닮따,talm.da,lm-t,lmd,0.0,0.0,,,1.0,lC+Obstruen,,,,,,,,,,,,
Jalp-ke,짧게,짤께,Jal.ge,lp-k,lg,1.0,0.0,,,1.0,lC+Obstruen,,,,,,,,,,,,
Jalp-ke,짧게,짤께,Jal.ge,lp-k,lg,1.0,0.0,,,1.0,lC+Obstruen,,,,,,,,,,,,
Jalp-ki,짧기,짤끼,Jal.gi,lp-k,lg,1.0,0.0,,,1.0,lC+Obstruen,,,,,,,,,,,,
nvlp-tanxn,넓다는,널따는,nvl.da.nxn,lp-t,ld,1.0,0.0,,,1.0,lC+Obstruen,,,,,,,,,,,,
ilk-kosvnxn,읽고서는,일꾸서는,il.gu.sv.nxn,lk-k,lg,1.0,0.0,,,1.0,lC+Obstruen,,,,,,,,,,,,
talm-ko,닮고,담꼬,tam.go,lm-k,mg,0.0,1.0,,,1.0,lC+Obstruen,,,,,,,,,,,,
nvlp-ko,넓고,넓꼬,nvlp.go,lp-k,lpg,0.0,0.0,,,1.0,lC+Obstruen,,,,,,,,,,,,
talm-ko,닮고,담꼬,tam.go,lm-k,mg,0.0,1.0,,,1.0,lC+Obstruen,,,,,,,,,,,,
Jalp-ta,짧다,짤따,Jal.da,lp-t,ld,1.0,0.0,,,1.0,lC+Obstruen,,,,,,,,,,,,
talm-ko,닮고,당꼬,taN.go,lm-k,Ng,0.0,1.0,,,1.0,lC+Obstruen,,,,,,,,,,,,
Jalp-ta,짧다,짧따,Jalp.da,lp-t,lpd,0.0,0.0,,,1.0,lC+Obstruen,,,,,,,,,,,,
ilk-ko,읽고,일꼬,il.go,lk-k,lg,1.0,0.0,,,1.0,lC+Obstruen,,,,,,,,,,,,
ilk-ki,읽기,일끼,il.gi,lk-k,lg,1.0,0.0,,,1.0,lC+Obstruen,,,,,,,,,,,,
ilk-ko,읽고,읽꼬,ilk.go,lk-k,lkg,0.0,0.0,,,1.0,lC+Obstruen,,,,,,,,,,,,
ilk-ko,읽고,익꼬,ik.go,lk-k,kg,0.0,1.0,,,1.0,lC+Obstruen,,,,,,,,,,,,
kxlk-ko,긁고,긁꼬,kxlk.go,lk-k,lkg,0.0,0.0,,,1.0,lC+Obstruen,,,,,,,,,,,,
kxlk-taka,긁다가,긁따가,kxlk.da.ka,lk-t,lkd,0.0,0.0,,,1.0,lC+Obstruen,,,,,,,,,,,,
nvlp-ko,넓고,넓꼬,nvlp.go,lp-k,lpg,0.0,0.0,,,1.0,lC+Obstruen,,,,,,,,,,,,
palk-ko,밝고,발꼬,pal.go,lk-k,lg,1.0,0.0,,,1.0,lC+Obstruen,,,,,,,,,,,,
Jalp-ciman,짧지만,짧찌만,Jalp.Ji.man,lp-c,lpJ,0.0,0.0,,,1.0,lC+Obstruen,,,,,,,,,,,,
Jalp-ke,짧게,짤께,Jal.ge,lp-k,lg,1.0,0.0,,,1.0,lC+Obstruen,,,,,,,,,,,,
Jalp-ke,짧게,짧께,Jalp.ge,lp-k,lpg,0.0,0.0,,,1.0,lC+Obstruen,,,,,,,,,,,,
Jalp-ko,짧고,짤꼬,Jal.go,lp-k,lg,1.0,0.0,,,1.0,lC+Obstruen,,,,,,,,,,,,
Jalp-ta,짧다,짧따,Jalp.da,lp-t,lpd,0.0,0.0,,,1.0,lC+Obstruen,,,,,,,,,,,,
palk-ko,밝고,밝꼬,palk.go,lk-k,lkg,0.0,0.0,,,1.0,lC+Obstruen,,,,,,,,,,,,
ilk-ko,읽고,일꼬,il.go,lk-k,lg,1.0,0.0,,,1.0,lC+Obstruen,,,,,,,,,,,,
ilk-ko,읽고,읽고,ilk.ko,lk-k,lkg,0.0,0.0,,,0.0,lC+Obstruen,,,,,,,,,,,,
Jalp-kenxn,짧게는,짤께는,Jal.ge.nxn,lp-k,lg,1.0,0.0,,,1.0,lC+Obstruen,,,,,,,,,,,,
Jalp-cito,짧지도,짧찌도,Jalp.Ji.to,lp-c,lpJ,0.0,0.0,,,1.0,lC+Obstruen,,,,,,,,,,,,
palp-ke,밟게,밟께,palp.ge,lp-k,lpg,0.0,0.0,,,1.0,lC+Obstruen,,,,,,,,,,,,
Jalp-ko,짧고,짧꼬,Jalp.go,lp-k,lpg,0.0,0.0,,,1.0,lC+Obstruen,,,,,,,,,,,,
ilk-ki,읽기,익끼,ik.gi,lk-k,kg,0.0,1.0,,,1.0,lC+Obstruen,,,,,,,,,,,,
Jalp-ke,짧게,짤께,Jal.ge,lp-k,lg,1.0,0.0,,,1.0,lC+Obstruen,,,,,,,,,,,,
palk-ko,밝고,발꼬,pal.go,lk-k,lg,1.0,0.0,,,1.0,lC+Obstruen,,,,,,,,,,,,
talm-tvlako,닮더라고,담떠라고,tam.dv.la.ko,lm-t,md,0.0,1.0,,,1.0,lC+Obstruen,,,,,,,,,,,,
malk-ko,맑고,맑꼬,malk.go,lk-k,lkg,0.0,0.0,,,1.0,lC+Obstruen,,,,,,,,,,,,
nvlp-kvtxn,넓거든,널꺼든,nvl.gv.txn,lp-k,lg,1.0,0.0,,,1.0,lC+Obstruen,,,,,,,,,,,,
talm-ko,닮고,닮꼬,talm.go,lm-k,lmg,0.0,0.0,,,1.0,lC+Obstruen,,,,,,,,,,,,
cvlm-kvn,젊건,젊껀,cvlm.gvn,lm-k,lmg,0.0,0.0,,,1.0,lC+Obstruen,,,,,,,,,,,,
nvlp-ko,넓고,넑꾸,nvlk.gu,lp-k,lkg,0.0,0.0,,,1.0,lC+Obstruen,,,,,,,,,,,,
talm-ko,닮고,닮꼬,talm.go,lm-k,lmg,0.0,0.0,,,1.0,lC+Obstruen,,,,,,,,,,,,
cvlm-tamyvn,젊다면,점따면,cvm.da.myvn,lm-t,md,0.0,1.0,,,1.0,lC+Obstruen,,,,,,,,,,,,
cvlm-kito,젊기도,점끼도,cvm.gi.to,lm-k,mg,0.0,1.0,,,1.0,lC+Obstruen,,,,,,,,,,,,
malk-ke,맑게,말께,mal.ge,lk-k,lg,1.0,0.0,,,1.0,lC+Obstruen,,,,,,,,,,,,
nvlp-ke,넓게,널께,nvl.ge,lp-k,lg,1.0,0.0,,,1.0,lC+Obstruen,,,,,,,,,,,,
nxlk-ki,늙기,늙끼,nxlk.gi,lk-k,lkg,0.0,0.0,,,1.0,lC+Obstruen,,,,,,,,,,,,
malk-ko,맑고,말꼬,mal.go,lk-k,lg,1.0,0.0,,,1.0,lC+Obstruen,,,,,,,,,,,,
nxlk-ko,늙고,늙꾸,nxlk.gu,lk-k,lkg,0.0,0.0,,,1.0,lC+Obstruen,,,,,,,,,,,,
Jalp-kelato,짧게라도,짤께라도,Jal.ge.la.to,lp-k,lg,1.0,0.0,,,1.0,lC+Obstruen,,,,,,,,,,,,
palp-ko,밟고,발꼬,pal.go,lp-k,lg,1.0,0.0,,,1.0,lC+Obstruen,,,,,,,,,,,,
kulm-ko,굶고,굼꼬,kum.go,lm-k,mg,0.0,1.0,,,1.0,lC+Obstruen,,,,,,,,,,,,
Jalp-ke,짧게,짤께,Jal.ge,lp-k,lg,1.0,0.0,,,1.0,lC+Obstruen,,,,,,,,,,,,
talm-ko,닮고,닮꼬,talm.go,lm-k,lmg,0.0,0.0,,,1.0,lC+Obstruen,,,,,,,,,,,,
ilk-ko,읽고,일꼬,il.go,lk-k,lg,1.0,0.0,,,1.0,lC+Obstruen,,,,,,,,,,,,
nvlp-ke,넓게,넙께,nvp.ge,lp-k,pg,0.0,1.0,,,1.0,lC+Obstruen,,,,,,,,,,,,
nvlp-ta,넓다,널따,nvl.da,lp-t,ld,1.0,0.0,,,1.0,lC+Obstruen,,,,,,,,,,,,
malk-ko,맑고,말꼬,mal.go,lk-k,lg,1.0,0.0,,,1.0,lC+Obstruen,,,,,,,,,,,,
yalp-ke,얇게,얇께,yalp.ge,lp-k,lpg,0.0,0.0,,,1.0,lC+Obstruen,,,,,,,,,,,,
Jalp-ke,짧게,짤께,Jal.ge,lp-k,lg,1.0,0.0,,,1.0,lC+Obstruen,,,,,,,,,,,,
Jalp-ke,짧게,짥께,Jalk.ge,lp-k,lkg,0.0,0.0,,,1.0,lC+Obstruen,,,,,,,,,,,,
Jalp-ke,짧게,짤께,Jal.ge,lp-k,lg,1.0,0.0,,,1.0,lC+Obstruen,,,,,,,,,,,,
Jalp-ke,짧게,짤께,Jal.ge,lp-k,lg,1.0,0.0,,,1.0,lC+Obstruen,,,,,,,,,,,,
Jalp-kepage,짧게밖에,짤께,Jal.ge,lp-k,lg,1.0,0.0,,,1.0,lC+Obstruen,,,,,,,,,,,,
nvlp-ke,넓게,널께,nvl.ge,lp-k,lg,1.0,0.0,,,1.0,lC+Obstruen,,,,,,,,,,,,
nvlp-ke,넓게,널께,nvl.ge,lp-k,lg,1.0,0.0,,,1.0,lC+Obstruen,,,,,,,,,,,,
nvlp-ke,넓게,널께,nvl.ge,lp-k,lg,1.0,0.0,,,1.0,lC+Obstruen,,,,,,,,,,,,
nvlp-ke,넓게,널께,nvl.ge,lp-k,lg,1.0,0.0,,,1.0,lC+Obstruen,,,,,,,,,,,,
nvlp-ko,넓고,널꼬,nvl.go,lp-k,lg,1.0,0.0,,,1.0,lC+Obstruen,,,,,,,,,,,,
nvlp-ko,넓고,넓꾸,nvlp.gu,lp-k,lpg,0.0,0.0,,,1.0,lC+Obstruen,,,,,,,,,,,,
nvlp-ko,넓고,널꼬,nvl.go,lp-k,lg,1.0,0.0,,,1.0,lC+Obstruen,,,,,,,,,,,,
nvlp-ko,넓고,널꾸,nvl.gu,lp-k,lg,1.0,0.0,,,1.0,lC+Obstruen,,,,,,,,,,,,
nvlp-ko,넓고,널꼬,nvl.go,lp-k,lg,1.0,0.0,,,1.0,lC+Obstruen,,,,,,,,,,,,
nvlp-ki,넓기,널끼,nvl.gi,lp-k,lg,1.0,0.0,,,1.0,lC+Obstruen,,,,,,,,,,,,
nvlp-ci,넓지,넙찌,nvp.Ji,lp-c,pJ,0.0,1.0,,,1.0,lC+Obstruen,,,,,,,,,,,,
nvlp-ci,넓지,넓찌,nvlp.Ji,lp-c,lpJ,0.0,0.0,,,1.0,lC+Obstruen,,,,,,,,,,,,
mulk-ke,묽게,물께,mul.ge,lk-k,lg,1.0,0.0,,,1.0,lC+Obstruen,,,,,,,,,,,,
Jalp-keto,짧게도,짤께도,Jal.ge.to,lp-k,lg,1.0,0.0,,,1.0,lC+Obstruen,,,,,,,,,,,,
kulk-canha,굵잖아,국짜나,kuk.Ja.na,lk-c,kJ,0.0,1.0,,,1.0,lC+Obstruen,,,,,,,,,,,,
Jalp-ke,짧게,짤께,Jal.ge,lp-k,lg,1.0,0.0,,,1.0,lC+Obstruen,,,,,,,,,,,,
palk-ko,밝고,발꼬,pal.go,lk-k,lg,1.0,0.0,,,1.0,lC+Obstruen,,,,,,,,,,,,
palp-ke,밟게,발께,pal.ge,lp-k,lg,1.0,0.0,,,1.0,lC+Obstruen,,,,,,,,,,,,
ilk-ki,읽기,일끼,il.gi,lk-k,lg,1.0,0.0,,,1.0,lC+Obstruen,,,,,,,,,,,,
nxlk-ko,늙고,늘꼬,nxl.go,lk-k,lg,1.0,0.0,,,1.0,lC+Obstruen,,,,,,,,,,,,
Jalp-kekvtxnyo,짧게거든요,짧께거든녀,Jalp.ge.kv.txn.nyv,lp-k,lpg,0.0,0.0,,,1.0,lC+Obstruen,,,,,,,,,,,,
nxlk-ko,늙고,늘꼬,nxl.go,lk-k,lg,1.0,0.0,,,1.0,lC+Obstruen,,,,,,,,,,,,
nxlk-ko,늙고,늘꼬,nxl.go,lk-k,lg,1.0,0.0,,,1.0,lC+Obstruen,,,,,,,,,,,,
nxlk-ki,늙기,늙끼,nxlk.gi,lk-k,lkg,0.0,0.0,,,1.0,lC+Obstruen,,,,,,,,,,,,
nxlk-canhayo,늙잖아요,늘짜나요,nxl.Ja.na.yo,lk-c,lJ,1.0,0.0,,,1.0,lC+Obstruen,,,,,,,,,,,,
nvlp-kito,넓기도,넓끼도,nvlp.gi.to,lk-g,lpg,0.0,0.0,,,1.0,lC+Obstruen,,,,,,,,,,,,
Jalp-kelanxn,짧게라는,짤께라는,Jal.ge.la.nxn,lp-k,lg,1.0,0.0,,,1.0,lC+Obstruen,,,,,,,,,,,,
cvlm-ko,젊고,점꼬,cvm.go,lm-k,mg,0.0,1.0,,,1.0,lC+Obstruen,,,,,,,,,,,,
Jalp-ke,짧게,짧께,Jalp.ge,lp-k,lpg,0.0,0.0,,,1.0,lC+Obstruen,,,,,,,,,,,,
Jalp-ke,짧게,짧께,Jalp.ge,lp-k,lpg,0.0,0.0,,,1.0,lC+Obstruen,,,,,,,,,,,,
talm-ko,닮고,닮꼬,talm.go,lm-k,lmg,0.0,0.0,,,1.0,lC+Obstruen,,,,,,,,,,,,
nvlp-ke,넓게,널께,nvl.ge,lp-k,lg,1.0,0.0,,,1.0,lC+Obstruen,,,,,,,,,,,,
palk-ko,밝고,발꼬,pal.go,lk-k,lg,1.0,0.0,,,1.0,lC+Obstruen,,,,,,,,,,,,
salm-ko,삶고,삼꼬,sam.go,lm-k,mg,0.0,1.0,,,1.0,lC+Obstruen,,,,,,,,,,,,
talm-ko,닮고,담꼬,tam.go,lm-k,mg,0.0,1.0,,,1.0,lC+Obstruen,,,,,,,,,,,,
talm-ko,닮고,담꼬,tam.go,lm-k,mg,0.0,1.0,,,1.0,lC+Obstruen,,,,,,,,,,,,
talm-ko,닮고,닮꼬,talm.go,lm-k,lmg,0.0,0.0,,,1.0,lC+Obstruen,,,,,,,,,,,,
talm-ko,닮고,담꼬,tam.go,lm-k,mg,0.0,1.0,,,1.0,lC+Obstruen,,,,,,,,,,,,
talm-ko,닮고,담꼬,tam.go,lm-k,mg,0.0,1.0,,,1.0,lC+Obstruen,,,,,,,,,,,,
talm-ko,닮고,담꼬,tam.go,lm-k,mg,0.0,1.0,,,1.0,lC+Obstruen,,,,,,,,,,,,
talm-ko,닮고,담꼬,tam.go,lm-k,mg,0.0,1.0,,,1.0,lC+Obstruen,,,,,,,,,,,,
talm-ko,닮고,담꼬,tam.go,lm-k,mg,0.0,1.0,,,1.0,lC+Obstruen,,,,,,,,,,,,
talm-ko,닮고,담꼬,tam.go,lm-k,mg,0.0,1.0,,,1.0,lC+Obstruen,,,,,,,,,,,,
talm-ko,닮고,담꼬,tam.go,lm-k,mg,0.0,1.0,,,1.0,lC+Obstruen,,,,,,,,,,,,
talm-ko,닮고,닮꼬,talm.go,lm-k,lmg,0.0,0.0,,,1.0,lC+Obstruen,,,,,,,,,,,,
talm-ko,닮고,담꾸,tam.gu,lm-k,mg,0.0,1.0,,,1.0,lC+Obstruen,,,,,,,,,,,,
talm-ko,닮고,담꼬,tam.go,lm-k,mg,0.0,1.0,,,1.0,lC+Obstruen,,,,,,,,,,,,
talm-ko,닮고,담꼬,tam.go,lm-k,mg,0.0,1.0,,,1.0,lC+Obstruen,,,,,,,,,,,,
talm-ki,닮기,닮끼,talm.gi,lm-k,lmg,0.0,0.0,,,1.0,lC+Obstruen,,,,,,,,,,,,
talm-ci,닮지,담찌,tam.Ji,lm-c,mJ,0.0,1.0,,,1.0,lC+Obstruen,,,,,,,,,,,,
talm-ko,닮고,닮꼬,talm.go,lm-k,lmg,0.0,0.0,,,1.0,lC+Obstruen,,,,,,,,,,,,
ilk-ko,읽고,일꼬,il.go,lk-k,lg,1.0,0.0,,,1.0,lC+Obstruen,,,,,,,,,,,,
ilk-ko,읽고,일꾸,il.gu,lk-k,lg,1.0,0.0,,,1.0,lC+Obstruen,,,,,,,,,,,,
nvlp-ke,넓게,널께,nvl.ge,lp-k,lg,1.0,0.0,,,1.0,lC+Obstruen,,,,,,,,,,,,
nvlp-kenxn,넓게는,넓께는,nvlp.ge.nxn,lp-k,lpg,0.0,0.0,,,1.0,lC+Obstruen,,,,,,,,,,,,
nxlk-ki,늙기,늘끼,nxl.gi,lk-k,lg,1.0,0.0,,,1.0,lC+Obstruen,,,,,,,,,,,,
nxlk-ki,늙기,늘끼,nxl.gi,lk-k,lg,1.0,0.0,,,1.0,lC+Obstruen,,,,,,,,,,,,
nxlk-ki,늙기,늘끼,nxl.gi,lk-k,lg,1.0,0.0,,,1.0,lC+Obstruen,,,,,,,,,,,,
cvlm-ta,젊다,점따,cvm.da,lm-t,md,0.0,1.0,,,1.0,lC+Obstruen,,,,,,,,,,,,
palk-ke,밝게,발께,pal.ge,lk-k,lg,1.0,0.0,,,1.0,lC+Obstruen,,,,,,,,,,,,
yalp-ke,얇게,얄께,yal.ge,lp-k,lg,1.0,0.0,,,1.0,lC+Obstruen,,,,,,,,,,,,
Jalp-ko,짧고,짤꾸,Jal.gu,lp-k,lg,1.0,0.0,,,1.0,lC+Obstruen,,,,,,,,,,,,
Poknvlp-ke,폭넓게,퐁널께,PoN.nvl.ge,lp-k,lg,1.0,0.0,,,1.0,lC+Obstruen,,,,,,,,,,,,
Jalp-ke,짧게,짤께,Jal.ge,lp-k,lg,1.0,0.0,,,1.0,lC+Obstruen,,,,,,,,,,,,
ilk-ko,읽고,일꼬,il.go,lk-k,lg,1.0,0.0,,,1.0,lC+Obstruen,,,,,,,,,,,,
nvlp-ko,넓고,넓꾸,nvlp.gu,lp-k,lpg,0.0,0.0,,,1.0,lC+Obstruen,,,,,,,,,,,,
nvlp-kito,넓기도,널끼도,nvl.gi.to,lp-k,lg,1.0,0.0,,,1.0,lC+Obstruen,,,,,,,,,,,,
malk-ko,맑고,말꼬,mal.go,lk-k,lg,1.0,0.0,,,1.0,lC+Obstruen,,,,,,,,,,,,
palk-ko,밝고,발꼬,pal.go,lk-k,lg,1.0,0.0,,,1.0,lC+Obstruen,,,,,,,,,,,,
Jalp-ta,짧다,짤따,Jal.da,lp-t,ld,1.0,0.0,,,1.0,lC+Obstruen,,,,,,,,,,,,
nvlp-tvlako,넓더라고,넓떠라고,nvlp.dv.la.ko,lp-t,lpd,0.0,0.0,,,1.0,lC+Obstruen,,,,,,,,,,,,
ilk-ko,읽고,일꼬,il.go,lk-k,lg,1.0,0.0,,,1.0,lC+Obstruen,,,,,,,,,,,,
Jalp-canhayo,짧잖아요,짤짜나요,Jal.Ja.na.yo,lp-c,lJ,1.0,0.0,,,1.0,lC+Obstruen,,,,,,,,,,,,
nvlp-ki,넓기,널끼,nvl.gi,lp-k,lg,1.0,0.0,,,1.0,lC+Obstruen,,,,,,,,,,,,
palp-ci,밟지,받찌,pat.Ji,lp-c,tJ,0.0,1.0,,,1.0,lC+Obstruen,,,,,,,,,,,,
ilk-ko,읽고,일꼬,il.go,lk-k,lg,1.0,0.0,,,1.0,lC+Obstruen,,,,,,,,,,,,
nvlp-cito,넓지도,넓찌도,nvlp.Ji.to,lp-c,lpJ,0.0,0.0,,,1.0,lC+Obstruen,,,,,,,,,,,,
palk-ke,밝게,발께,pal.ge,lk-k,lg,1.0,0.0,,,1.0,lC+Obstruen,,,,,,,,,,,,
Jalp-ko,짧고,짧꼬,Jalp.go,lp-k,lpg,0.0,0.0,,,1.0,lC+Obstruen,,,,,,,,,,,,
nvlp-ko,넓고,넓꼬,nvlp.go,lp-k,lpg,0.0,0.0,,,1.0,lC+Obstruen,,,,,,,,,,,,
palp-keSte,밟겠대,밟껟때,palp.get.de,lp-k,lpg,0.0,0.0,,,1.0,lC+Obstruen,,,,,,,,,,,,
dvlp-ko,떫고,떨꼬,dvl.go,lp-k,lg,1.0,0.0,,,1.0,lC+Obstruen,,,,,,,,,,,,
nxlk-ko,늙고,늘꼬,nxl.go,lk-k,lg,1.0,0.0,,,1.0,lC+Obstruen,,,,,,,,,,,,
yalp-canha,얇잖아,얍짜나,yap.Ja.na,lp-c,pJ,0.0,1.0,,,1.0,lC+Obstruen,,,,,,,,,,,,
nvlp-ke,넓게,넓께,nvlp.ge,lp-k,lpg,0.0,0.0,,,1.0,lC+Obstruen,,,,,,,,,,,,
talm-ko,닮고,당꼬,taN.go,lm-k,Ng,0.0,1.0,,,1.0,lC+Obstruen,,,,,,,,,,,,
talm-ko,닮고,담꼬,tam.go,lm-k,mg,0.0,1.0,,,1.0,lC+Obstruen,,,,,,,,,,,,
nvlp-ke,넓게,널께,nvl.ge,lp-k,lg,1.0,0.0,,,1.0,lC+Obstruen,,,,,,,,,,,,
nvlp-ke,넓게,넓께,nvlp.ge,lp-k,lpg,0.0,0.0,,,1.0,lC+Obstruen,,,,,,,,,,,,
kulm-ke,굶게,굼께,kum.ge,lm-k,mg,0.0,1.0,,,1.0,lC+Obstruen,,,,,,,,,,,,
palk-ko,밝고,발꼬,pal.go,lk-k,lg,1.0,0.0,,,1.0,lC+Obstruen,,,,,,,,,,,,
cvlm-ko,젊고,점꼬,cvm.go,lm-k,mg,0.0,1.0,,,1.0,lC+Obstruen,,,,,,,,,,,,
Jalp-kelato,짧게라도,짤께라도,Jal.ge.la.to,lp-k,lg,1.0,0.0,,,1.0,lC+Obstruen,,,,,,,,,,,,
Poknvlp-cinxn,폭넓지는,퐁넓찌는,PoN.nvlp.Ji.nxn,lp-c,lpJ,0.0,0.0,,,1.0,lC+Obstruen,,,,,,,,,,,,
nvlp-ko,넓고,널꼬,nvl.go,lp-k,lg,1.0,0.0,,,1.0,lC+Obstruen,,,,,,,,,,,,
palp-ko,밟고,발꼬,pal.go,lp-k,lg,1.0,0.0,,,1.0,lC+Obstruen,,,,,,,,,,,,
Jalp-ke,짧게,짧께,Jalp.ge,lp-k,lpg,0.0,0.0,,,1.0,lC+Obstruen,,,,,,,,,,,,
Jalp-ke,짧게,짤께,Jal.ge,lp-k,lg,1.0,0.0,,,1.0,lC+Obstruen,,,,,,,,,,,,
talm-ko,닮고,닮꼬,talm.go,lm-k,lmg,0.0,0.0,,,1.0,lC+Obstruen,,,,,,,,,,,,
talm-cinxn,닮지는,담찌는,tam.Ji.nxn,lm-c,mJ,0.0,1.0,,,1.0,lC+Obstruen,,,,,,,,,,,,
talm-cin,닮진,닮찐,talm.Jin,lm-c,lmJ,0.0,0.0,,,1.0,lC+Obstruen,,,,,,,,,,,,
ilk-ko,읽고,일꾸,il.gu,lk-k,lg,1.0,0.0,,,1.0,lC+Obstruen,,,,,,,,,,,,
ilk-ko,읽고,읽꼬,ilk.go,lk-k,lkg,0.0,0.0,,,1.0,lC+Obstruen,,,,,,,,,,,,
Jalp-ke,짧게,짤께,Jal.ge,lp-k,lg,1.0,0.0,,,1.0,lC+Obstruen,,,,,,,,,,,,
ilk-ko,읽고,일꾸,il.gu,lk-k,lg,1.0,0.0,,,1.0,lC+Obstruen,,,,,,,,,,,,
talm-ko,닮고,담꼬,tam.go,lm-k,mg,0.0,1.0,,,1.0,lC+Obstruen,,,,,,,,,,,,
malk-ko,맑고,말꼬,mal.go,lk-k,lg,1.0,0.0,,,1.0,lC+Obstruen,,,,,,,,,,,,
malk-ko,맑고,말꼬,mal.go,lk-k,lg,1.0,0.0,,,1.0,lC+Obstruen,,,,,,,,,,,,
malk-ko,맑고,말꼬,mal.go,lk-k,lg,1.0,0.0,,,1.0,lC+Obstruen,,,,,,,,,,,,
malk-ko,맑고,말꼬,mal.go,lk-k,lg,1.0,0.0,,,1.0,lC+Obstruen,,,,,,,,,,,,
malk-ko,맑고,말꼬,mal.go,lk-k,lg,1.0,0.0,,,1.0,lC+Obstruen,,,,,,,,,,,,
malk-ko,맑고,말꾸,mal.gu,lk-k,lg,1.0,0.0,,,1.0,lC+Obstruen,,,,,,,,,,,,
malk-ko,맑고,말꼬,mal.go,lk-k,lg,1.0,0.0,,,1.0,lC+Obstruen,,,,,,,,,,,,
malk-ko,맑고,말꼬,mal.go,lk-k,lg,1.0,0.0,,,1.0,lC+Obstruen,,,,,,,,,,,,
malk-ko,맑고,말꼬,mal.go,lk-k,lg,1.0,0.0,,,1.0,lC+Obstruen,,,,,,,,,,,,
malk-ko,맑고,말꼬,mal.go,lk-k,lg,1.0,0.0,,,1.0,lC+Obstruen,,,,,,,,,,,,
malk-ko,맑고,말꼬,mal.go,lk-k,lg,1.0,0.0,,,1.0,lC+Obstruen,,,,,,,,,,,,
malk-ko,맑고,말꼬,mal.go,lk-k,lg,1.0,0.0,,,1.0,lC+Obstruen,,,,,,,,,,,,
ilk-ko,읽고,일꼬,il.go,lk-k,lg,1.0,0.0,,,1.0,lC+Obstruen,,,,,,,,,,,,
talm-ko,닮고,닮꼬,talm.go,lm-k,lmg,0.0,0.0,,,1.0,lC+Obstruen,,,,,,,,,,,,
ilk-ko,읽고,읽꼬,ilk.go,lk-k,lkg,0.0,0.0,,,1.0,lC+Obstruen,,,,,,,,,,,,
Jalp-ke,짧게,짧께,Jalp.ge,lp-k,lpg,0.0,0.0,,,1.0,lC+Obstruen,,,,,,,,,,,,
Jalp-ko,짧고,짥꼬,Jalk.go,lp-k,lkg,0.0,0.0,,,1.0,lC+Obstruen,,,,,,,,,,,,
salm-ko,삶고,삶꼬,salm.go,lm-k,lmg,0.0,0.0,,,1.0,lC+Obstruen,,,,,,,,,,,,
salm-ko,삶고,삼꼬,sam.go,lm-k,mg,0.0,1.0,,,1.0,lC+Obstruen,,,,,,,,,,,,
salm-ci,삶지,쌂찌,Salm.Ji,lm-c,lmJ,0.0,0.0,,,1.0,lC+Obstruen,,,,,,,,,,,,
salm-ko,삶고,삶꼬,salm.go,lm-k,lmg,0.0,0.0,,,1.0,lC+Obstruen,,,,,,,,,,,,
ilk-ki,읽기,읽끼,ilk.gi,lk-k,lkg,0.0,0.0,,,1.0,lC+Obstruen,,,,,,,,,,,,
Jalp-ke,짧게,짤께,Jal.ge,lp-k,lg,1.0,0.0,,,1.0,lC+Obstruen,,,,,,,,,,,,
nvlp-ke,넓게,넓께,nvlp.ge,lp-k,lpg,0.0,0.0,,,1.0,lC+Obstruen,,,,,,,,,,,,
nxlk-ko,늙고,늙꼬,nxlk.go,lk-k,lkg,0.0,0.0,,,1.0,lC+Obstruen,,,,,,,,,,,,
palp-ko,밟고,발꼬,pal.go,lp-k,lg,1.0,0.0,,,1.0,lC+Obstruen,,,,,,,,,,,,
cvlm-kito,젊기도,점끼도,cvm.gi.to,lm-k,mg,0.0,1.0,,,1.0,lC+Obstruen,,,,,,,,,,,,
cvlm-kito,젊기도,점끼두,cvm.gi.tu,lm-k,mg,0.0,1.0,,,1.0,lC+Obstruen,,,,,,,,,,,,
palp-ko,밟고,발꼬,pal.go,lp-k,lg,1.0,0.0,,,1.0,lC+Obstruen,,,,,,,,,,,,
nxlk-kito,늙기도,늘끼도,nxl.gi.to,lk-k,lg,1.0,0.0,,,1.0,lC+Obstruen,,,,,,,,,,,,
mulk-ci,묽지,묽찌,mulk.Ji,lk-c,lkJ,0.0,0.0,,,1.0,lC+Obstruen,,,,,,,,,,,,
mulk-ci,묽지,묽찌,mulk.Ji,lk-c,lkJ,0.0,0.0,,,1.0,lC+Obstruen,,,,,,,,,,,,
Jalp-ko,짧고,짤꼬,Jal.go,lp-k,lg,1.0,0.0,,,1.0,lC+Obstruen,,,,,,,,,,,,
kulm-kvna,굶거나,굼꺼나,kum.gv.na,lm-k,mg,0.0,1.0,,,1.0,lC+Obstruen,,,,,,,,,,,,
kulk-ke,굵게,굴께,kul.ge,lk-k,lg,1.0,0.0,,,1.0,lC+Obstruen,,,,,,,,,,,,
Jalp-ko,짧고,짤꼬,Jal.go,lp-k,lg,1.0,0.0,,,1.0,lC+Obstruen,,,,,,,,,,,,
palp-ko,밟고,발꼬,pal.go,lp-k,lg,1.0,0.0,,,1.0,lC+Obstruen,,,,,,,,,,,,
Jalp-ke,짧게,짤께,Jal.ge,lp-k,lg,1.0,0.0,,,1.0,lC+Obstruen,,,,,,,,,,,,
malk-talako,맑다라고,맑따라고,malk.da.la.ko,lk-t,lkd,0.0,0.0,,,1.0,lC+Obstruen,,,,,,,,,,,,
palp-kvna,밟거나,발꺼나,pal.gv.na,lp-k,lg,1.0,0.0,,,1.0,lC+Obstruen,,,,,,,,,,,,
palk-ko,밝고,밝꼬,palk.go,lk-k,lkg,0.0,0.0,,,1.0,lC+Obstruen,,,,,,,,,,,,
Jalp-ko,짧고,짥꼬,Jalk.go,lp-k,lkg,0.0,0.0,,,1.0,lC+Obstruen,,,,,,,,,,,,
Jalp-ke,짧게,짥께,Jalk.ge,lp-k,lkg,0.0,0.0,,,1.0,lC+Obstruen,,,,,,,,,,,,
Jalp-ke,짧게,짤께,Jal.ge,lp-k,lg,1.0,0.0,,,1.0,lC+Obstruen,,,,,,,,,,,,
Jalp-kenxn,짧게는,짥께는,Jalk.ge.nxn,lp-k,lkg,0.0,0.0,,,1.0,lC+Obstruen,,,,,,,,,,,,
Jalp-kenxn,짧게는,짤께는,Jal.ge.nxn,lp-k,lg,1.0,0.0,,,1.0,lC+Obstruen,,,,,,,,,,,,
Jalp-kelato,짧게라도,짤께라도,Jal.ge.la.to,lp-k,lg,1.0,0.0,,,1.0,lC+Obstruen,,,,,,,,,,,,
ilk-kvna,읽거나,일꺼나,il.gv.na,lk-k,lg,1.0,0.0,,,1.0,lC+Obstruen,,,,,,,,,,,,
nvlp-ko,넓고,널꼬,nvl.go,lp-k,lg,1.0,0.0,,,1.0,lC+Obstruen,,,,,,,,,,,,
malk-ko,맑고,말꼬,mal.go,lk-k,lg,1.0,0.0,,,1.0,lC+Obstruen,,,,,,,,,,,,
Jalp-ke,짧게,짧께,Jalp.ge,lp-k,lpg,0.0,0.0,,,1.0,lC+Obstruen,,,,,,,,,,,,
palp-ko,밟고,밝꼬,palk.go,lp-k,lkg,0.0,0.0,,,1.0,lC+Obstruen,,,,,,,,,,,,
palp-ki,밟기,발끼,pal.gi,lp-k,lg,1.0,0.0,,,1.0,lC+Obstruen,,,,,,,,,,,,
yalp-ke,얇게,얇께,yalp.ge,lp-k,lpg,0.0,0.0,,,1.0,lC+Obstruen,,,,,,,,,,,,
yalp-ta,얇다,얇따,yalp.da,lp-t,lpd,0.0,0.0,,,1.0,lC+Obstruen,,,,,,,,,,,,
Jalp-ke,짧게,짤께,Jal.ge,lp-k,lg,1.0,0.0,,,1.0,lC+Obstruen,,,,,,,,,,,,
nvlp-ke,넓게,널께,nvl.ge,lp-k,lg,1.0,0.0,,,1.0,lC+Obstruen,,,,,,,,,,,,
palk-ke,밝게,발께,pal.ge,lk-k,lg,1.0,0.0,,,1.0,lC+Obstruen,,,,,,,,,,,,
palk-ke,밝게,밝께,palk.ge,lk-k,lkg,0.0,0.0,,,1.0,lC+Obstruen,,,,,,,,,,,,
palk-ke,밝게,발께,pal.ge,lk-k,lg,1.0,0.0,,,1.0,lC+Obstruen,,,,,,,,,,,,
palk-ke,밝게,발께,pal.ge,lk-k,lg,1.0,0.0,,,1.0,lC+Obstruen,,,,,,,,,,,,
palk-ke,밝게,발께,pal.ge,lk-k,lg,1.0,0.0,,,1.0,lC+Obstruen,,,,,,,,,,,,
palk-ke,밝게,발께,pal.ge,lk-k,lg,1.0,0.0,,,1.0,lC+Obstruen,,,,,,,,,,,,
palk-ke,밝게,발께,pal.ge,lk-k,lg,1.0,0.0,,,1.0,lC+Obstruen,,,,,,,,,,,,
palk-ke,밝게,발께,pal.ge,lk-k,lg,1.0,0.0,,,1.0,lC+Obstruen,,,,,,,,,,,,
palk-ko,밝고,발꼬,pal.go,lk-k,lg,1.0,0.0,,,1.0,lC+Obstruen,,,,,,,,,,,,
palk-ko,밝고,발꼬,pal.go,lk-k,lg,1.0,0.0,,,1.0,lC+Obstruen,,,,,,,,,,,,
palk-ko,밝고,밝꼬,palk.go,lk-k,lkg,0.0,0.0,,,1.0,lC+Obstruen,,,,,,,,,,,,
palk-ko,밝고,밝꼬,palk.go,lk-k,lkg,0.0,0.0,,,1.0,lC+Obstruen,,,,,,,,,,,,
palk-ko,밝고,발꼬,pal.go,lk-k,lg,1.0,0.0,,,1.0,lC+Obstruen,,,,,,,,,,,,
palk-ko,밝고,밝꼬,palk.go,lk-k,lkg,0.0,0.0,,,1.0,lC+Obstruen,,,,,,,,,,,,
palk-ko,밝고,밝꼬,palk.go,lk-k,lkg,0.0,0.0,,,1.0,lC+Obstruen,,,,,,,,,,,,
palk-ko,밝고,발꼬,pal.go,lk-k,lg,1.0,0.0,,,1.0,lC+Obstruen,,,,,,,,,,,,
palk-ko,밝고,밝꼬,palk.go,lk-k,lkg,0.0,0.0,,,1.0,lC+Obstruen,,,,,,,,,,,,
Jalp-ke,짧게,짧께,Jalp.ge,lp-k,lpg,0.0,0.0,,,1.0,lC+Obstruen,,,,,,,,,,,,
palk-ko,밝고,발꼬,pal.go,lk-k,lg,1.0,0.0,,,1.0,lC+Obstruen,,,,,,,,,,,,
palk-ko,밝고,발꼬,pal.go,lk-k,lg,1.0,0.0,,,1.0,lC+Obstruen,,,,,,,,,,,,
palk-ko,밝고,발꼬,pal.go,lk-k,lg,1.0,0.0,,,1.0,lC+Obstruen,,,,,,,,,,,,
palk-ko,밝고,발꼬,pal.go,lk-k,lg,1.0,0.0,,,1.0,lC+Obstruen,,,,,,,,,,,,
palk-ko,밝고,밝꼬,palk.go,lk-k,lkg,0.0,0.0,,,1.0,lC+Obstruen,,,,,,,,,,,,
palk-ko,밝고,밝꼬,palk.go,lk-k,lkg,0.0,0.0,,,1.0,lC+Obstruen,,,,,,,,,,,,
palk-ki,밝기,발끼,pal.gi,lk-k,lg,1.0,0.0,,,1.0,lC+Obstruen,,,,,,,,,,,,
palk-ki,밝기,발끼,pal.gi,lk-k,lg,1.0,0.0,,,1.0,lC+Obstruen,,,,,,,,,,,,
palk-ta,밝다,발따,pal.da,lk-t,ld,1.0,0.0,,,1.0,lC+Obstruen,,,,,,,,,,,,
nvlp-ko,넓고,넓꼬,nvlp.go,lp-k,lpg,0.0,0.0,,,1.0,lC+Obstruen,,,,,,,,,,,,
palk-ta,밝다,밝따,palk.da,lk-t,lkd,0.0,0.0,,,1.0,lC+Obstruen,,,,,,,,,,,,
palk-ko,밝고,밝꼬,palk.go,lk-k,lkg,0.0,0.0,,,1.0,lC+Obstruen,,,,,,,,,,,,
palk-cito,밝지도,받찌도,pat.Ji.to,lk-c,tJ,0.0,1.0,,,1.0,lC+Obstruen,,,,,,,,,,,,
palp-ke,밟게,발께,pal.ge,lp-k,lg,1.0,0.0,,,1.0,lC+Obstruen,,,,,,,,,,,,
ilk-ko,읽고,일꼬,il.go,lk-k,lg,1.0,0.0,,,1.0,lC+Obstruen,,,,,,,,,,,,
palp-ko,밟고,발꼬,pal.go,lp-k,lg,1.0,0.0,,,1.0,lC+Obstruen,,,,,,,,,,,,
palp-kosv,밟고서,발꼬서,pal.go.sv,lp-k,lg,1.0,0.0,,,1.0,lC+Obstruen,,,,,,,,,,,,
palp-ki,밟기,발끼,pal.gi,lp-k,lg,1.0,0.0,,,1.0,lC+Obstruen,,,,,,,,,,,,
palp-kito,밟기도,밟끼도,palp.gi.to,lp-k,lpg,0.0,0.0,,,1.0,lC+Obstruen,,,,,,,,,,,,
kulm-ko,굶고,굼꼬,kum.go,lm-k,mg,0.0,1.0,,,1.0,lC+Obstruen,,,,,,,,,,,,
kulm-ci,굶지,굼찌,kum.Ji,lm-c,mJ,0.0,1.0,,,1.0,lC+Obstruen,,,,,,,,,,,,
kulm-ko,굶고,굼꼬,kum.go,lm-k,mg,0.0,1.0,,,1.0,lC+Obstruen,,,,,,,,,,,,
palp-ko,밟고,밟꼬,palp.go,lp-k,lpg,0.0,0.0,,,1.0,lC+Obstruen,,,,,,,,,,,,
kxlk-ko,긁고,글고,kxl.ko,lk-k,lk,1.0,0.0,,,0.0,lC+Obstruen,,,,,,,,,,,,
nvlp-cimanxn,넓지마는,널찌마는,nvl.Ji.ma.nxn,lp-c,lJ,1.0,0.0,,,1.0,lC+Obstruen,,,,,,,,,,,,
palp-ko,밟고,밟꼬,palp.go,lp-k,lpg,0.0,0.0,,,1.0,lC+Obstruen,,,,,,,,,,,,
Jalp-ciman,짧지만,짤찌만,Jal.Ji.man,lp-c,lJ,1.0,0.0,,,1.0,lC+Obstruen,,,,,,,,,,,,
ilk-koman,읽고만,읽꼬만,ilk.go.man,lk-k,lkg,0.0,0.0,,,0.0,lC+Obstruen,,,,,,,,,,,,
Jalp-ki,짧기,짧끼,Jalp.gi,lp-k,lpg,0.0,0.0,,,1.0,lC+Obstruen,,,,,,,,,,,,
ilk-ta,읽다,일따,il.da,lk-t,ld,1.0,0.0,,,1.0,lC+Obstruen,,,,,,,,,,,,
Jalp-ke,짧게,짤께,Jal.ge,lp-k,lg,1.0,0.0,,,1.0,lC+Obstruen,,,,,,,,,,,,
Jalp-ke,짧게,짤께,Jal.ge,lp-k,lg,1.0,0.0,,,1.0,lC+Obstruen,,,,,,,,,,,,
Jalp-ko,짧고,짤꼬,Jal.go,lp-k,lg,1.0,0.0,,,1.0,lC+Obstruen,,,,,,,,,,,,
talm-ko,닮고,담꼬,tam.go,lm-k,mg,0.0,1.0,,,1.0,lC+Obstruen,,,,,,,,,,,,
palk-ke,밝게,밝께,palk.ge,lk-k,lkg,0.0,0.0,,,1.0,lC+Obstruen,,,,,,,,,,,,
yalp-ke,얇게,얇께,yalp.ge,lp-k,lpg,0.0,0.0,,,1.0,lC+Obstruen,,,,,,,,,,,,
nxlk-ko,늙고,늘꼬,nxl.go,lk-k,lg,1.0,0.0,,,1.0,lC+Obstruen,,,,,,,,,,,,
kulk-ko,굵고,굴꼬,kul.go,lk-k,lg,1.0,0.0,,,1.0,lC+Obstruen,,,,,,,,,,,,
palp-ko,밟고,발꼬,pal.go,lp-k,lg,1.0,0.0,,,1.0,lC+Obstruen,,,,,,,,,,,,
Jalp-canhayo,짧잖아요,짧짜나요,Jalp.Ja.na.yo,lp-c,lpJ,0.0,0.0,,,1.0,lC+Obstruen,,,,,,,,,,,,
cvlm-ko,젊고,점꼬,cvm.go,lm-k,mg,0.0,1.0,,,1.0,lC+Obstruen,,,,,,,,,,,,
nvlp-ko,넓고,널꼬,nvl.go,lp-k,lg,1.0,0.0,,,1.0,lC+Obstruen,,,,,,,,,,,,
salm-kosv,삶고서,쌈꾸서,Sam.gu.sv,lm-k,mg,0.0,1.0,,,1.0,lC+Obstruen,,,,,,,,,,,,
nvlp-sxpnita,넓습니다,넓씀니다,nvlp.Sxm.ni.ta,lp-s,lpS,0.0,0.0,,,1.0,lC+Obstruen,,,,,,,,,,,,
talm-ko,닮고,담꼬,tam.go,lm-k,mg,0.0,1.0,,,1.0,lC+Obstruen,,,,,,,,,,,,
Jalp-kenxn,짧게는,짤께는,Jal.ge.nxn,lp-k,lg,1.0,0.0,,,1.0,lC+Obstruen,,,,,,,,,,,,
nvlp-ko,넓고,넑꼬,nvlk.go,lp-k,lkg,0.0,0.0,,,1.0,lC+Obstruen,,,,,,,,,,,,
nvlp-ko,넓고,넓꼬,nvlp.go,lp-k,lpg,0.0,0.0,,,1.0,lC+Obstruen,,,,,,,,,,,,
palp-ko,밟고,밟꼬,palp.go,lp-k,lpg,0.0,0.0,,,1.0,lC+Obstruen,,,,,,,,,,,,
talm-kin,닮긴,달낀,tal.gin,lm-k,lg,1.0,0.0,,,1.0,lC+Obstruen,,,,,,,,,,,,
palk-ko,밝고,발꼬,pal.go,lk-k,lg,1.0,0.0,,,1.0,lC+Obstruen,,,,,,,,,,,,
ilk-ko,읽고,읽꼬,ilk.go,lk-k,lkg,0.0,0.0,,,1.0,lC+Obstruen,,,,,,,,,,,,
nvlp-ke,넓게,널께,nvl.ge,lp-k,lg,1.0,0.0,,,1.0,lC+Obstruen,,,,,,,,,,,,
Jalp-tako,짧다고,짤따고,Jal.da.ko,lp-t,ld,1.0,0.0,,,1.0,lC+Obstruen,,,,,,,,,,,,
kulm-nxn,굶는,굼는,kum.nxn,lm-n,mn,0.0,1.0,0.0,0.0,0.0,lC+Sonorant,,,,,,,,,,,,
kulm-nxn,굶는,굼는,kum.nxn,lm-n,mn,0.0,1.0,0.0,0.0,0.0,lC+Sonorant,,,,,,,,,,,,
kulm-nxn,굶는,굼는,kum.nxn,lm-n,mn,0.0,1.0,0.0,0.0,0.0,lC+Sonorant,,,,,,,,,,,,
kulm-nxn,굶는,굼는,kum.nxn,lm-n,mn,0.0,1.0,0.0,0.0,0.0,lC+Sonorant,,,,,,,,,,,,
kulm-nxn,굶는,굼는,kum.nxn,lm-n,mn,0.0,1.0,0.0,0.0,0.0,lC+Sonorant,,,,,,,,,,,,
kulm-nxntako,굶는다고,굼는다고,kum.nxn.ta.ko,lm-n,mn,0.0,1.0,0.0,0.0,0.0,lC+Sonorant,,,,,,,,,,,,
kulm-nxntanxn,굶는다는,굼는다는,kum.nxn.ta.nxn,lm-n,mn,0.0,1.0,0.0,0.0,0.0,lC+Sonorant,,,,,,,,,,,,
kxlk-nxn,긁는,극는,kxk.nxn,lk-n,kn,0.0,1.0,0.0,0.0,0.0,lC+Sonorant,,,,,,,,,,,,
kxlk-nxn,긁는,극는,kxk.nxn,lk-n,kn,0.0,1.0,0.0,0.0,0.0,lC+Sonorant,,,,,,,,,,,,
nxlk-nxn,늙는,늑는,nxk.nxn,lk-n,kn,0.0,1.0,0.0,0.0,0.0,lC+Sonorant,,,,,,,,,,,,
nxlk-nxn,늙는,늘는,nxl.nxn,lk-n,ln,1.0,0.0,0.0,0.0,0.0,lC+Sonorant,,,,,,,,,,,,
talm-nxn,닮는,담는,tam.nxn,lm-n,mn,0.0,1.0,0.0,0.0,0.0,lC+Sonorant,,,,,,,,,,,,
talm-nxnta,닮는다,담는다,tam.nxn.ta,lm-n,mn,0.0,1.0,0.0,0.0,0.0,lC+Sonorant,,,,,,,,,,,,
talm-nxntako,닮는다고,담는다고,tam.nxn.ta.ko,lm-n,mn,0.0,1.0,0.0,0.0,0.0,lC+Sonorant,,,,,,,,,,,,
talm-nxntanxn,닮는다는,담는다는,tam.nxn.ta.nxn,lm-n,mn,0.0,1.0,0.0,0.0,0.0,lC+Sonorant,,,,,,,,,,,,
palp-nxn,밟는,발는,pal.nxn,lp-n,ln,1.0,0.0,0.0,0.0,0.0,lC+Sonorant,,,,,,,,,,,,
palp-nxn,밟는,밥는,pap.nxn,lp-n,pn,0.0,1.0,0.0,0.0,0.0,lC+Sonorant,,,,,,,,,,,,
palp-nxn,밟는,밥는,pap.nxn,lp-n,pn,0.0,1.0,0.0,0.0,0.0,lC+Sonorant,,,,,,,,,,,,
palp-nxn,밟는,밥는,pap.nxn,lp-n,pn,0.0,1.0,0.0,0.0,0.0,lC+Sonorant,,,,,,,,,,,,
palp-nxn,밟는,밥는,pap.nxn,lp-n,pn,0.0,1.0,0.0,0.0,0.0,lC+Sonorant,,,,,,,,,,,,
salm-nxn,삶는,쌈는,Sam.nxn,lm-n,mn,0.0,1.0,0.0,0.0,0.0,lC+Sonorant,,,,,,,,,,,,
salm-nxntatxnka,삶는다든가,쌈는다든가,Sam.nxn.ta.txn.ka,lm-n,mn,0.0,1.0,0.0,0.0,0.0,lC+Sonorant,,,,,,,,,,,,
ilk-napwayo,읽나봐요,익나봐요,ik.na.pwa.yo,lk-n,kn,0.0,1.0,0.0,0.0,0.0,lC+Sonorant,,,,,,,,,,,,
ilk-nxn,읽는,익는,ik.nxn,lk-n,kn,0.0,1.0,0.0,0.0,0.0,lC+Sonorant,,,,,,,,,,,,
ilk-nxn,읽는,익는,ik.nxn,lk-n,kn,0.0,1.0,0.0,0.0,0.0,lC+Sonorant,,,,,,,,,,,,
ilk-nxntatxnci,읽는다든지,익는,ik.nxn,lk-n,kn,0.0,1.0,0.0,0.0,0.0,lC+Sonorant,,,,,,,,,,,,
ilk-nxn,읽는,익는,ik.nxn,lk-n,kn,0.0,1.0,0.0,0.0,0.0,lC+Sonorant,,,,,,,,,,,,
ilk-nxn,읽는,익는,ik.nxn,lk-n,kn,0.0,1.0,0.0,0.0,0.0,lC+Sonorant,,,,,,,,,,,,
ilk-nxn,읽는,익는,ik.nxn,lk-n,kn,0.0,1.0,0.0,0.0,0.0,lC+Sonorant,,,,,,,,,,,,
ilk-nxn,읽는,익는,ik.nxn,lk-n,kn,0.0,1.0,0.0,0.0,0.0,lC+Sonorant,,,,,,,,,,,,
ilk-nxn,읽는,익는,ik.nxn,lk-n,kn,0.0,1.0,0.0,0.0,0.0,lC+Sonorant,,,,,,,,,,,,
ilk-nxnkuna,읽는구나,익는구나,ik.nxn.ku.na,lk-n,kn,0.0,1.0,0.0,0.0,0.0,lC+Sonorant,,,,,,,,,,,,
ilk-nxntanxn,읽는다는,익는다는,ik.nxn.ta.nxn,lk-n,kn,0.0,1.0,0.0,0.0,0.0,lC+Sonorant,,,,,,,,,,,,
ilk-nxntatxnka,읽는다든가,익는다든가,ik.nxn.ta.txn.ka,lk-n,kn,0.0,1.0,0.0,0.0,0.0,lC+Sonorant,,,,,,,,,,,,
ilk-nxnte,읽는데,익는데,ik.nxn.te,lk-n,kn,0.0,0.0,0.0,0.0,0.0,lC+Sonorant,,,,,,,,,,,,
ilk-nxnteto,읽는데도,익는데도,ik.nxn.te.to,lk-n,kn,0.0,1.0,0.0,0.0,0.0,lC+Sonorant,,,,,,,,,,,,
ilk-nxn,읽는,일는,il.nxn,lk-n,ln,1.0,0.0,0.0,0.0,0.0,lC+Sonorant,,,,,,,,,,,,
ilk-nxn,읽는,일는,il.nxn,lk-n,ln,1.0,0.0,0.0,0.0,0.0,lC+Sonorant,,,,,,,,,,,,
ilk-nxn,읽는,일는,il.nxn,lk-n,ln,1.0,0.0,0.0,0.0,0.0,lC+Sonorant,,,,,,,,,,,,
ilk-nxn,읽는,일는,il.nxn,lk-n,ln,1.0,0.0,0.0,0.0,0.0,lC+Sonorant,,,,,,,,,,,,
ilk-nxn,읽는,일는,il.nxn,lk-n,ln,1.0,0.0,0.0,0.0,0.0,lC+Sonorant,,,,,,,,,,,,
ilk-nxn,읽는,일는,il.nxn,lk-n,ln,1.0,0.0,0.0,0.0,0.0,lC+Sonorant,,,,,,,,,,,,
ilk-nxn,읽는,일는,il.nxn,lk-n,ln,1.0,0.0,0.0,0.0,0.0,lC+Sonorant,,,,,,,,,,,,
ilk-nxn,읽는,일는,il.nxn,lk-n,ln,1.0,0.0,0.0,0.0,0.0,lC+Sonorant,,,,,,,,,,,,
ilk-nxntakvna,읽는다거나,일는다거나,il.nxn.ta.kv.na,lk-n,ln,1.0,0.0,0.0,0.0,0.0,lC+Sonorant,,,,,,,,,,,,
ilk-nxntatxnka,읽는다든가,일는다던가,il.nxn.ta.tvn.ka,lk-n,ln,1.0,0.0,0.0,0.0,0.0,lC+Sonorant,,,,,,,,,,,,
ilk-nxntatxnka,읽는다든가,일는다든가,il.nxn.ta.txn.ka,lk-n,ln,1.0,0.0,0.0,0.0,0.0,lC+Sonorant,,,,,,,,,,,,
ilk-nxn,읽는,읽는,ilk.nxn,lk-n,lkn,0.0,0.0,0.0,0.0,0.0,lC+Sonorant,,,,,,,,,,,,
ilk-nxnte,읽는데,읽는데,ilk.nxn.te,lk-n,lkn,0.0,0.0,0.0,0.0,0.0,lC+Sonorant,,,,,,,,,,,,
ilk-nxn,읽는,잉는,iN.nxn,lk-n,Nn,0.0,1.0,1.0,0.0,0.0,lC+Sonorant,,,,,,,,,,,,
ilk-nxn,읽는,잉는,iN.nxn,lk-n,Nn,0.0,1.0,1.0,0.0,0.0,lC+Sonorant,,,,,,,,,,,,
ilk-nxn,읽는,잉는,iN.nxn,lk-n,Nn,0.0,1.0,1.0,0.0,0.0,lC+Sonorant,,,,,,,,,,,,
ilk-nxntatxnka,읽는다든가,잉는다던가,iN.nxn.ta.tvn.ka,lk-n,Nn,0.0,1.0,1.0,0.0,0.0,lC+Sonorant,,,,,,,,,,,,
cispalp-nxntako,짓밟는다고,짓밟는다고,cis.palp.nxn.ta.ko,lp-n,lpn,0.0,0.0,0.0,0.0,0.0,lC+Sonorant,,,,,,,,,,,,
cispalp-nxn,짓밟는,짓빫는,cis.balp.nxn,lp-n,lpn,0.0,0.0,0.0,0.0,0.0,lC+Sonorant,,,,,,,,,,,,
halT-nxn,핥는,할른,hal.lxn,lT-n,ll,1.0,0.0,0.0,1.0,0.0,lC+Sonorant,,,,,,,,,,,,
halT-nxn,핥는,할른,hal.lxn,lT-n,ll,1.0,0.0,0.0,1.0,0.0,lC+Sonorant,,,,,,,,,,,,
kulm-nxn,굶는,굴는,kul.nxn,lm-n,ln,1.0,0.0,0.0,0.0,0.0,lC+Sonorant,,,,,,,,,,,,
ilk-nxn,읽는,일른,il.lxn,lk-n,ll,1.0,0.0,0.0,1.0,0.0,lC+Sonorant,,,,,,,,,,,,
salm-nxntatxnka,삶는다든가,쌈는다등가,Sam.nxn.ta.txN.ka,lm-n,mn,0.0,1.0,0.0,0.0,0.0,lC+Sonorant,,,,,,,,,,,,
kulm-nxn,굶는,굼는,kum.nxn,lm-n,mn,0.0,1.0,0.0,0.0,0.0,lC+Sonorant,,,,,,,,,,,,
nxlk-nxn,늙는,능는,nxN.nxn,lk-n,Nn,0.0,1.0,1.0,0.0,0.0,lC+Sonorant,,,,,,,,,,,,
ilk-nxn,읽는,잉는,iN.nxn,lk-n,Nn,0.0,1.0,1.0,0.0,0.0,lC+Sonorant,,,,,,,,,,,,
nxlk-nxn,늙는,능는,nxN.nxn,lk-n,Nn,0.0,1.0,1.0,0.0,0.0,lC+Sonorant,,,,,,,,,,,,
ilk-nxntatxnci,읽는다든지,읽는다든지,ilk.nxn.ta.txn.ci,lk-n,lkn,0.0,0.0,0.0,0.0,0.0,lC+Sonorant,,,,,,,,,,,,
ilk-nxn,읽는,잉는,iN.nxn,lk-n,Nn,0.0,1.0,1.0,0.0,0.0,lC+Sonorant,,,,,,,,,,,,
ilk-nxntatxnka,읽는다든가,잉는다덩가,iN.nxn.ta.tvN.ka,lk-n,Nn,0.0,1.0,1.0,0.0,0.0,lC+Sonorant,,,,,,,,,,,,
kxlk-nxn,긁는,긍는,kxN.nxn,lk-n,Nn,0.0,1.0,1.0,0.0,0.0,lC+Sonorant,,,,,,,,,,,,
palp-nxn,밟는,밟는,palp.nxn,lp-n,lpn,0.0,0.0,0.0,0.0,0.0,lC+Sonorant,,,,,,,,,,,,
nxlk-nxn,늙는,능는,nxN.nxn,lk-n,Nn,0.0,1.0,1.0,0.0,0.0,lC+Sonorant,,,,,,,,,,,,
ilk-nxn,읽는,일는,il.nxn,lk-n,ln,1.0,0.0,0.0,0.0,0.0,lC+Sonorant,,,,,,,,,,,,
kxlk-nxn,긁는,긍는,kxN.nxn,lk-n,Nn,0.0,1.0,1.0,0.0,0.0,lC+Sonorant,,,,,,,,,,,,
palp-nxntanxn,밟는다는,밤는다는,pam.nxn.ta.nxn,lp-n,mn,0.0,1.0,1.0,0.0,0.0,lC+Sonorant,,,,,,,,,,,,
ilk-nxnte,읽는데,잉는데,iN.nxn.te,lk-n,Nn,0.0,1.0,1.0,0.0,0.0,lC+Sonorant,,,,,,,,,,,,
ilk-nxn,읽는,잉는,iN.nxn,lk-n,Nn,0.0,1.0,1.0,0.0,0.0,lC+Sonorant,,,,,,,,,,,,
ilk-nxntako,읽는다고,일는다고,il.nxn.ta.ko,lk-n,ln,1.0,0.0,0.0,0.0,0.0,lC+Sonorant,,,,,,,,,,,,
talm-nxntako,닮는다고,달믄다고,tal.mxn.ta.ko,lm-n,lm,1.0,0.0,0.0,0.0,0.0,lC+Sonorant,,,,,,,,,,,,
palp-nxn,밟는,밟는,palp.nxn,lp-n,lpn,0.0,0.0,0.0,0.0,0.0,lC+Sonorant,,,,,,,,,,,,
ilk-nxn,읽는,읽는,ilk.nxn,lk-n,lkn,0.0,0.0,0.0,0.0,0.0,lC+Sonorant,,,,,,,,,,,,
talm-nxn,닮는,담는,tam.nxn,lm-n,mn,0.0,1.0,0.0,0.0,0.0,lC+Sonorant,,,,,,,,,,,,
palp-nxn,밟는,밟는,palp.nxn,lp-n,lpn,0.0,0.0,0.0,0.0,0.0,lC+Sonorant,,,,,,,,,,,,
palp-nxn,밟는,밞는,palm.nxn,lp-n,lmn,0.0,0.0,1.0,0.0,0.0,lC+Sonorant,,,,,,,,,,,,
nxlk-nxntacanha,늙는다잖아,능는다자나,nxN.nxn.ta.ca.na,lk-n,Nn,0.0,1.0,1.0,0.0,0.0,lC+Sonorant,,,,,,,,,,,,
ilk-nxnte,읽는데,잉는데,iN.nxn.te,lk-n,Nn,0.0,1.0,1.0,0.0,0.0,lC+Sonorant,,,,,,,,,,,,
talm-nxntamyvnsv,닮는다면서,담는다면서,tam.nxn.ta.myvn.sv,lm-n,mn,0.0,1.0,0.0,0.0,0.0,lC+Sonorant,,,,,,,,,,,,
Jalp-nyako,짧냐고,짭냐고,Jap.nya.ko,lp-n,pn,0.0,1.0,0.0,0.0,0.0,lC+Sonorant,,,,,,,,,,,,
palp-nxn,밟는,밟는,palp.nxn,lp-n,lpn,0.0,0.0,0.0,0.0,0.0,lC+Sonorant,,,,,,,,,,,,
salm-nxn,삶는,쌈는,Sam.nxn,lm-n,mn,0.0,1.0,0.0,0.0,0.0,lC+Sonorant,,,,,,,,,,,,
talm-nxn,닮는,담는,tam.nxn,lm-n,mn,0.0,1.0,0.0,0.0,0.0,lC+Sonorant,,,,,,,,,,,,
nxlk-nxntanxn,늙는다는,능는다는,nxN.nxn.ta.nxn,lk-n,Nn,0.0,1.0,1.0,0.0,0.0,lC+Sonorant,,,,,,,,,,,,
nxlk-nxnta,늙는다,능는다,nxN.nxn.ta,lk-n,Nn,0.0,1.0,1.0,0.0,0.0,lC+Sonorant,,,,,,,,,,,,
nxlk-nxntani,늙는다니,능는다니,nxN.nxn.ta.ni,lk-n,Nn,0.0,1.0,1.0,0.0,0.0,lC+Sonorant,,,,,,,,,,,,
ilk-nxn,읽는,잉는,iN.nxn,lk-n,Nn,0.0,1.0,1.0,0.0,0.0,lC+Sonorant,,,,,,,,,,,,
kxlk-nxntakvna,긁는다거나,긍는다거나,kxN.nxn.ta.kv.na,lk-n,Nn,0.0,1.0,1.0,0.0,0.0,lC+Sonorant,,,,,,,,,,,,
palp-nxn,밟는,발른,pal.lxn,lp-n,ll,1.0,0.0,0.0,1.0,0.0,lC+Sonorant,,,,,,,,,,,,
bopkeSta,,,bokgetda,p-k,kg,,,,,,,,,,C+Obstruent,,,,,0.0,0.0,yes,
vpskeSvyo,,,vpgeSvyv,ps-k,pg,,,,,,,,,,C+Obstruent,,,,,1.0,0.0,yes,
vpski,,,vpki,ps-k,pk,,,,,,,,,,C+Obstruent,,,,,1.0,0.0,no,
vpsta,,,vpta,ps-k,pt,,,,,,,,,,C+Obstruent,,,,,1.0,0.0,no,
vpsta,,,vpda,ps-k,pd,,,,,,,,,,C+Obstruent,,,,,1.0,0.0,yes,
vpsta,,,vtda,ps-k,td,,,,,,,,,,C+Obstruent,,,,,1.0,0.0,yes,
vpsta,,,vpTa,ps-k,pT,,,,,,,,,,C+Obstruent,,,,,1.0,0.0,no,
vpscyo,,,vpJyv,ps-c,pJ,,,,,,,,,,C+Obstruent,,,,,1.0,0.0,yes,
vpsci,,,vpCi,ps-c,pC,,,,,,,,,,C+Obstruent,,,,,1.0,0.0,no,
vpsko,,,vpgo,ps-k,pg,,,,,,,,,,C+Obstruent,,,,,1.0,0.0,yes,
vpskuna,,,vpguna,ps-k,pg,,,,,,,,,,C+Obstruent,,,,,1.0,0.0,yes,
vpsta,,,vpda,ps-t,pd,,,,,,,,,,C+Obstruent,,,,,1.0,0.0,yes,
vpsta,,,vpda,ps-t,pd,,,,,,,,,,C+Obstruent,,,,,1.0,0.0,yes,
vpste,,,vpde,ps-t,pd,,,,,,,,,,C+Obstruent,,,,,1.0,0.0,yes,
vpste,,,vpde,ps-t,pd,,,,,,,,,,C+Obstruent,,,,,1.0,0.0,yes,
vpscanha,,,vpJana,ps-c,pJ,,,,,,,,,,C+Obstruent,,,,,1.0,0.0,yes,
vpsci,,,vpJi,ps-c,pJ,,,,,,,,,,C+Obstruent,,,,,1.0,0.0,yes,
vpsci,,,vpJi,ps-c,pJ,,,,,,,,,,C+Obstruent,,,,,1.0,0.0,yes,
Jicci,,,JiCi,c-c,C,,,,,,,,,,C+Obstruent,,,,,1.0,0.0,no,
gocca,,,goCa,c-c,C,,,,,,,,,,C+Obstruent,,,,,1.0,0.0,no,
Jicci,,,JitJi,c-c,tJ,,,,,,,,,,C+Obstruent,,,,,0.0,0.0,yes,
gocca,,,gotJa,c-c,tJ,,,,,,,,,,C+Obstruent,,,,,0.0,0.0,yes,
gocci,,,gotJi,c-c,tJ,,,,,,,,,,C+Obstruent,,,,,0.0,0.0,yes,
macciman,,,matJiman,c-c,tJ,,,,,,,,,,C+Obstruent,,,,,0.0,0.0,yes,
kacko,,,kakKu,c-k,kK,,,,,,,,,,C+Obstruent,,,,,0.0,0.0,no,
kacko,,,ago,c-k,g,,,,,,,,,,C+Obstruent,,,,,1.0,0.0,yes,
kacko,,,gakgo,c-k,kg,,,,,,,,,,C+Obstruent,,,,,0.0,0.0,yes,
CackeSv,,,CatgeSv,c-k,tg,,,,,,,,,,C+Obstruent,,,,,0.0,0.0,yes,
Cacko,,,Catgo,c-k,tg,,,,,,,,,,C+Obstruent,,,,,0.0,0.0,yes,
kacko,,,katgo,c-k,tg,,,,,,,,,,C+Obstruent,,,,,0.0,0.0,yes,
kacko,,,kakgo,c-k,kg,,,,,,,,,,C+Obstruent,,,,,0.0,0.0,yes,
Jicki,,,Jikgi,c-k,kg,,,,,,,,,,C+Obstruent,,,,,0.0,0.0,yes,
nxcke,,,nxkge,c-k,kg,,,,,,,,,,C+Obstruent,,,,,0.0,0.0,yes,
mackeSci,,,makgetJi,c-k,kg,,,,,,,,,,C+Obstruent,,,,,0.0,0.0,yes,
kacko,,,kakgu,c-k,kg,,,,,,,,,,C+Obstruent,,,,,0.0,0.0,yes,
kacko,,,kagu,c-k,g,,,,,,,,,,C+Obstruent,,,,,1.0,0.0,yes,
kacko,,,kago,c-k,g,,,,,,,,,,C+Obstruent,,,,,1.0,0.0,yes,
kacta,,,atda,c-t,td,,,,,,,,,,C+Obstruent,,,,,0.0,0.0,yes,
macta,,,matTa,c-t,tT,,,,,,,,,,C+Obstruent,,,,,0.0,0.0,no,
Cactaka,,,Catdaka,c-t,td,,,,,,,,,,C+Obstruent,,,,,0.0,0.0,yes,
kacta,,,katda,c-t,td,,,,,,,,,,C+Obstruent,,,,,0.0,0.0,yes,
nacta,,,natda,c-t,td,,,,,,,,,,C+Obstruent,,,,,0.0,0.0,yes,
macta,,,matda,c-t,td,,,,,,,,,,C+Obstruent,,,,,0.0,0.0,yes,
macte,,,matde,c-t,td,,,,,,,,,,C+Obstruent,,,,,0.0,0.0,yes,
tagca,,,dakJa,g-c,kJ,,,,,,,,,,C+Obstruent,,,,,0.0,0.0,yes,
tagci,,,dakJi,g-c,kJ,,,,,,,,,,C+Obstruent,,,,,0.0,0.0,yes,
tagko,,,dakgo,g-k,kg,,,,,,,,,,C+Obstruent,,,,,0.0,0.0,yes,
tagko,,,takgo,g-k,kg,,,,,,,,,,C+Obstruent,,,,,0.0,0.0,yes,
Jikca,,,JikJa,k-c,kJ,,,,,,,,,,C+Obstruent,,,,,0.0,0.0,yes,
mvkca,,,mvkJa,k-c,kJ,,,,,,,,,,C+Obstruent,,,,,0.0,0.0,yes,
mvkci,,,mvkJi,k-c,kJ,,,,,,,,,,C+Obstruent,,,,,0.0,0.0,yes,
mvkci,,,mvkJi,k-c,kJ,,,,,,,,,,C+Obstruent,,,,,0.0,0.0,yes,
mvkci,,,mvkJi,k-c,kJ,,,,,,,,,,C+Obstruent,,,,,0.0,0.0,yes,
mvkci,,,mvkJi,k-c,kJ,,,,,,,,,,C+Obstruent,,,,,0.0,0.0,yes,
dokkaTcanha,,,dokgatda,k-g,kg,,,,,,,,,,C+Obstruent,,,,,0.0,0.0,yes,
cukkeSv,,,cukkeSv,k-k,kk,,,,,,,,,,C+Obstruent,,,,,0.0,0.0,no,
mvkku,,,mvkgo,k-k,kg,,,,,,,,,,C+Obstruent,,,,,0.0,0.0,yes,
cukkeSnxnte,,,cukgennxnte,k-k,kg,,,,,,,,,,C+Obstruent,,,,,0.0,0.0,yes,
cukkeSv,,,cukgeSv,k-k,kg,,,,,,,,,,C+Obstruent,,,,,0.0,0.0,yes,
dokkaTte,,,dokgatde,k-k,kg,,,,,,,,,,C+Obstruent,,,,,0.0,0.0,yes,
dokkaTcanha,,,dokgatJana,k-k,kg,,,,,,,,,,C+Obstruent,,,,,0.0,0.0,yes,
mvkkeSta,,,mvkgetda,k-k,kg,,,,,,,,,,C+Obstruent,,,,,0.0,0.0,yes,
mvkkeSsxpnita,,,mvkgetSxmnita,k-k,kg,,,,,,,,,,C+Obstruent,,,,,0.0,0.0,yes,
mvkko,,,mvkgo,k-k,kg,,,,,,,,,,C+Obstruent,,,,,0.0,0.0,yes,
mvkko,,,mvkgo,k-k,kg,,,,,,,,,,C+Obstruent,,,,,0.0,0.0,yes,
mvkku,,,mvkgu,k-k,kg,,,,,,,,,,C+Obstruent,,,,,0.0,0.0,yes,
mvkki,,,mvkgi,k-k,kg,,,,,,,,,,C+Obstruent,,,,,0.0,0.0,yes,
mvkki,,,mvkgi,k-k,kg,,,,,,,,,,C+Obstruent,,,,,0.0,0.0,yes,
Jikko,,,Jikgu,k-k,kg,,,,,,,,,,C+Obstruent,,,,,0.0,0.0,yes,
mvkko,,,mvkgu,k-k,kg,,,,,,,,,,C+Obstruent,,,,,0.0,0.0,yes,
cakko,,,cakgu,k-k,kg,,,,,,,,,,C+Obstruent,,,,,0.0,0.0,yes,
mvkko,,,mvgu,k-k,g,,,,,,,,,,C+Obstruent,,,,,1.0,0.0,yes,
mvkko,,,mvgu,k-k,g,,,,,,,,,,C+Obstruent,,,,,1.0,0.0,yes,
mvkko,,,mvgo,k-k,g,,,,,,,,,,C+Obstruent,,,,,1.0,0.0,yes,
mvktvlako,,,mvktxlako,k-t,kt,,,,,,,,,,C+Obstruent,,,,,0.0,0.0,no,
cakta,,,Jakda,k-t,kd,,,,,,,,,,C+Obstruent,,,,,0.0,0.0,yes,
mvktaka,,,mvkdaka,k-t,kd,,,,,,,,,,C+Obstruent,,,,,0.0,0.0,yes,
mvktolok,,,mvkdolok,k-t,kd,,,,,,,,,,C+Obstruent,,,,,0.0,0.0,yes,
cakta,,,cakda,k-t,kd,,,,,,,,,,C+Obstruent,,,,,0.0,0.0,yes,
caktvlako,,,cakdvlako,k-t,kd,,,,,,,,,,C+Obstruent,,,,,0.0,0.0,yes,
copcanha,,,JopJana,p-c,pJ,,,,,,,,,,C+Obstruent,,,,,0.0,0.0,yes,
Cupci,,,Cupci,p-c,pc,,,,,,,,,,C+Obstruent,,,,,0.0,0.0,no,
Cakapci,,,CakapJi,p-c,pJ,,,,,,,,,,C+Obstruent,,,,,0.0,0.0,yes,
Cupcanha,,,CupJana,p-c,pJ,,,,,,,,,,C+Obstruent,,,,,0.0,0.0,yes,
nupci,,,nupJi,p-c,pJ,,,,,,,,,,C+Obstruent,,,,,0.0,0.0,yes,
kapyvpci,,,kapyvpJi,p-c,pJ,,,,,,,,,,C+Obstruent,,,,,0.0,0.0,yes,
tvpci,,,tvpJi,p-c,pJ,,,,,,,,,,C+Obstruent,,,,,0.0,0.0,yes,
musvpci,,,musvpJi,p-c,pJ,,,,,,,,,,C+Obstruent,,,,,0.0,0.0,yes,
migxlvpci,,,migxlvpJi,p-c,pJ,,,,,,,,,,C+Obstruent,,,,,0.0,0.0,yes,
swipci,,,swipJi,p-c,pJ,,,,,,,,,,C+Obstruent,,,,,0.0,0.0,yes,
siPci,,,sipJi,P-c,pJ,,,,,,,,,,C+Obstruent,,,,,0.0,0.0,yes,
siPci,,,sipJi,P-c,pJ,,,,,,,,,,C+Obstruent,,,,,0.0,0.0,yes,
vlyvpci,,,vlyvpJi,p-c,pJ,,,,,,,,,,C+Obstruent,,,,,0.0,0.0,yes,
ipca,,,ipJa,p-c,pJ,,,,,,,,,,C+Obstruent,,,,,0.0,0.0,yes,
capca,,,capJa,p-c,pJ,,,,,,,,,,C+Obstruent,,,,,0.0,0.0,yes,
ciPko,,,cikgu,P-k,kg,,,,,,,,,,C+Obstruent,,,,,0.0,0.0,yes,
bopkeSv,,,bokgeSv,p-k,kg,,,,,,,,,,C+Obstruent,,,,,0.0,0.0,yes,
bopki,,,bokgi,p-k,kg,,,,,,,,,,C+Obstruent,,,,,0.0,0.0,yes,
ipko,,,ikgo,p-k,kg,,,,,,,,,,C+Obstruent,,,,,0.0,0.0,yes,
ipko,,,lipgo,p-k,pg,,,,,,,,,,C+Obstruent,,,,,0.0,0.0,yes,
ipko,,,tipgo,p-k,pg,,,,,,,,,,C+Obstruent,,,,,0.0,0.0,yes,
ipko,,,ikgu,p-k,pg,,,,,,,,,,C+Obstruent,,,,,0.0,0.0,yes,
ipko,,,likgo,p-k,kg,,,,,,,,,,C+Obstruent,,,,,0.0,0.0,yes,
ipko,,,nipgo,p-k,kg,,,,,,,,,,C+Obstruent,,,,,0.0,0.0,yes,
capko,,,cakgo,p-k,pg,,,,,,,,,,C+Obstruent,,,,,0.0,0.0,yes,
kapyvpko,,,kapyvpgo,p-k,kg,,,,,,,,,,C+Obstruent,,,,,0.0,0.0,yes,
collipki,,,collipgi,p-k,pg,,,,,,,,,,C+Obstruent,,,,,0.0,0.0,yes,
CupkeSta,,,Cupgetda,p-k,pg,,,,,,,,,,C+Obstruent,,,,,0.0,0.0,yes,
kwiyvpkuna,,,kwiyvpguna,p-k,pg,,,,,,,,,,C+Obstruent,,,,,0.0,0.0,yes,
tvpkuna,,,tvpguna,p-k,pg,,,,,,,,,,C+Obstruent,,,,,0.0,0.0,yes,
migxlvpkin,,,migxlvpgin,p-k,pg,,,,,,,,,,C+Obstruent,,,,,0.0,0.0,yes,
putxlvpko,,,putxlvpgo,p-k,pg,,,,,,,,,,C+Obstruent,,,,,0.0,0.0,yes,
bopki,,,bopgi,p-k,pg,,,,,,,,,,C+Obstruent,,,,,0.0,0.0,yes,
siPko,,,sipgo,P-k,pg,,,,,,,,,,C+Obstruent,,,,,0.0,0.0,yes,
siPku,,,sipgu,P-k,pg,,,,,,,,,,C+Obstruent,,,,,0.0,0.0,yes,
siPku,,,sipgu,P-k,pg,,,,,,,,,,C+Obstruent,,,,,0.0,0.0,yes,
vlyvpke,,,vlyvpge,p-k,pg,,,,,,,,,,C+Obstruent,,,,,0.0,0.0,yes,
ipko,,,ipgo,p-k,pg,,,,,,,,,,C+Obstruent,,,,,0.0,0.0,yes,
capko,,,capgo,p-k,pg,,,,,,,,,,C+Obstruent,,,,,0.0,0.0,yes,
capko,,,capgo,p-k,pg,,,,,,,,,,C+Obstruent,,,,,0.0,0.0,yes,
capku,,,capgu,p-k,pg,,,,,,,,,,C+Obstruent,,,,,0.0,0.0,yes,
capkika,,,capgika,p-k,pg,,,,,,,,,,C+Obstruent,,,,,0.0,0.0,yes,
cipko,,,cipgu,p-k,pg,,,,,,,,,,C+Obstruent,,,,,0.0,0.0,yes,
ipko,,,ipgu,p-k,pg,,,,,,,,,,C+Obstruent,,,,,0.0,0.0,yes,
capko,,,capgu,p-k,pg,,,,,,,,,,C+Obstruent,,,,,0.0,0.0,yes,
pankapsxpnita,,,pankaSxmnita,p-s,S,,,,,,,,,,C+Obstruent,,,,,1.0,0.0,yes,
pankapsxpnita,,,pankapSxmmita,p-s,pS,,,,,,,,,,C+Obstruent,,,,,0.0,0.0,yes,
kapsita,,,kapsita,p-s,ps,,,,,,,,,,C+Obstruent,,,,,0.0,0.0,no,
kapsita,,,kapSita,p-s,pS,,,,,,,,,,C+Obstruent,,,,,0.0,0.0,yes,
pankapsxpnita,,,pankapSxmnita,p-s,pS,,,,,,,,,,C+Obstruent,,,,,0.0,0.0,yes,
siPso,,,sipSo,P-s,pS,,,,,,,,,,C+Obstruent,,,,,0.0,0.0,yes,
komapsxpnita,,,komaSxmnita,p-s,S,,,,,,,,,,C+Obstruent,,,,,1.0,0.0,yes,
komapsxpnita,,,komaSxmmita,p-s,S,,,,,,,,,,C+Obstruent,,,,,1.0,0.0,yes,
vpskvtxnyo,,,vpgvtxnnyv,ps-k,pg,,,,,,,,,,C+Obstruent,,,,,0.0,0.0,yes,
kwiyvpta,,,kiyvpda,p-t,pd,,,,,,,,,,C+Obstruent,,,,,0.0,0.0,yes,
kwiyvpta,,,kiyvpda,p-t,pd,,,,,,,,,,C+Obstruent,,,,,0.0,0.0,yes,
tvpta,,,tvpta,p-t,pt,,,,,,,,,,C+Obstruent,,,,,0.0,0.0,no,
pankaptako,,,paNkapdako,p-t,pd,,,,,,,,,,C+Obstruent,,,,,0.0,0.0,yes,
swipta,,,swipta,p-t,pd,,,,,,,,,,C+Obstruent,,,,,0.0,0.0,no,
siPta,,,sipta,P-t,pt,,,,,,,,,,C+Obstruent,,,,,0.0,0.0,no,
collipta,,,collipda,p-t,pd,,,,,,,,,,C+Obstruent,,,,,0.0,0.0,yes,
Cakapta,,,Cakapda,p-t,pd,,,,,,,,,,C+Obstruent,,,,,0.0,0.0,yes,
Cuptvla,,,Cupdvla,p-t,pd,,,,,,,,,,C+Obstruent,,,,,0.0,0.0,yes,
kwiyvpta,,,kwiyvpda,p-t,pd,,,,,,,,,,C+Obstruent,,,,,0.0,0.0,yes,
kwiyvpta,,,kwiyvpda,p-t,pd,,,,,,,,,,C+Obstruent,,,,,0.0,0.0,yes,
noPtako,,,nopdako,P-t,pd,,,,,,,,,,C+Obstruent,,,,,0.0,0.0,yes,
tvlvpta,,,tvlvpda,p-t,pd,,,,,,,,,,C+Obstruent,,,,,0.0,0.0,yes,
tvlvptan,,,tvlvpdan,p-t,pd,,,,,,,,,,C+Obstruent,,,,,0.0,0.0,yes,
mukvpta,,,mukvpda,p-t,pd,,,,,,,,,,C+Obstruent,,,,,0.0,0.0,yes,
mukvpta,,,mukvpda,p-t,pd,,,,,,,,,,C+Obstruent,,,,,0.0,0.0,yes,
migxlvpta,,,migxlvpda,p-t,pd,,,,,,,,,,C+Obstruent,,,,,0.0,0.0,yes,
putxlvpta,,,putxlvpda,p-t,pd,,,,,,,,,,C+Obstruent,,,,,0.0,0.0,yes,
putxlvpci,,,putxlvpJi,p-t,pJ,,,,,,,,,,C+Obstruent,,,,,0.0,0.0,yes,
siPta,,,sipda,P-t,pd,,,,,,,,,,C+Obstruent,,,,,0.0,0.0,yes,
siPta,,,sipda,P-t,pd,,,,,,,,,,C+Obstruent,,,,,0.0,0.0,yes,
siPte,,,sipde,P-t,pd,,,,,,,,,,C+Obstruent,,,,,0.0,0.0,yes,
siPtvlako,,,sipdvlako,P-t,pd,,,,,,,,,,C+Obstruent,,,,,0.0,0.0,yes,
aswiptvlakoyo,,,aswipdvlakoyo,p-t,pd,,,,,,,,,,C+Obstruent,,,,,0.0,0.0,yes,
vlyvpta,,,vlyvpda,p-t,pd,,,,,,,,,,C+Obstruent,,,,,0.0,0.0,yes,
vcilvptvlako,,,vcilvpdvlako,p-t,pd,,,,,,,,,,C+Obstruent,,,,,0.0,0.0,yes,
pvsca,,,pvtca,s-c,tc,,,,,,,,,,C+Obstruent,,,,,0.0,0.0,no,
iScanha,,,itJanv,S-c,tJ,,,,,,,,,,C+Obstruent,,,,,0.0,0.0,yes,
iScyo,,,titJyv,S-c,tJ,,,,,,,,,,C+Obstruent,,,,,0.0,0.0,yes,
iSci,,,sitJi,S-c,tJ,,,,,,,,,,C+Obstruent,,,,,0.0,0.0,yes,
iSci,,,titJi,S-c,tJ,,,,,,,,,,C+Obstruent,,,,,0.0,0.0,yes,
cemiSci,,,cemitJi,S-c,tJ,,,,,,,,,,C+Obstruent,,,,,0.0,0.0,yes,
nasci,,,natJi,s-c,tJ,,,,,,,,,,C+Obstruent,,,,,0.0,0.0,yes,
pvsca,,,pvtJa,s-c,tJ,,,,,,,,,,C+Obstruent,,,,,0.0,0.0,yes,
pvscanha,,,pvtJana,s-c,tJ,,,,,,,,,,C+Obstruent,,,,,0.0,0.0,yes,
Sisca,,,SitJa,s-c,tJ,,,,,,,,,,C+Obstruent,,,,,0.0,0.0,yes,
iSca,,,itJa,S-c,tJ,,,,,,,,,,C+Obstruent,,,,,0.0,0.0,yes,
iScanha,,,itJana,S-c,tJ,,,,,,,,,,C+Obstruent,,,,,0.0,0.0,yes,
iScanha,,,itJana,S-c,tJ,,,,,,,,,,C+Obstruent,,,,,0.0,0.0,yes,
iScyo,,,itJyo,S-c,tJ,,,,,,,,,,C+Obstruent,,,,,0.0,0.0,yes,
iSci,,,itJi,S-c,tJ,,,,,,,,,,C+Obstruent,,,,,0.0,0.0,yes,
iSci,,,itJi,S-c,tJ,,,,,,,,,,C+Obstruent,,,,,0.0,0.0,yes,
iSci,,,itJi,S-c,tJ,,,,,,,,,,C+Obstruent,,,,,0.0,0.0,yes,
pvskilyvko,,,pvkgillyvko,s-k,kg,,,,,,,,,,C+Obstruent,,,,,0.0,0.0,yes,
uskinxn,,,ukginxN,s-k,kg,,,,,,,,,,C+Obstruent,,,,,0.0,0.0,yes,
uskin,,,ukgiN,s-k,kg,,,,,,,,,,C+Obstruent,,,,,0.0,0.0,yes,
iSke,,,sikge,S-k,kg,,,,,,,,,,C+Obstruent,,,,,0.0,0.0,yes,
iSke,,,masige,S-k,g,,,,,,,,,,C+Obstruent,,,,,1.0,0.0,yes,
iSke,,,masikge,S-k,kg,,,,,,,,,,C+Obstruent,,,,,0.0,0.0,yes,
iSke,,,tikge,S-k,kg,,,,,,,,,,C+Obstruent,,,,,0.0,0.0,yes,
iSke,,,sige,S-k,kg,,,,,,,,,,C+Obstruent,,,,,0.0,0.0,yes,
iSkeSkuna,,,ikgeguna,S-k,kg,,,,,,,,,,C+Obstruent,,,,,0.0,0.0,yes,
iSkeSta,,,sikgetda,S-k,kg,,,,,,,,,,C+Obstruent,,,,,0.0,0.0,yes,
iSkeSta,,,masikgetda,S-k,kg,,,,,,,,,,C+Obstruent,,,,,0.0,0.0,yes,
iSkeSv,,,sikgetSv,S-k,kg,,,,,,,,,,C+Obstruent,,,,,0.0,0.0,yes,
iSko,,,itgu,S-k,tg,,,,,,,,,,C+Obstruent,,,,,0.0,0.0,yes,
iSku,,,ikguna,S-k,kg,,,,,,,,,,C+Obstruent,,,,,0.0,0.0,yes,
iSku,,,ikgo,S-k,kg,,,,,,,,,,C+Obstruent,,,,,0.0,0.0,yes,
iSku,,,sikgu,S-k,kg,,,,,,,,,,C+Obstruent,,,,,0.0,0.0,yes,
iSki,,,nikgi,S-k,kg,,,,,,,,,,C+Obstruent,,,,,0.0,0.0,yes,
pvskyv,,,pvtgyv,s-k,tg,,,,,,,,,,C+Obstruent,,,,,0.0,0.0,yes,
uskinxn,,,utginxn,s-k,tg,,,,,,,,,,C+Obstruent,,,,,0.0,0.0,yes,
iSke,,,itge,S-k,tg,,,,,,,,,,C+Obstruent,,,,,0.0,0.0,yes,
iSko,,,itgo,S-k,tg,,,,,,,,,,C+Obstruent,,,,,0.0,0.0,yes,
cemiSkeSta,,,cemitgetda,S-k,tg,,,,,,,,,,C+Obstruent,,,,,0.0,0.0,yes,
cemiSkuna,,,cemitguna,S-k,tg,,,,,,,,,,C+Obstruent,,,,,0.0,0.0,yes,
iSko,,,ikgo,S-k,kg,,,,,,,,,,C+Obstruent,,,,,0.0,0.0,yes,
iSko,,,ikgo,S-k,kg,,,,,,,,,,C+Obstruent,,,,,0.0,0.0,yes,
iSku,,,ikgu,S-k,kg,,,,,,,,,,C+Obstruent,,,,,0.0,0.0,yes,
iSku,,,ikgu,S-k,kg,,,,,,,,,,C+Obstruent,,,,,0.0,0.0,yes,
iSki,,,ikgi,S-k,kg,,,,,,,,,,C+Obstruent,,,,,0.0,0.0,yes,
iSkin,,,ikgin,S-k,kg,,,,,,,,,,C+Obstruent,,,,,0.0,0.0,yes,
iSkille,,,ikgille,S-k,kg,,,,,,,,,,C+Obstruent,,,,,0.0,0.0,yes,
pvsko,,,pvkgu,s-k,kg,,,,,,,,,,C+Obstruent,,,,,0.0,0.0,yes,
usko,,,ukgu,s-k,kg,,,,,,,,,,C+Obstruent,,,,,0.0,0.0,yes,
iSko,,,ikgu,S-k,kg,,,,,,,,,,C+Obstruent,,,,,0.0,0.0,yes,
pvskyv,,,pvgyv,s-k,g,,,,,,,,,,C+Obstruent,,,,,1.0,0.0,yes,
pvskyv,,,pvgyv,s-k,g,,,,,,,,,,C+Obstruent,,,,,1.0,0.0,yes,
usko,,,ugu,s-k,g,,,,,,,,,,C+Obstruent,,,,,1.0,0.0,yes,
uskin,,,ugin,s-k,g,,,,,,,,,,C+Obstruent,,,,,1.0,0.0,yes,
iSko,,,igu,S-k,g,,,,,,,,,,C+Obstruent,,,,,1.0,0.0,yes,
iSku,,,igu,S-k,g,,,,,,,,,,C+Obstruent,,,,,1.0,0.0,yes,
iSku,,,igu,S-k,g,,,,,,,,,,C+Obstruent,,,,,1.0,0.0,yes,
iSko,,,igo,S-k,g,,,,,,,,,,C+Obstruent,,,,,1.0,0.0,yes,
iSsxpnita,,,kiSxmnita,S-s,S,,,,,,,,,,C+Obstruent,,,,,1.0,0.0,yes,
iSsxpnita,,,iSxmnita,S-s,S,,,,,,,,,,C+Obstruent,,,,,1.0,0.0,yes,
iSta,,,sitda,S-t,td,,,,,,,,,,C+Obstruent,,,,,0.0,0.0,yes,
iSta,,,Jitda,S-t,td,,,,,,,,,,C+Obstruent,,,,,0.0,0.0,yes,
iSta,,,sitda,S-t,td,,,,,,,,,,C+Obstruent,,,,,0.0,0.0,yes,
iSta,,,ida,S-t,d,,,,,,,,,,C+Obstruent,,,,,1.0,0.0,yes,
iSta,,,mitda,S-t,td,,,,,,,,,,C+Obstruent,,,,,0.0,0.0,yes,
iSta,,,kitda,S-t,td,,,,,,,,,,C+Obstruent,,,,,0.0,0.0,yes,
iSta,,,iSda,S-t,Sd,,,,,,,,,,C+Obstruent,,,,,0.0,0.0,yes,
iSta,,,itTa,S-t,tT,,,,,,,,,,C+Obstruent,,,,,0.0,0.0,no,
iSta,,,itdv,S-t,td,,,,,,,,,,C+Obstruent,,,,,0.0,0.0,yes,
iSta,,,nitda,S-t,td,,,,,,,,,,C+Obstruent,,,,,0.0,0.0,yes,
iSta,,,itde,S-t,td,,,,,,,,,,C+Obstruent,,,,,0.0,0.0,yes,
iSta,,,ikgu,S-t,kg,,,,,,,,,,C+Obstruent,,,,,0.0,0.0,yes,
iSta,,,pitda,S-t,td,,,,,,,,,,C+Obstruent,,,,,0.0,0.0,yes,
iSta,,,mitda,S-t,td,,,,,,,,,,C+Obstruent,,,,,0.0,0.0,yes,
iStvla,,,itdxla,S-t,td,,,,,,,,,,C+Obstruent,,,,,0.0,0.0,yes,
iStvla,,,itdxla,S-t,td,,,,,,,,,,C+Obstruent,,,,,0.0,0.0,yes,
iStvnte,,,itdxnte,S-t,td,,,,,,,,,,C+Obstruent,,,,,0.0,0.0,yes,
cemiSta,,,cemitda,S-t,td,,,,,,,,,,C+Obstruent,,,,,0.0,0.0,yes,
cemiSte,,,cemitde,S-t,td,,,,,,,,,,C+Obstruent,,,,,0.0,0.0,yes,
cemiStenta,,,cemitdenta,S-t,td,,,,,,,,,,C+Obstruent,,,,,0.0,0.0,yes,
iSta,,,itda,S-t,td,,,,,,,,,,C+Obstruent,,,,,0.0,0.0,yes,
iSta,,,itda,S-t,td,,,,,,,,,,C+Obstruent,,,,,0.0,0.0,yes,
iSta,,,itda,S-t,td,,,,,,,,,,C+Obstruent,,,,,0.0,0.0,yes,
iSteyo,,,itdeyo,S-t,td,,,,,,,,,,C+Obstruent,,,,,0.0,0.0,yes,
iStvni,,,itdvni,S-t,td,,,,,,,,,,C+Obstruent,,,,,0.0,0.0,yes,
iStvnte,,,itdvnte,S-t,td,,,,,,,,,,C+Obstruent,,,,,0.0,0.0,yes,
kaTci,,,gatJi,T-c,tJ,,,,,,,,,,C+Obstruent,,,,,0.0,0.0,yes,
dxtcinxn,,,dxtCinxn,t-c,tC,,,,,,,,,,C+Obstruent,,,,,0.0,0.0,yes,
kaTci,,,katJi,T-c,tJ,,,,,,,,,,C+Obstruent,,,,,0.0,0.0,yes,
kvtci,,,kvtJi,t-c,tJ,,,,,,,,,,C+Obstruent,,,,,0.0,0.0,yes,
kvtci,,,kvtJi,t-c,tJ,,,,,,,,,,C+Obstruent,,,,,0.0,0.0,yes,
kvtci,,,kvtJi,t-c,tJ,,,,,,,,,,C+Obstruent,,,,,0.0,0.0,yes,
dxtcinxn,,,dxtJinxn,t-c,tJ,,,,,,,,,,C+Obstruent,,,,,0.0,0.0,yes,
dxtcito,,,dxtJito,t-c,tJ,,,,,,,,,,C+Obstruent,,,,,0.0,0.0,yes,
patciyo,,,patJiyo,t-c,tJ,,,,,,,,,,C+Obstruent,,,,,0.0,0.0,yes,
sitko,,,silgo,t-k,lg,,,,,,,,,,C+Obstruent,,,,1.0,0.0,0.0,yes,unprompted lateralization
sitko,,,silgu,t-k,lg,,,,,,,,,,C+Obstruent,,,,1.0,0.0,0.0,yes,unprompted lateralization
kaTkvtxn,,,kakgvtxn,T-k,kg,,,,,,,,,,C+Obstruent,,,,,0.0,0.0,yes,
kaTko,,,kakgo,T-k,kg,,,,,,,,,,C+Obstruent,,,,,0.0,0.0,yes,
kaTku,,,kakgu,T-k,kg,,,,,,,,,,C+Obstruent,,,,,0.0,0.0,yes,
kaTku,,,kakgu,T-k,kg,,,,,,,,,,C+Obstruent,,,,,0.0,0.0,yes,
kaTkin,,,kakgin,T-k,kg,,,,,,,,,,C+Obstruent,,,,,0.0,0.0,yes,
kvtkeSne,,,kvkgenne,t-k,kg,,,,,,,,,,C+Obstruent,,,,,0.0,0.0,yes,
tatko,,,takgo,t-k,kg,,,,,,,,,,C+Obstruent,,,,,0.0,0.0,yes,
tatkine,,,takgine,t-k,kg,,,,,,,,,,C+Obstruent,,,,,0.0,0.0,yes,
tatkinta,,,takginta,t-k,kg,,,,,,,,,,C+Obstruent,,,,,0.0,0.0,yes,
txtko,,,txkgo,t-k,kg,,,,,,,,,,C+Obstruent,,,,,0.0,0.0,yes,
dxtko,,,dxkgo,t-k,kg,,,,,,,,,,C+Obstruent,,,,,0.0,0.0,yes,
mutko,,,mukgo,t-k,kg,,,,,,,,,,C+Obstruent,,,,,0.0,0.0,yes,
sitko,,,sikgu,t-k,kg,,,,,,,,,,C+Obstruent,,,,,0.0,0.0,yes,
kaTko,,,kago,T-k,g,,,,,,,,,,C+Obstruent,,,,,1.0,0.0,yes,
kaTta,,,dokgatda,T-t,td,,,,,,,,,,C+Obstruent,,,,,0.0,0.0,yes,
kaTta,,,gatda,T-t,td,,,,,,,,,,C+Obstruent,,,,,0.0,0.0,yes,
kaTta,,,katda,T-t,td,,,,,,,,,,C+Obstruent,,,,,0.0,0.0,yes,
kaTta,,,katda,T-t,td,,,,,,,,,,C+Obstruent,,,,,0.0,0.0,yes,
patko,,,pakgo,t-k,kg,,,,,,,,,,C+Obstruent,,,,,0.0,0.0,yes,
pvskyv,,,pvkgyv,s-k,kg,,,,,,,,,,C+Obstruent,,,,,0.0,0.0,yes,
pvskyv,,,pvkgyv,s-k,kg,,,,,,,,,,C+Obstruent,,,,,0.0,0.0,yes,
pvskyv,,,pvkgyv,s-k,kg,,,,,,,,,,C+Obstruent,,,,,0.0,0.0,yes,
pvsko,,,pvkgo,s-k,kg,,,,,,,,,,C+Obstruent,,,,,0.0,0.0,yes,
pvskimyvn,,,pvkgimyvn,s-k,kg,,,,,,,,,,C+Obstruent,,,,,0.0,0.0,yes,
uskyv,,,ukgyv,s-k,kg,,,,,,,,,,C+Obstruent,,,,,0.0,0.0,yes,
uskike,,,ukgike,s-k,kg,,,,,,,,,,C+Obstruent,,,,,0.0,0.0,yes,
uskikito,,,ukgikito,s-k,kg,,,,,,,,,,C+Obstruent,,,,,0.0,0.0,yes,
uskiman,,,ukgiman,s-k,kg,,,,,,,,,,C+Obstruent,,,,,0.0,0.0,yes,
uskin,,,ukgin,s-k,kg,,,,,,,,,,C+Obstruent,,,,,0.0,0.0,yes,
uskin,,,ukgin,s-k,kg,,,,,,,,,,C+Obstruent,,,,,0.0,0.0,yes,
iSkvna,,,ikgvna,S-k,kg,,,,,,,,,,C+Obstruent,,,,,0.0,0.0,yes,
iSkvtxn,,,ikgvtxn,S-k,kg,,,,,,,,,,C+Obstruent,,,,,0.0,0.0,yes,
iSke,,,ikge,S-k,kg,,,,,,,,,,C+Obstruent,,,,,0.0,0.0,yes,
iSkeSne,,,ikgenne,S-k,kg,,,,,,,,,,C+Obstruent,,,,,0.0,0.0,yes,
iSkeSnxnte,,,ikgennxnte,S-k,kg,,,,,,,,,,C+Obstruent,,,,,0.0,0.0,yes,
iSkeSta,,,ikgetda,S-k,kg,,,,,,,,,,C+Obstruent,,,,,0.0,0.0,yes,
iSkeSv,,,ikgeSv,S-k,kg,,,,,,,,,,C+Obstruent,,,,,0.0,0.0,yes,
iSkeSci,,,ikgetJi,S-k,kg,,,,,,,,,,C+Obstruent,,,,,0.0,0.0,yes,
kaTkito,,,gakgitu,T-k,kg,,,,,,,,,,C+Obstruent,,,,,0.0,0.0,yes,
mvkku,,,mvkgu,k-k,kg,,,,,,,,,,C+Obstruent,,,,,0.0,0.0,yes,
kaTkito,,,kakgitu,T-k,kg,,,,,,,,,,C+Obstruent,,,,,0.0,0.0,yes,
ilk.ko,,,il.gu,lk-k,lg,,,,,,,,,,lC+Obstruent,,,,,1.0,0.0,yes,
ilk.ko,,,il.go,lk-k,lg,,,,,,,,,,lC+Obstruent,,,,,1.0,0.0,yes,
ilk.ko,,,ilk.gu,lk-k,lkg,,,,,,,,,,lC+Obstruent,,,,,0.0,0.0,yes,
ilk.ki,,,ilk.gi,lk-k,lkg,,,,,,,,,,lC+Obstruent,,,,,0.0,0.0,yes,
ilk.nxn,,,iN.nxn,lk-n,Nn,,,,,,,,,,lC+Sonorant,,,1.0,,0.0,1.0,,
Jalp.ke,,,Jalk.ge,lp-k,lkg,,,,,,,,,,lC+Obstruent,,,,,0.0,0.0,yes,
Jalp.ke,,,Jalp.ge,lp-k,lpg,,,,,,,,,,lC+Obstruent,,,,,0.0,0.0,yes,
Jalp.ta,,,Jalp.da,lp-t,lpd,,,,,,,,,,lC+Obstruent,,,,,0.0,0.0,yes,
Jalp.ta,,,Jal.da,lp-t,ld,,,,,,,,,,lC+Obstruent,,,,,1.0,0.0,yes,
nvlp.kin,,,nvlp.gin,lp-k,lp,,,,,,,,,,lC+Obstruent,,,,,0.0,0.0,yes,
palp.ko,,,palp.go,lp-k,lp,,,,,,,,,,lC+Obstruent,,,,,0.0,0.0,yes,
olm.kyv,,,oN.kyv,lm-k,Nk,,,,,,,,,,lC+Obstruent,,,,,0.0,1.0,,
kxlkv,,,gxlkv,lk-v,lkv,,,,,,,,,,lC+Vowel,,,,,0.0,0.0,,
ilkv,,,ikv,lk-v,lkv,,,,,,,,,,lC+Vowel,,,,,0.0,0.0,,
ilkvSvyo,,,ilkvtSvyo,lk-v,lkv,,,,,,,,,,lC+Vowel,,,,,0.0,0.0,,
Jalpa,,,Jalpayo,lp-a,lpa,,,,,,,,,,lC+Vowel,,,,,0.0,0.0,,
nvlpxn,,,nvlpxn,lp-x,lpx,,,,,,,,,,lC+Vowel,,,,,0.0,0.0,,
ilkv,,,ilkv,lk- v,lkv,,,,,,,,,,lC+Vowel,,,,,0.0,0.0,,
ilkv,,,ilkv,lk- v,lkv,,,,,,,,,,lC+Vowel,,,,,0.0,0.0,,
ilkv,,,ilkv,lk- v,lkv,,,,,,,,,,lC+Vowel,,,,,0.0,0.0,,
ilkxl,,,ilkxl,lk-x,lkx,,,,,,,,,,lC+Vowel,,,,,0.0,0.0,,
ilkxl,,,ilkxl,lk-x,lkx,,,,,,,,,,lC+Vowel,,,,,0.0,0.0,,
ilkxl,,,ilkxl,lk-x,lkx,,,,,,,,,,lC+Vowel,,,,,0.0,0.0,,
cvlmxn,,,cvlmxn,lm-x,lmx,,,,,,,,,,lC+Vowel,,,,,0.0,0.0,,
cvlmxl,,,cvlmxl,lm-x,lmx,,,,,,,,,,lC+Vowel,,,,,0.0,0.0,,
Jalpa,,,Jalpa,lp-a,lpa,,,,,,,,,,lC+Vowel,,,,,0.0,0.0,,
Jalpa,,,Jalpa,lp-a,lpa,,,,,,,,,,lC+Vowel,,,,,0.0,0.0,,
nxlkvSneyo,,,nxlkvnneyo,lk-v,lkv,,,,,,,,,,lC+Vowel,,,,,0.0,0.0,,
talmaSne,,,talmanne,lm-a,lma,,,,,,,,,,lC+Vowel,,,,,0.0,0.0,,
talmaStako,,,talmatdako,lm-a,lma,,,,,,,,,,lC+Vowel,,,,,0.0,0.0,,
talmxn,,,talmxn,lm-x,lmx,,,,,,,,,,lC+Vowel,,,,,0.0,0.0,,
kxlkvSta,,,kxlkvtda,lk-v,lkx,,,,,,,,,,lC+Vowel,,,,,0.0,0.0,,
palpxmyvn,,,palpxmyvn,lp-x,lpx,,,,,,,,,,lC+Vowel,,,,,0.0,0.0,,
kxlkxseyo,,,kxlkxseyo,lk-x,lkx,,,,,,,,,,lC+Vowel,,,,,0.0,0.0,,
nvlpv,,,nvlpv,lp-v,lpv,,,,,,,,,,lC+Vowel,,,,,0.0,0.0,,
nvlpv,,,nvlpv,lp-v,lpv,,,,,,,,,,lC+Vowel,,,,,0.0,0.0,,
nvlpxn,,,nvlpxn,lp-v,lpv,,,,,,,,,,lC+Vowel,,,,,0.0,0.0,,
ilkvSko,,,ilkvkgo,lk-v,lkv,,,,,,,,,,lC+Vowel,,,,,1.0,0.0,,
