Morphology_R,Morphology_H,Production_H,Production_R,UR,SR,simplify_delete_obstruent,simplify_delete_lateral,nasalize,lateralize,tensify,Type,notes,n
kulk-ke,굵게,굴께,kul.ge,lk-k,lg,1,0,,,1,lC+Obstruen,,
kulk-ke,굵게,굴께,kul.ge,lk-k,lg,1,0,,,1,lC+Obstruen,,
kulk-ke,굵게,굴께,kul.ge,lk-k,lg,1,0,,,1,lC+Obstruen,,
kulk-kelako,굵게라고,굴께라고,kul.ge.la.ko,lk-k,lg,1,0,,,1,lC+Obstruen,,
kulk-ko,굵고,굴꼬,kul.go,lk-k,lg,1,0,,,1,lC+Obstruen,,
kulk-cikhako,굵직하고,굴찍하고,kul.Jik.ha.ko,lk-c,lJ,1,0,,,1,lC+Obstruen,,
kulm-konxn,굶고는,굶꼬는,kulm.go.nxn,lm-k,mg,0,1,,,1,lC+Obstruen,,
kulm-ko,굶고,굼꼬,kum.go,lm-k,mg,0,1,,,1,lC+Obstruen,,
kulm-ko,굶고,굼꼬,kum.go,lm-k,mg,0,1,,,1,lC+Obstruen,,
kulm-ko,굶고,굼꼬,kum.go,lm-k,mg,0,1,,,1,lC+Obstruen,,
kulm-ko,굶고,굼꼬,kum.go,lm-k,mg,0,1,,,1,lC+Obstruen,,
kulm-ko,굶고,굼꼬,kum.go,lm-k,mg,0,1,,,1,lC+Obstruen,,
kulm-ko,굶고,굼꾸,kum.gu,lm-k,mg,0,1,,,1,lC+Obstruen,,
kulm-txnka,굶든가,굼던가,kum.tvn.ka,lm-t,mt,0,1,,,0,lC+Obstruen,,
kxlk-ko,긁고,극꼬,kxk.go,lk-k,kg,0,1,,,1,lC+Obstruen,,
kxlk-kvna,긁거나,글꺼나,kxl.gv.na,lk-k,lg,1,0,,,1,lC+Obstruen,,
kxlk-ko,긁고,글꼬,kxl.go,lk-k,lg,1,0,,,1,lC+Obstruen,,
kxlk-kil,긁길,글킬,kxl.Kil,lk-k,lK,1,0,,,0,lC+Obstruen,,
kxlk-ko,긁고,끌꼬,gxl.go,lk-k,lg,1,0,,,1,lC+Obstruen,,
nvlp-ko,넓고,널고,nvl.ko,lp-k,lk,1,0,,,0,lC+Obstruen,,
nvlp-ke,넓게,널께,nvl.ge,lp-k,lg,1,0,,,1,lC+Obstruen,,
nvlp-ke,넓게,널께,nvl.ge,lp-k,lg,1,0,,,1,lC+Obstruen,,
nvlp-ke,넓게,널께,nvl.ge,lp-k,lg,1,0,,,1,lC+Obstruen,,
nvlp-ke,넓게,널께,nvl.ge,lp-k,lg,1,0,,,1,lC+Obstruen,,
nvlp-ke,넓게,널께,nvl.ge,lp-k,lg,1,0,,,1,lC+Obstruen,,
nvlp-ko,넓고,널꼬,nvl.go,lp-k,lg,1,0,,,1,lC+Obstruen,,
nvlp-ko,넓고,널꼬,nvl.go,lp-k,lg,1,0,,,1,lC+Obstruen,,
nvlp-ko,넓고,널꼬,nvl.go,lp-k,lg,1,0,,,1,lC+Obstruen,,
nvlp-ko,넓고,널꼬,nvl.go,lp-k,lg,1,0,,,1,lC+Obstruen,,
nvlp-ko,넓고,널꼬,nvl.go,lp-k,lg,1,0,,,1,lC+Obstruen,,
nvlp-ko,넓고,널꼬,nvl.go,lp-k,lg,1,0,,,1,lC+Obstruen,,
nvlp-ko,넓고,널꼬,nvl.go,lp-k,lg,1,0,,,1,lC+Obstruen,,
nvlp-ko,넓고,널꼬,nvl.go,lp-k,lg,1,0,,,1,lC+Obstruen,,
nvlp-ko,넓고,널꼬,nvl.go,lp-k,lg,1,0,,,1,lC+Obstruen,,
nvlp-ko,넓고,널꾸,nvl.gu,lp-k,lg,1,0,,,1,lC+Obstruen,,
nvlp-ki,넓기,널끼,nvl.gi,lp-k,lg,1,0,,,1,lC+Obstruen,,
nvlp-ta,넓다,널따,nvl.da,lp-t,ld,1,0,,,1,lC+Obstruen,,
nvlp-ta,넓다,널따,nvl.da,lp-t,ld,1,0,,,1,lC+Obstruen,,
nvlp-tako,넓다고,널따고,nvl.da.ko,lp-t,ld,1,0,,,1,lC+Obstruen,,
nvlp-tako,넓다고,널따고,nvl.da.ko,lp-t,ld,1,0,,,1,lC+Obstruen,,
nvlp-cika,넓지가,널찌가,nvl.Ji.ka,lp-c,lJ,1,0,,,1,lC+Obstruen,,
nvlp-cika,넓지가,널찌가,nvl.Ji.ka,lp-c,lJ,1,0,,,1,lC+Obstruen,,
nvlp-ke,넓게,넓께,nvlp.ge,lp-k,lpg,0,0,,,1,lC+Obstruen,,
nvlp-ke,넓게,넓께,nvlp.ge,lp-k,lpg,0,0,,,1,lC+Obstruen,,
nvlp-ke,넓게,넓께,nvlp.ge,lp-k,lpg,0,0,,,1,lC+Obstruen,,
nvlp-ko,넓고,넓꼬,nvlp.go,lp-k,lpg,0,0,,,1,lC+Obstruen,,
nvlp-ko,넓고,넓꼬,nvlp.go,lp-k,lpg,0,0,,,1,lC+Obstruen,,
nvlp-ko,넓고,넓꼬,nvlp.go,lp-k,lpg,0,0,,,1,lC+Obstruen,,
nvlp-sxpnita,넓습니다,넓슴니다,nvlp.sxm.ni.ta,lp-s,lps,0,0,,,0,lC+Obstruen,,
nvlp-cin,넓진,넓찐,nvlp.Jin,lp-c,lpJ,0,0,,,1,lC+Obstruen,,
nvlp-ko,넓고,넙꼬,nvp.go,lp-k,pg,0,1,,,1,lC+Obstruen,,
nvlp-ko,넓고,넙꼬,nvp.go,lp-k,pg,0,1,,,1,lC+Obstruen,,
nvlp-canhayo,넓잖아요,넙짜나요,nvp.Ja.na.yo,lp-c,pJ,0,1,,,1,lC+Obstruen,,
nvlp-cvkhako,넓적하고,넙쩍하고,nvp.Jvk.ha.ko,lp-c,pJ,0,1,,,1,lC+Obstruen,,
nxlk-ki,늙기,늘끼,nxl.gi,lk-k,lg,1,0,,,1,lC+Obstruen,,
nxlk-ki,늙기,늘끼,nxl.gi,lk-k,lg,1,0,,,1,lC+Obstruen,,
nxlk-kinxn,늙기는,늘끼는,nxl.gi.nxn,lk-k,lg,1,0,,,1,lC+Obstruen,,
nxlk-tolok,늙도록,늘또록,nxl.do.lok,lk-t,lJ,1,0,,,1,lC+Obstruen,,
nxlk-caka,늙자가,늘짜가,nxl.Ja.ka,lk-c,lJ,1,0,,,1,lC+Obstruen,,
nxlk-canhayo,늙잖아요,늘짜나요,nxl.Ja.na.yo,lk-c,lJ,1,0,,,1,lC+Obstruen,,
nxlk-ca,늙자,늙짜,nxlk.Ja,lk-c,lkJ,0,0,,,1,lC+Obstruen,,
talm-ko,닮고,달꼬,tal.go,lm-k,lg,1,0,,,1,lC+Obstruen,,
talm-ko,닮고,닮꼬,talm.go,lm-k,lmg,0,0,,,1,lC+Obstruen,,
talm-ko,닮고,닮꼬,talm.go,lm-k,lmg,0,0,,,1,lC+Obstruen,,
talm-ko,닮고,닮꼬,talm.go,lm-k,lmg,0,0,,,1,lC+Obstruen,,
talm-ko,닮고,닮꼬,talm.go,lm-k,lmg,0,0,,,1,lC+Obstruen,,
talm-ko,닮고,닮꼬,talm.go,lm-k,lmg,0,0,,,1,lC+Obstruen,,
talm-ko,닮고,담고,tam.ko,lm-k,mk,0,1,,,0,lC+Obstruen,,
talm-ko,닮고,담꼬,tam.go,lm-k,mg,0,1,,,1,lC+Obstruen,,
talm-ko,닮고,담꼬,tam.go,lm-k,mg,0,1,,,1,lC+Obstruen,,
talm-ko,닮고,담꼬,tam.go,lm-k,mg,0,1,,,1,lC+Obstruen,,
talm-ko,닮고,담꼬,tam.go,lm-k,mg,0,1,,,1,lC+Obstruen,,
talm-ko,닮고,담꼬,tam.go,lm-k,mg,0,1,,,1,lC+Obstruen,,
talm-ko,닮고,담꼬,tam.go,lm-k,mg,0,1,,,1,lC+Obstruen,,
talm-ko,닮고,담꼬,tam.go,lm-k,mg,0,1,,,1,lC+Obstruen,,
talm-ko,닮고,담꼬,tam.go,lm-k,mg,0,1,,,1,lC+Obstruen,,
talm-ko,닮고,담꼬,tam.go,lm-k,mg,0,1,,,1,lC+Obstruen,,
talm-ko,닮고,담꼬,tam.go,lm-k,mg,0,1,,,1,lC+Obstruen,,
talm-ko,닮고,담꼬,tam.go,lm-k,mg,0,1,,,1,lC+Obstruen,,
talm-ko,닮고,담꼬,tam.go,lm-k,mg,0,1,,,1,lC+Obstruen,,
talm-ko,닮고,담꼬,tam.go,lm-k,mg,0,1,,,1,lC+Obstruen,,
talm-ko,닮고,담꼬,tam.go,lm-k,mg,0,1,,,1,lC+Obstruen,,
talm-ko,닮고,담꼬,tam.go,lm-k,mg,0,1,,,1,lC+Obstruen,,
talm-ko,닮고,담꼬,tam.go,lm-k,mg,0,1,,,1,lC+Obstruen,,
talm-ko,닮고,담꼬,tam.go,lm-k,mg,0,1,,,1,lC+Obstruen,,
talm-ko,닮고,담꼬,tam.go,lm-k,mg,0,1,,,1,lC+Obstruen,,
talm-ko,닮고,담꼬,tam.go,lm-k,mg,0,1,,,1,lC+Obstruen,,
talm-ko,닮고,담꼬,tam.go,lm-k,mg,0,1,,,1,lC+Obstruen,,
talm-kin,닮긴,담낀,tam.gin,lm-k,mg,0,1,,,1,lC+Obstruen,,
talm-kin,닮긴,담낀,tam.gin,lm-k,mg,0,1,,,1,lC+Obstruen,,
talm-kinxn,닮기는,담끼는,tam.gi.nxn,lm-k,mg,0,1,,,1,lC+Obstruen,,
talm-tvlakoyo,닮더라고요,담떠라고요,tam.dv.la.ko.yo,lm-t,md,0,1,,,1,lC+Obstruen,,
talm-ci,닮지,담찌,tam.Ji,lm-c,mJ,0,1,,,1,lC+Obstruen,,
talm-ci,닮지,담찌,tam.Ji,lm-c,mJ,0,1,,,1,lC+Obstruen,,
talm-ci,닮지,담찌,tam.Ji,lm-c,mJ,0,1,,,1,lC+Obstruen,,
talm-ci,닮지,담찌,tam.Ji,lm-c,mJ,0,1,,,1,lC+Obstruen,,
talm-ci,닮지,담치,tam.Ci,lm-c,mC,0,1,,,0,lC+Obstruen,,
malk-ke,맑게,막께,mak.ge,lk-k,kg,0,1,,,1,lC+Obstruen,,
malk-ko,맑고,말꼬,mal.go,lk-k,lg,1,0,,,1,lC+Obstruen,,
malk-ko,맑고,말꼬,mal.go,lk-k,lg,1,0,,,1,lC+Obstruen,,
malk-ko,맑고,말꼬,mal.go,lk-k,lg,1,0,,,1,lC+Obstruen,,
malk-ko,맑고,말꼬,mal.go,lk-k,lg,1,0,,,1,lC+Obstruen,,
malk-ko,맑고,말꼬,mal.go,lk-k,lg,1,0,,,1,lC+Obstruen,,
malk-ko,맑고,말꼬,mal.go,lk-k,lg,1,0,,,1,lC+Obstruen,,
malk-ko,맑고,말꼬,mal.go,lk-k,lg,1,0,,,1,lC+Obstruen,,
malk-ko,맑고,말꼬,mal.go,lk-k,lg,1,0,,,1,lC+Obstruen,,
malk-ko,맑고,말꼬,mal.go,lk-k,lg,1,0,,,1,lC+Obstruen,,
malk-ko,맑고,말꼬,mal.go,lk-k,lg,1,0,,,1,lC+Obstruen,,
malk-ko,맑고,말꼬,mal.go,lk-k,lg,1,0,,,1,lC+Obstruen,,
malk-ko,맑고,말꼬,mal.go,lk-k,lg,1,0,,,1,lC+Obstruen,,
malk-ko,맑고,말꾸,mal.gu,lk-k,lg,1,0,,,1,lC+Obstruen,,
malk-ko,맑고,맑꼬,malk.go,lk-k,lkg,0,0,,,1,lC+Obstruen,,
mulk-ci,묽지,묵찌,muk.Ji,lk-c,kJ,0,1,,,1,lC+Obstruen,,
mulk-ke,묽게,물께,mul.ge,lk-k,lg,1,0,,,1,lC+Obstruen,,
palk-tako,밝다고,박따고,pak.da.ko,lk-t,kd,0,1,,,1,lC+Obstruen,,
palk-kvna,밝거나,발꺼나,pal.gv.na,lk-k,lg,1,0,,,1,lC+Obstruen,,
palk-ke,밝게,발께,pal.ge,lk-k,lg,1,0,,,1,lC+Obstruen,,
palk-ke,밝게,발께,pal.ge,lk-k,lg,1,0,,,1,lC+Obstruen,,
palk-ke,밝게,발께,pal.ge,lk-k,lg,1,0,,,1,lC+Obstruen,,
palk-ke,밝게,발께,pal.ge,lk-k,lg,1,0,,,1,lC+Obstruen,,
palk-ke,밝게,발께,pal.ge,lk-k,lg,1,0,,,1,lC+Obstruen,,
palk-ko,밝고,발꼬,pal.go,lk-k,lg,1,0,,,1,lC+Obstruen,,
palp-ko,밟고,발꼬,pal.go,lp-k,lg,1,0,,,1,lC+Obstruen,,
palk-ko,밝고,발꼬,pal.go,lk-k,lg,1,0,,,1,lC+Obstruen,,
palp-ko,밟고,발꼬,pal.go,lp-k,lg,1,0,,,1,lC+Obstruen,,
palk-ko,밝고,발꼬,pal.go,lk-k,lg,1,0,,,1,lC+Obstruen,,
palk-ko,밝고,발꼬,pal.go,lk-k,lg,1,0,,,1,lC+Obstruen,,
palk-ko,밝고,발꼬,pal.go,lk-k,lg,1,0,,,1,lC+Obstruen,,
palp-ko,밟고,발꼬,pal.go,lp-k,lg,1,0,,,1,lC+Obstruen,,
palk-ko,밝고,발꼬,pal.go,lk-k,lg,1,0,,,1,lC+Obstruen,,
palk-ko,밝고,발꼬,pal.go,lk-k,lg,1,0,,,1,lC+Obstruen,,
palk-ko,밝고,발꼬,pal.go,lk-k,lg,1,0,,,1,lC+Obstruen,,
palk-ko,밝고,발꼬,pal.go,lk-k,lg,1,0,,,1,lC+Obstruen,,
palk-ko,밝고,발꼬,pal.go,lk-k,lg,1,0,,,1,lC+Obstruen,,
palk-ko,밝고,발꼬,pal.go,lk-k,lg,1,0,,,1,lC+Obstruen,,
palk-ko,밝고,발꼬,pal.go,lk-k,lg,1,0,,,1,lC+Obstruen,,
palk-ko,밝고,발꼬,pal.go,lk-k,lg,1,0,,,1,lC+Obstruen,,
palk-ko,밝고,발꼬,pal.go,lk-k,lg,1,0,,,1,lC+Obstruen,,
palp-ko,밟고,발꼬,pal.go,lp-k,lg,1,0,,,1,lC+Obstruen,,
palp-ko,밟고,발꼬,pal.go,lp-k,lg,1,0,,,1,lC+Obstruen,,
palk-ko,밝고,발꼬,pal.go,lk-k,lg,1,0,,,1,lC+Obstruen,,
palp-ko,밟고,발꼬,pal.go,lp-k,lg,1,0,,,1,lC+Obstruen,,
palk-kika,밝기가,발끼가,pal.gi.ka,lk-k,lg,1,0,,,1,lC+Obstruen,,
palp-kito,밟기도,발끼도,pal.gi.to,lp-k,lg,1,0,,,1,lC+Obstruen,,
palk-tako,밝다고,발따고,pal.da.ko,lk-t,ld,1,0,,,1,lC+Obstruen,,
palk-cito,밝지도,발찌도,pal.Ji.to,lk-c,lJ,1,0,,,1,lC+Obstruen,,
palp-ko,밟고,밟꼬,palp.go,lp-k,lpg,0,0,,,1,lC+Obstruen,,
palp-ko,밟고,밥꼬,pap.go,lp-k,pg,0,1,,,1,lC+Obstruen,,
palp-ci,밟지,밥찌,pap.Ji,lp-c,pJ,0,1,,,1,lC+Obstruen,,
salm-sxpnita,삶습니다,삶슴니다,salm.sxm.ni.ta,lm-s,lm.s,0,0,,,0,lC+Obstruen,,
yalp-ke,얇게,얄께,yal.ge,lp-k,lg,1,0,,,1,lC+Obstruen,,
yalp-ke,얇게,얄께,yal.ge,lp-k,lg,1,0,,,1,lC+Obstruen,,
yalp-ke,얇게,얄께,yal.ge,lp-k,lg,1,0,,,1,lC+Obstruen,,
yalp-ke,얇게,얄께,yal.ge,lp-k,lg,1,0,,,1,lC+Obstruen,,
yalp-ke,얇게,얄께,yal.ge,lp-k,lg,1,0,,,1,lC+Obstruen,,
yalp-ke,얇게,얄께,yal.ge,lp-k,lg,1,0,,,1,lC+Obstruen,,
yalp-ke,얇게,얄께,yal.ge,lp-k,lg,1,0,,,1,lC+Obstruen,,
yalp-ke,얇게,얄께,yal.ge,lp-k,lg,1,0,,,1,lC+Obstruen,,
yalp-ke,얇게,얄께,yal.ge,lp-k,lg,1,0,,,1,lC+Obstruen,,
yalp-ke,얇게,얄께,yal.ge,lp-k,lg,1,0,,,1,lC+Obstruen,,
yalp-ke,얇게,얄께,yal.ge,lp-k,lg,1,0,,,1,lC+Obstruen,,
yalp-ke,얇게,얄께,yal.ge,lp-k,lg,1,0,,,1,lC+Obstruen,,
yalp-ko,얇고,얄꼬,yal.go,lp-k,lg,1,0,,,1,lC+Obstruen,,
yalp-ko,얇고,얄꼬,yal.go,lp-k,lg,1,0,,,1,lC+Obstruen,,
yalp-taponiga,얇다보니까,얄따보니까,yal.da.po.ni.ga,lp-t,ld,1,0,,,1,lC+Obstruen,,
yalp-txn,얇든,얄뜬,yal.dxn,lp-t,ld,1,0,,,1,lC+Obstruen,,
yalp-kvna,얇거나,얇꺼나,yalp.gv.na,lp-k,lpg,0,0,,,1,lC+Obstruen,,
yalp-ke,얇게,얇께,yalp.ge,lp-k,lpg,0,0,,,1,lC+Obstruen,,
yalp-ke,얇게,얇께,yalp.ge,lp-k,lpg,0,0,,,1,lC+Obstruen,,
yalp-ke,얇게,얇께,yalp.ge,lp-k,lpg,0,0,,,1,lC+Obstruen,,
yalp-ke,얇게,얇께,yalp.ge,lp-k,lpg,0,0,,,1,lC+Obstruen,,
yalp-ke,얇게,얇께,yalp.ge,lp-k,lpg,0,0,,,1,lC+Obstruen,,
ilk-ke,읽게,익께,ik.ge,lk-k,kg,0,1,,,1,lC+Obstruen,,
ilk-ko,읽고,익꼬,ik.go,lk-k,kg,0,1,,,1,lC+Obstruen,,
ilk-ta,읽다,익따,ik.da,lk-t,kd,0,1,,,1,lC+Obstruen,,
ilk-txlako,읽드라고,익뜨라고,ik.dx.la.ko,lk-t,kd,0,1,,,1,lC+Obstruen,,
ilk-canhayo,읽잖아요,익짜나요,ik.Ja.na.yo,lk-c,kJ,0,1,,,1,lC+Obstruen,,
ilk-kvna,읽거나,일꺼나,il.gv.na,lk-k,lg,1,0,,,1,lC+Obstruen,,
ilk-kvna,읽거나,일꺼나,il.gv.na,lk-k,lg,1,0,,,1,lC+Obstruen,,
ilk-kvna,읽거나,일꺼나,il.gv.na,lk-k,lg,1,0,,,1,lC+Obstruen,,
ilk-kvna,읽거나,일꺼나,il.gv.na,lk-k,lg,1,0,,,1,lC+Obstruen,,
ilk-kvna,읽거나,일꺼나,il.gv.na,lk-k,lg,1,0,,,1,lC+Obstruen,,
ilk-ke,읽게,일께,il.ge,lk-k,lg,1,0,,,1,lC+Obstruen,,
ilk-ke,읽게,일께,il.ge,lk-k,lg,1,0,,,1,lC+Obstruen,,
ilk-kegxm,읽게끔,일께끔,il.ge.gxm,lk-k,lg,1,0,,,1,lC+Obstruen,,
ilk-ko,읽고,일꼬,il.go,lk-k,lg,1,0,,,1,lC+Obstruen,,
ilk-ko,읽고,일꼬,il.go,lk-k,lg,1,0,,,1,lC+Obstruen,,
ilk-ko,읽고,일꼬,il.go,lk-k,lg,1,0,,,1,lC+Obstruen,,
ilk-ko,읽고,일꼬,il.go,lk-k,lg,1,0,,,1,lC+Obstruen,,
ilk-ko,읽고,일꼬,il.go,lk-k,lg,1,0,,,1,lC+Obstruen,,
ilk-ko,읽고,일꼬,il.go,lk-k,lg,1,0,,,1,lC+Obstruen,,
ilk-ko,읽고,일꼬,il.go,lk-k,lg,1,0,,,1,lC+Obstruen,,
ilk-ko,읽고,일꼬,il.go,lk-k,lg,1,0,,,1,lC+Obstruen,,
ilk-ko,읽고,일꼬,il.go,lk-k,lg,1,0,,,1,lC+Obstruen,,
ilk-ko,읽고,일꼬,il.go,lk-k,lg,1,0,,,1,lC+Obstruen,,
ilk-ko,읽고,일꼬,il.go,lk-k,lg,1,0,,,1,lC+Obstruen,,
ilk-ko,읽고,일꼬,il.go,lk-k,lg,1,0,,,1,lC+Obstruen,,
ilk-ko,읽고,일꼬,il.go,lk-k,lg,1,0,,,1,lC+Obstruen,,
ilk-ko,읽고,일꼬,il.go,lk-k,lg,1,0,,,1,lC+Obstruen,,
ilk-ko,읽고,일꼬,il.go,lk-k,lg,1,0,,,1,lC+Obstruen,,
ilk-ko,읽고,일꼬,il.go,lk-k,lg,1,0,,,1,lC+Obstruen,,
ilk-ko,읽고,일꼬,il.go,lk-k,lg,1,0,,,1,lC+Obstruen,,
ilk-ko,읽고,일꼬,il.go,lk-k,lg,1,0,,,1,lC+Obstruen,,
ilk-ko,읽고,일꼬,il.go,lk-k,lg,1,0,,,1,lC+Obstruen,,
ilk-ko,읽고,일꼬,il.go,lk-k,lg,1,0,,,1,lC+Obstruen,,
ilk-ko,읽고,일꼬,il.go,lk-k,lg,1,0,,,1,lC+Obstruen,,
ilk-ko,읽고,일꼬,il.go,lk-k,lg,1,0,,,1,lC+Obstruen,,
ilk-ko,읽고,일꼬,il.go,lk-k,lg,1,0,,,1,lC+Obstruen,,
ilk-ko,읽고,일꼬,il.go,lk-k,lg,1,0,,,1,lC+Obstruen,,
ilk-ko,읽고,일꼬,il.go,lk-k,lg,1,0,,,1,lC+Obstruen,,
ilk-ko,읽고,일꼬,il.go,lk-k,lg,1,0,,,1,lC+Obstruen,,
ilk-ko,읽고,일꼬,il.go,lk-k,lg,1,0,,,1,lC+Obstruen,,
ilk-ko,읽고,일꼬,il.go,lk-k,lg,1,0,,,1,lC+Obstruen,,
ilk-ko,읽고,일꼬,il.go,lk-k,lg,1,0,,,1,lC+Obstruen,,
ilk-ko,읽고,일꼬,il.go,lk-k,lg,1,0,,,1,lC+Obstruen,,
ilk-ko,읽고,일꼬,il.go,lk-k,lg,1,0,,,1,lC+Obstruen,,
ilk-ko,읽고,일꼬,il.go,lk-k,lg,1,0,,,1,lC+Obstruen,,
ilk-ko,읽고,일꼬,il.go,lk-k,lg,1,0,,,1,lC+Obstruen,,
ilk-ko,읽고,일꼬,il.go,lk-k,lg,1,0,,,1,lC+Obstruen,,
ilk-ko,읽고,일꼬,il.go,lk-k,lg,1,0,,,1,lC+Obstruen,,
ilk-ko,읽고,일꼬,il.go,lk-k,lg,1,0,,,1,lC+Obstruen,,
ilk-ko,읽고,일꼬,il.go,lk-k,lg,1,0,,,1,lC+Obstruen,,
ilk-ko,읽고,일꼬,il.go,lk-k,lg,1,0,,,1,lC+Obstruen,,
ilk-konxn,읽고는,일꼬는,il.go.nxn,lk-k,lg,1,0,,,1,lC+Obstruen,,
ilk-koman,읽고만,일꼬만,il.go.man,lk-k,lg,1,0,,,0,lC+Obstruen,,
ilk-kosv,읽고서,일꼬서,il.go.sv,lk-k,lg,1,0,,,1,lC+Obstruen,,
ilk-kosv,읽고서,일꼬서,il.go.sv,lk-k,lg,1,0,,,1,lC+Obstruen,,
ilk-ki,읽기,일끼,il.gi,lk-k,lg,1,0,,,1,lC+Obstruen,,
ilk-ki,읽기,일끼,il.gi,lk-k,lg,1,0,,,1,lC+Obstruen,,
ilk-ki,읽기,일끼,il.gi,lk-k,lg,1,0,,,1,lC+Obstruen,,
ilk-ki,읽기,일끼,il.gi,lk-k,lg,1,0,,,1,lC+Obstruen,,
ilk-kito,읽기도,일끼도,il.gi.to,lk-k,lg,1,0,,,1,lC+Obstruen,,
ilk-kilatxnka,읽기라든가,일끼라던가,il.gi.la.tvn.ka,lk-k,lg,1,0,,,1,lC+Obstruen,,
ilk-ta,읽다,일따,il.da,lk-t,ld,1,0,,,1,lC+Obstruen,,
ilk-ta,읽다,일따,il.da,lk-t,ld,1,0,,,1,lC+Obstruen,,
ilk-ta,읽다,일따,il.da,lk-t,ld,1,0,,,1,lC+Obstruen,,
ilk-taka,읽다가,일따가,il.da.ka,lk-t,ld,1,0,,,1,lC+Obstruen,,
ilk-tvn,읽던,일떤,il.dvn,lk-t,ld,1,0,,,1,lC+Obstruen,,
ilk-canha,읽잖아,일짜나,il.Ja.na,lk-c,lJ,1,0,,,1,lC+Obstruen,,
ilk-canhayo,읽잖아요,일짜나요,il.Ja.na.yo,lk-c,lJ,1,0,,,1,lC+Obstruen,,
ilk-camaca,읽자마자,일짜마자,il.Ja.ma.ca,lk-c,lJ,1,0,,,1,lC+Obstruen,,
ilk-ci,읽지,일찌,il.Ji,lk-c,lJ,1,0,,,1,lC+Obstruen,,
ilk-ko,읽고,일코,il.Ko,lk-k,lK,1,0,,,0,lC+Obstruen,,
ilk-ko,읽고,일코,il.Ko,lk-k,lK,1,0,,,0,lC+Obstruen,,
ilk-ki,읽기,일키,il.Ki,lk-k,lK,1,0,,,0,lC+Obstruen,,
ilk-ko,읽고,읽꼬,ilk.go,lk-k,lkg,0,0,,,1,lC+Obstruen,,
ilk-ko,읽고,읽꼬,ilk.go,lk-k,lkg,0,0,,,1,lC+Obstruen,,
ilk-cinxn,읽지는,읽찐,ilk.Jin,lk-c,lkJ,0,0,,,1,lC+Obstruen,,
cvlm-ta,젊다,젊따,cvlm.da,lm-t,lmd,0,0,,,1,lC+Obstruen,,
cvlm-ko,젊고,점고,cvm.ko,lm-k,mk,0,1,,,0,lC+Obstruen,,
cvlm-kvna,젊거나,점꺼나,cvm.gv.na,lm-k,mg,0,1,,,1,lC+Obstruen,,
cvlm-kvna,젊거나,점꺼나,cvm.gv.na,lm-k,mg,0,1,,,1,lC+Obstruen,,
cvlm-ke,젊게,점께,cvm.ge,lm-k,mg,0,1,,,1,lC+Obstruen,,
cvlm-ko,젊고,점꼬,cvm.go,lm-k,mg,0,1,,,1,lC+Obstruen,,
cvlm-ko,젊고,점꼬,cvm.go,lm-k,mg,0,1,,,1,lC+Obstruen,,
cvlm-ko,젊고,점꼬,cvm.go,lm-k,mg,0,1,,,1,lC+Obstruen,,
cvlm-ko,젊고,점꼬,cvm.go,lm-k,mg,0,1,,,1,lC+Obstruen,,
cvlm-ko,젊고,점꼬,cvm.go,lm-k,mg,0,1,,,1,lC+Obstruen,,
cvlm-ko,젊고,점꼬,cvm.go,lm-k,mg,0,1,,,1,lC+Obstruen,,
cvlm-ko,젊고,점꼬,cvm.go,lm-k,mg,0,1,,,1,lC+Obstruen,,
cvlm-ko,젊고,점꼬,cvm.go,lm-k,mg,0,1,,,1,lC+Obstruen,,
cvlm-ko,젊고,점꼬,cvm.go,lm-k,mg,0,1,,,1,lC+Obstruen,,
cvlm-ko,젊고,점꼬,cvm.go,lm-k,mg,0,1,,,1,lC+Obstruen,,
cvlm-ko,젊고,점꼬,cvm.go,lm-k,mg,0,1,,,1,lC+Obstruen,,
cvlm-ko,젊고,점꼬,cvm.go,lm-k,mg,0,1,,,1,lC+Obstruen,,
cvlm-ko,젊고,점꼬,cvm.go,lm-k,mg,0,1,,,1,lC+Obstruen,,
cvlm-ko,젊고,점꾸,cvm.gu,lm-k,mg,0,1,,,1,lC+Obstruen,,
cvlm-kito,젊기도,점끼도,cvm.gi.to,lm-k,mg,0,1,,,1,lC+Obstruen,,
cvlm-tako,젊다고,점다고,cvm.ta.ko,lm-t,mt,0,1,,,0,lC+Obstruen,,
cvlm-ta,젊다,점따,cvm.da,lm-t,md,0,1,,,1,lC+Obstruen,,
cvlm-ta,젊다,점따,cvm.da,lm-t,md,0,1,,,1,lC+Obstruen,,
cvlm-tako,젊다고,점따고,cvm.da.ko,lm-t,md,0,1,,,1,lC+Obstruen,,
cvlm-tako,젊다고,점따고,cvm.da.ko,lm-t,md,0,1,,,1,lC+Obstruen,,
cvlm-tako,젊다고,점따고,cvm.da.ko,lm-t,md,0,1,,,1,lC+Obstruen,,
cvlm-tako,젊다고,점따고,cvm.da.ko,lm-t,md,0,1,,,1,lC+Obstruen,,
cvlm-tako,젊다고,점따고,cvm.da.ko,lm-t,md,0,1,,,1,lC+Obstruen,,
cvlm-tako,젊다고,점따고,cvm.da.ko,lm-t,md,0,1,,,1,lC+Obstruen,,
cvlm-talako,젊다라고,점따라고,cvm.da.la.ko,lm-t,md,0,1,,,1,lC+Obstruen,,
cvlm-txn,젊든,점뜬,cvm.dxn,lm-t,md,0,1,,,1,lC+Obstruen,,
cvlm-sxpnita,젊습니다,점씀니다,cvm.Sxm.ni.ta,lm-s,mS,0,1,,,1,lC+Obstruen,,
cvlm-cito,젊지도,점지도,cvm.ci.to,lm-c,mc,0,1,,,0,lC+Obstruen,,
cvlm-canha,젊잖아,점짜나,cvm.Ja.na,lm-c,mJ,0,1,,,1,lC+Obstruen,,
cvlm-ci,젊지,점찌,cvm.Ji,lm-c,mJ,0,1,,,1,lC+Obstruen,,
cvlm-cimanyo,젊지만요,점찌만요,cvm.Ji.man.yo,lm-c,mJ,0,1,,,1,lC+Obstruen,,
cilxpalp-ko,지르밟고,지러발꼬,ci.lv.pal.go,lp-k,lg,1,0,,,1,lC+Obstruen,,
cispalp-ke,짓밟게,짓발께,cis.pal.ge,lp-k,lg,1,0,,,1,lC+Obstruen,,
cispalp-ci,짓밟지,짓빨찌,cis.bal.Ji,lp-c,lJ,1,0,,,1,lC+Obstruen,,
Jalp-ke,짧게,짝께,Jak.ge,lp-k,kg,0,1,,,1,lC+Obstruen,,
Jalp-ko,짧고,짤고,Jal.ko,lp-k,lk,1,0,,,0,lC+Obstruen,,
Jalp-ke,짧게,짤께,Jal.ge,lp-k,lg,1,0,,,1,lC+Obstruen,,
Jalp-ke,짧게,짤께,Jal.ge,lp-k,lg,1,0,,,1,lC+Obstruen,,
Jalp-ke,짧게,짤께,Jal.ge,lp-k,lg,1,0,,,1,lC+Obstruen,,
Jalp-ke,짧게,짤께,Jal.ge,lp-k,lg,1,0,,,1,lC+Obstruen,,
Jalp-ke,짧게,짤께,Jal.ge,lp-k,lg,1,0,,,1,lC+Obstruen,,
Jalp-ke,짧게,짤께,Jal.ge,lp-k,lg,1,0,,,1,lC+Obstruen,,
Jalp-ke,짧게,짤께,Jal.ge,lp-k,lg,1,0,,,1,lC+Obstruen,,
Jalp-ke,짧게,짤께,Jal.ge,lp-k,lg,1,0,,,1,lC+Obstruen,,
Jalp-ke,짧게,짤께,Jal.ge,lp-k,lg,1,0,,,1,lC+Obstruen,,
Jalp-ke,짧게,짤께,Jal.ge,lp-k,lg,1,0,,,1,lC+Obstruen,,
Jalp-ke,짧게,짤께,Jal.ge,lp-k,lg,1,0,,,1,lC+Obstruen,,
Jalp-ke,짧게,짤께,Jal.ge,lp-k,lg,1,0,,,1,lC+Obstruen,,
Jalp-ke,짧게,짤께,Jal.ge,lp-k,lg,1,0,,,1,lC+Obstruen,,
Jalp-ke,짧게,짤께,Jal.ge,lp-k,lg,1,0,,,1,lC+Obstruen,,
Jalp-ke,짧게,짤께,Jal.ge,lp-k,lg,1,0,,,1,lC+Obstruen,,
Jalp-ke,짧게,짤께,Jal.ge,lp-k,lg,1,0,,,1,lC+Obstruen,,
Jalp-ke,짧게,짤께,Jal.ge,lp-k,lg,1,0,,,1,lC+Obstruen,,
Jalp-ke,짧게,짤께,Jal.ge,lp-k,lg,1,0,,,1,lC+Obstruen,,
Jalp-ke,짧게,짤께,Jal.ge,lp-k,lg,1,0,,,1,lC+Obstruen,,
Jalp-ke,짧게,짤께,Jal.ge,lp-k,lg,1,0,,,1,lC+Obstruen,,
Jalp-ke,짧게,짤께,Jal.ge,lp-k,lg,1,0,,,1,lC+Obstruen,,
Jalp-ke,짧게,짤께,Jal.ge,lp-k,lg,1,0,,,1,lC+Obstruen,,
Jalp-ke,짧게,짤께,Jal.ge,lp-k,lg,1,0,,,1,lC+Obstruen,,
Jalp-ke,짧게,짤께,Jal.ge,lp-k,lg,1,0,,,1,lC+Obstruen,,
Jalp-ke,짧게,짤께,Jal.ge,lp-k,lg,1,0,,,1,lC+Obstruen,,
Jalp-ke,짧게,짤께,Jal.ge,lp-k,lg,1,0,,,1,lC+Obstruen,,
Jalp-ke,짧게,짤께,Jal.ge,lp-k,lg,1,0,,,1,lC+Obstruen,,
Jalp-ke,짧게,짤께,Jal.ge,lp-k,lg,1,0,,,1,lC+Obstruen,,
Jalp-ke,짧게,짤께,Jal.ge,lp-k,lg,1,0,,,1,lC+Obstruen,,
Jalp-ke,짧게,짤께,Jal.ge,lp-k,lg,1,0,,,1,lC+Obstruen,,
Jalp-ke,짧게,짤께,Jal.ge,lp-k,lg,1,0,,,1,lC+Obstruen,,
Jalp-ke,짧게,짤께,Jal.ge,lp-k,lg,1,0,,,1,lC+Obstruen,,
Jalp-ke,짧게,짤께,Jal.ge,lp-k,lg,1,0,,,1,lC+Obstruen,,
Jalp-ke,짧게,짤께,Jal.ge,lp-k,lg,1,0,,,1,lC+Obstruen,,
Jalp-ke,짧게,짤께,Jal.ge,lp-k,lg,1,0,,,1,lC+Obstruen,,
Jalp-ke,짧게,짤께,Jal.ge,lp-k,lg,1,0,,,1,lC+Obstruen,,
Jalp-ke,짧게,짤께,Jal.ge,lp-k,lg,1,0,,,1,lC+Obstruen,,
Jalp-ke,짧게,짤께,Jal.ge,lp-k,lg,1,0,,,1,lC+Obstruen,,
Jalp-ke,짧게,짤께,Jal.ge,lp-k,lg,1,0,,,1,lC+Obstruen,,
Jalp-ke,짧게,짤께,Jal.ge,lp-k,lg,1,0,,,1,lC+Obstruen,,
Jalp-ke,짧게,짤께,Jal.ge,lp-k,lg,1,0,,,1,lC+Obstruen,,
Jalp-ke,짧게,짤께,Jal.ge,lp-k,lg,1,0,,,1,lC+Obstruen,,
Jalp-ke,짧게,짤께,Jal.ge,lp-k,lg,1,0,,,1,lC+Obstruen,,
Jalp-ke,짧게,짤께,Jal.ge,lp-k,lg,1,0,,,1,lC+Obstruen,,
Jalp-ke,짧게,짤께,Jal.ge,lp-k,lg,1,0,,,1,lC+Obstruen,,
Jalp-ke,짧게,짤께,Jal.ge,lp-k,lg,1,0,,,1,lC+Obstruen,,
Jalp-ke,짧게,짤께,Jal.ge,lp-k,lg,1,0,,,1,lC+Obstruen,,
Jalp-ke,짧게,짤께,Jal.ge,lp-k,lg,1,0,,,1,lC+Obstruen,,
Jalp-ke,짧게,짤께,Jal.ge,lp-k,lg,1,0,,,1,lC+Obstruen,,
Jalp-ke,짧게,짤께,Jal.ge,lp-k,lg,1,0,,,1,lC+Obstruen,,
Jalp-ke,짧게,짤께,Jal.ge,lp-k,lg,1,0,,,1,lC+Obstruen,,
Jalp-ke,짧게,짤께,Jal.ge,lp-k,lg,1,0,,,1,lC+Obstruen,,
Jalp-ke,짧게,짤께,Jal.ge,lp-k,lg,1,0,,,1,lC+Obstruen,,
Jalp-ke,짧게,짤께,Jal.ge,lp-k,lg,1,0,,,1,lC+Obstruen,,
Jalp-ke,짧게,짤께,Jal.ge,lp-k,lg,1,0,,,1,lC+Obstruen,,
Jalp-kelakipota,짧게라기보다,짤께,Jal.ge,lp-k,lg,1,0,,,1,lC+Obstruen,,
Jalp-ke,짧게,짤께,Jal.ge,lp-k,lg,1,0,,,1,lC+Obstruen,,
Jalp-ko,짧고,짤께,Jal.ge,lp-k,lg,1,0,,,1,lC+Obstruen,,
Jalp-ke,짧게,짤께,Jal.ge,lp-k,lg,1,0,,,1,lC+Obstruen,,
Jalp-ke,짧게,짤께,Jal.ge,lp-k,lg,1,0,,,1,lC+Obstruen,,
Jalp-ke,짧게,짤께,Jal.ge,lp-k,lg,1,0,,,1,lC+Obstruen,,
Jalp-ke,짧게,짤께,Jal.ge,lp-k,lg,1,0,,,1,lC+Obstruen,,
Jalp-ke,짧게,짤께,Jal.ge,lp-k,lg,1,0,,,1,lC+Obstruen,,
Jalp-ke,짧게,짤께,Jal.ge,lp-k,lg,1,0,,,1,lC+Obstruen,,
Jalp-kenama,짧게나마,짤께나마,Jal.ge.na.ma,lp-k,lg,1,0,,,1,lC+Obstruen,,
Jalp-kenama,짧게나마,짤께나마,Jal.ge.na.ma,lp-k,lg,1,0,,,1,lC+Obstruen,,
Jalp-kenama,짧게나마,짤께나마,Jal.ge.na.ma,lp-k,lg,1,0,,,1,lC+Obstruen,,
Jalp-kenxn,짧게는,짤께는,Jal.ge.nxn,lp-k,lg,1,0,,,1,lC+Obstruen,,
Jalp-kenxn,짧게는,짤께는,Jal.ge.nxn,lp-k,lg,1,0,,,1,lC+Obstruen,,
Jalp-keto,짧게도,짤께도,Jal.ge.to,lp-k,lg,1,0,,,1,lC+Obstruen,,
Jalp-kelato,짧게라도,짤께라도,Jal.ge.la.to,lp-k,lg,1,0,,,1,lC+Obstruen,,
Jalp-ko,짧고,짤꼬,Jal.go,lp-k,lg,1,0,,,1,lC+Obstruen,,
Jalp-ko,짧고,짤꼬,Jal.go,lp-k,lg,1,0,,,1,lC+Obstruen,,
Jalp-ko,짧고,짤꼬,Jal.go,lp-k,lg,1,0,,,1,lC+Obstruen,,
Jalp-ko,짧고,짤꼬,Jal.go,lp-k,lg,1,0,,,1,lC+Obstruen,,
Jalp-ko,짧고,짤꼬,Jal.go,lp-k,lg,1,0,,,1,lC+Obstruen,,
Jalp-ko,짧고,짤꼬,Jal.go,lp-k,lg,1,0,,,1,lC+Obstruen,,
Jalp-ko,짧고,짤꼬,Jal.go,lp-k,lg,1,0,,,1,lC+Obstruen,,
Jalp-ko,짧고,짤꼬,Jal.go,lp-k,lg,1,0,,,1,lC+Obstruen,,
Jalp-ko,짧고,짤꼬,Jal.go,lp-k,lg,1,0,,,1,lC+Obstruen,,
Jalp-ko,짧고,짤꼬,Jal.go,lp-k,lg,1,0,,,1,lC+Obstruen,,
Jalp-ko,짧고,짤꼬,Jal.go,lp-k,lg,1,0,,,1,lC+Obstruen,,
Jalp-ki,짧기,짤끼,Jal.gi,lp-k,lg,1,0,,,1,lC+Obstruen,,
Jalp-kito,짧기도,짤끼도,Jal.gi.to,lp-k,lg,1,0,,,1,lC+Obstruen,,
Jalp-kin,짧긴,짤낀,Jal.gin,lp-k,lg,1,0,,,1,lC+Obstruen,,
Jalp-ta,짧다,짤따,Jal.da,lp-t,ld,1,0,,,1,lC+Obstruen,,
Jalp-ta,짧다,짤따,Jal.da,lp-t,ld,1,0,,,1,lC+Obstruen,,
Jalp-takvna,짧다거나,짤따거나,Jal.da.kv.na,lp-t,ld,1,0,,,1,lC+Obstruen,,
Jalp-tako,짧다고,짤따고,Jal.da.ko,lp-t,ld,1,0,,,1,lC+Obstruen,,
Jalp-tako,짧다고,짤따고,Jal.da.ko,lp-t,ld,1,0,,,1,lC+Obstruen,,
Jalp-tako,짧다고,짤따고,Jal.da.ko,lp-t,ld,1,0,,,1,lC+Obstruen,,
Jalp-tako,짧다고,짤따고,Jal.da.ko,lp-t,ld,1,0,,,1,lC+Obstruen,,
Jalp-tanxn,짧다는,짤따는,Jal.da.nxn,lp-t,ld,1,0,,,1,lC+Obstruen,,
Jalp-tamyvn,짧다면,짤따면,Jal.da.myvn,lp-t,ld,1,0,,,1,lC+Obstruen,,
Jalp-txn,짧든,짤뜬,Jal.dxn,lp-t,ld,1,0,,,1,lC+Obstruen,,
Jalp-canha,짧잖아,짤짜나,Jal.Ja.na,lp-c,lJ,1,0,,,1,lC+Obstruen,,
Jalp-canhayo,짧잖아요,짤짜나요,Jal.Ja.na.yo,lp-c,lJ,1,0,,,1,lC+Obstruen,,
Jalpci,짧지,짤찌,Jal.Ji,lp-t,ld,1,0,,,1,lC+Obstruen,,
Jalp-ciman,짧지만,짤찌만,Jal.Ji.man,lp-c,lJ,1,0,,,1,lC+Obstruen,,
Jalpcimanxn,짧지만은,짤찌마는,Jal.Ji.ma.nxn,lp-t,ld,1,0,,,1,lC+Obstruen,,
Jalp-ciman,짧지만,짤찌만,Jal.Ji.man,lp-c,lJ,1,0,,,1,lC+Obstruen,,
Jalp-ciman,짧지만,짤찌만,Jal.Ji.man,lp-c,lJ,1,0,,,1,lC+Obstruen,,
Jalp-ke,짧게,짧게,Jalp.ke,lp-k,lpk,0,0,,,0,lC+Obstruen,,
Jalp-ke,짧게,짧께,Jalp.ge,lp-k,lpg,0,0,,,1,lC+Obstruen,,
Jalp-ke,짧게,짧께,Jalp.ge,lp-k,lpg,0,0,,,1,lC+Obstruen,,
Jalp-ke,짧게,짧께,Jalp.ge,lp-k,lpg,0,0,,,1,lC+Obstruen,,
Jalp-ke,짧게,짧께,Jalp.ge,lp-k,lpg,0,0,,,1,lC+Obstruen,,
Jalp-ke,짧게,짧께,Jalp.ge,lp-k,lpg,0,0,,,1,lC+Obstruen,,
Jalp-ke,짧게,짧께,Jalp.ge,lp-k,lpg,0,0,,,1,lC+Obstruen,,
Jalp-ke,짧게,짧께,Jalp.ge,lp-k,lpg,0,0,,,1,lC+Obstruen,,
Jalp-ke,짧게,짧께,Jalp.ge,lp-k,lpg,0,0,,,1,lC+Obstruen,,
Jalp-ke,짧게,짧께,Jalp.ge,lp-k,lpg,0,0,,,1,lC+Obstruen,,
Jalp-ke,짧게,짧께,Jalp.ge,lp-k,lpg,0,0,,,1,lC+Obstruen,,
Jalp-ke,짧게,짧께,Jalp.ge,lp-k,lpg,0,0,,,1,lC+Obstruen,,
Jalp-ke,짧게,짧께,Jalp.ge,lp-k,lpg,0,0,,,1,lC+Obstruen,,
Jalp-ke,짧게,짧께,Jalp.ge,lp-k,lpg,0,0,,,1,lC+Obstruen,,
Jalp-ke,짧게,짧께,Jalp.ge,lp-k,lpg,0,0,,,1,lC+Obstruen,,
Jalp-ke,짧게,짧께,Jalp.ge,lp-k,lpg,0,0,,,1,lC+Obstruen,,
Jalp-ke,짧게,짧께,Jalp.ge,lp-k,lpg,0,0,,,1,lC+Obstruen,,
Jalp-ke,짧게,짧께,Jalp.ge,lp-k,lpg,0,0,,,1,lC+Obstruen,,
Jalp-kenxn,짧게는,짧께는,Jalp.ge.nxn,lp-k,lpg,0,0,,,1,lC+Obstruen,,
Jalp-kenxn,짧게는,짧께는,Jalp.ge.nxn,lp-k,lpg,0,0,,,1,lC+Obstruen,,
Jalp-kenxn,짧게는,짧께는,Jalp.ge.nxn,lp-k,lpg,0,0,,,1,lC+Obstruen,,
Jalp-ko,짧고,짧꼬,Jalp.go,lp-k,lpg,0,0,,,1,lC+Obstruen,,
Jalp-ko,짧고,짧꼬,Jalp.go,lp-k,lpg,0,0,,,1,lC+Obstruen,,
Jalp-ko,짧고,짧꼬,Jalp.go,lp-k,lpg,0,0,,,1,lC+Obstruen,,
Jalp-tamyvn,짧다면,짧따면,Jalp.da.myvn,lp-t,lpd,0,0,,,1,lC+Obstruen,,
Jalp-canha,짧잖아,짧짜나,Jalp.Ja.na,lp-c,lpJ,0,0,,,1,lC+Obstruen,,
Jalp-cin,짧진,짧찐,Jalp.Jin,lp-c,lpJ,0,0,,,1,lC+Obstruen,,
Jalp-ke,짧게,짭께,Jap.ge,lp-k,pg,0,1,,,1,lC+Obstruen,,
Jalp-ke,짧게,짭께,Jap.ge,lp-k,pg,0,1,,,1,lC+Obstruen,,
Jalp-ke,짧게,짭께,Jap.ge,lp-k,pg,0,1,,,1,lC+Obstruen,,
Jalp-ke,짧게,짭께,Jap.ge,lp-k,pg,0,1,,,1,lC+Obstruen,,
Jalp-kenama,짧게나마,짭께나마,Jap.ge.na.ma,lp-k,pg,0,1,,,1,lC+Obstruen,,
Jalp-ko,짧고,짭꼬,Jap.go,lp-k,pg,0,1,,,1,lC+Obstruen,,
Jalp-ko,짧고,짭꼬,Jap.go,lp-k,pg,0,1,,,1,lC+Obstruen,,
Jalp-kito,짧기도,짭끼도,Jap.gi.to,lp-k,pg,0,1,,,1,lC+Obstruen,,
Jalp-cito,짧지도,짭찌도,Jap.Ji.to,lp-c,pJ,0,1,,,1,lC+Obstruen,,
Poknvlp-ke,폭넓게,폭널께,Pok.nvl.ge,lp-k,lg,1,0,,,1,lC+Obstruen,,
Poknvlp-ke,폭넓게,폭널께,Pok.nvl.ge,lp-k,lg,1,0,,,1,lC+Obstruen,,
Poknvlp-ke,폭넓게,폭널께,Pok.nvl.ge,lp-k,lg,1,0,,,1,lC+Obstruen,,
Poknvlp-ke,폭넓게,폭널께,Pok.nvl.ge,lp-k,lg,1,0,,,1,lC+Obstruen,,
Poknvlp-ke,폭넓게,폭널께,Pok.nvl.ge,lp-k,lg,1,0,,,1,lC+Obstruen,,
Poknvlp-ke,폭넓게,폭널께,Pok.nvl.ge,lp-k,lg,1,0,,,1,lC+Obstruen,,
Poknvlp-ke,폭넓게,폭넓께,Pok.nvlp.ge,lp-k,lpg,0,0,,,1,lC+Obstruen,,
halT-ke,핥게,할께,hal.ge,lT-k,lg,1,0,,,1,lC+Obstruen,,
halT-ko,핥고,할꼬,hal.go,lT-k,lg,1,0,,,1,lC+Obstruen,,
halT-ko,핥고,할꼬,hal.go,lT-k,lg,1,0,,,1,lC+Obstruen,,
hemalk-tvn,해맑던,해말떤,he.mal.dvn,lk-t,ld,1,0,,,1,lC+Obstruen,,
hemalk-tako,해맑다고,해맑따고,he.malk.da.ko,lk-t,lkd,0,0,,,1,lC+Obstruen,,
hulT-ko,훑고,훌코,hul.Ko,lT-k,lK,1,0,,,0,lC+Obstruen,,
talm-ko,닮고,담꼬,tam.go,lm-k,mg,0,1,,,1,lC+Obstruen,,
palk-ko,밝고,밝꼬,palk.go,lk-k,lkg,0,0,,,1,lC+Obstruen,,
Jalp-ta,짧다,짧따,Jalp.da,lp-t,lpd,0,0,,,1,lC+Obstruen,,
Jalp-talanxn,짧다라는,짤떠라는,Jal.dv.la.nxn,lp-t,ld,1,0,,,1,lC+Obstruen,,
kvThalT-kisikxlo,겉핥기식으로,거탈끼시그로,kv.Tal.gi.si.kx.lo,lT-k,lg,1,0,,,1,lC+Obstruen,,
kvThalT-kisikxlo,겉핥기식으로,거탈끼시그로,kv.Tal.gi.si.kx.lo,lT-k,lg,1,0,,,1,lC+Obstruen,,
Jalp-ke,짧게,짧께,Jalp.ge,lp-k,lpg,0,0,,,1,lC+Obstruen,,
kvThalT-kilo,겉핥기로,걷탈끼로,kvt.Tal.gi.lo,lT-k,lg,1,0,,,1,lC+Obstruen,,
talm-ko,닮고,담꼬,tam.go,lm-k,mg,0,1,,,1,lC+Obstruen,,
Jalp-tvlakoyo,짧더라고요,짤떠라고요,Jal.dv.la.ko.yo,lp-t,ld,1,0,,,1,lC+Obstruen,,
kvThalT-kisikxlo,겉핥기식으로,걷탈기시그로,kvt.Tal.ki.si.kx.lo,lT-k,lk,1,0,,,0,lC+Obstruen,,
kulm-ko,굶고,굶꼬,kulm.go,lm-k,lmg,0,0,,,1,lC+Obstruen,,
kvThalT-kisikxlo,겉핥기식으로,거탈기시그로,kv.Tal.ki.si.kx.lo,lT-k,lk,1,0,,,0,lC+Obstruen,,
kvThalT-kisikxlo,겉핥기식으로,거탈끼시그로,kv.Tal.gi.si.kx.lo,lT-k,lg,1,0,,,1,lC+Obstruen,,
ilk-ko,읽고,일꼬,il.go,lk-k,lg,1,0,,,1,lC+Obstruen,,
palk-ko,밝고,밝꼬,palk.go,lk-k,lkg,0,0,,,1,lC+Obstruen,,
yalp-ke,얇게,얄께,yal.ge,lp-k,lg,1,0,,,1,lC+Obstruen,,
kxlk-canha,긁잖아,글자나,kxl.ca.na,lk-c,lc,1,0,,,0,lC+Obstruen,,
kxlk-canha,긁잖아,긁짜나,kxlk.Ja.na,lk-c,lkJ,0,0,,,1,lC+Obstruen,,
malk-tvlakoyo,맑더라고요,막떠라고요,mak.dv.la.ko.yo,lk-t,kd,0,1,,,1,lC+Obstruen,,
nvlp-ko,넓고,넑꼬,nvlk.go,lp-k,lkg,0,0,,,1,lC+Obstruen,,
palp-ko,밟고,박꼬,pak.go,lp-k,kg,0,1,,,1,lC+Obstruen,,
nvlp-tan,넓단,넓딴,nvlp.dan,lp-t,lpd,0,0,,,1,lC+Obstruen,,
kulm-ko,굶고,굶꼬,kulm.go,lm-k,lmg,0,0,,,1,lC+Obstruen,,
palp-ko,밟고,밟꼬,palp.go,lp-k,lpg,0,0,,,1,lC+Obstruen,,
nvlpkito,넓기도,넑끼도,nvlk.gi.to,lk-g,lkg,0,0,,,1,lC+Obstruen,,
palk-ko,밝고,밝꼬,palk.go,lk-k,lkg,0,0,,,1,lC+Obstruen,,
palk-tvla,밝더라,발떠라,pal.dv.la,lk-t,ld,1,0,,,1,lC+Obstruen,,
nvlp-ko,넓고,넓꼬,nvlp.go,lp-k,lpg,0,0,,,1,lC+Obstruen,,
kulk-ko,굵고,굵꼬,kulk.go,lk-k,lkg,0,0,,,1,lC+Obstruen,,
kulk-ko,굵고,굵꼬,kulk.go,lk-k,lkg,0,0,,,1,lC+Obstruen,,
kulk-cikkulkcikhake,굵직굵직하게,굵찍굵찍카게,kulk.Jik.kulk.Jik.Ka.ke,lk-c,lkJ,0,0,,,1,lC+Obstruen,,
kulm-ko,굶고,굼꼬,kum.go,lm-k,mg,0,1,,,1,lC+Obstruen,,
kulm-ko,굶고,굼꾸,kum.gu,lm-k,mg,0,1,,,1,lC+Obstruen,,
kulm-ko,굶고,굼꾸,kum.gu,lm-k,mg,0,1,,,1,lC+Obstruen,,
kulm-ko,굶고,굼꼬,kum.go,lm-k,mg,0,1,,,1,lC+Obstruen,,
kulm-konxn,굶고는,굼꾸는,kum.gu.nxn,lm-k,mg,0,1,,,1,lC+Obstruen,,
kulm-txnci,굶든지,굼뜬지,kum.dxn.ci,lm-t,md,0,1,,,1,lC+Obstruen,,
kulm-ci,굶지,굼찌,kum.Ji,lm-c,mJ,0,1,,,1,lC+Obstruen,,
Jalp-ke,짧게,짧께,Jalp.ge,lp-k,lpg,0,0,,,1,lC+Obstruen,,
Jalp-ke,짧게,짥께,Jalk.ge,lp-k,lkg,0,0,,,1,lC+Obstruen,,
ilk-ta,읽다,읽따,ilk.da,lk-t,lkd,0,0,,,1,lC+Obstruen,,
ilk-ta,읽다,익따,ik.da,lk-t,kd,0,1,,,1,lC+Obstruen,,
ilk-ko,읽고,일꼬,il.go,lk-k,lg,1,0,,,1,lC+Obstruen,,
Jalp-ko,짧고,짤꼬,Jal.go,lp-k,lg,1,0,,,1,lC+Obstruen,,
ilk-ko,읽고,일꼬,il.go,lk-k,lg,1,0,,,1,lC+Obstruen,,
cvlm-tanxn,젊다는,젊따는,cvlm.da.nxn,lm-t,md,0,1,,,1,lC+Obstruen,,
yalp-ke,얇게,얄께,yal.ge,lp-k,lg,1,0,,,1,lC+Obstruen,,
palp-ci,밟지,발찌,pal.Ji,lp-c,lJ,1,0,,,1,lC+Obstruen,,
ilk-ci,읽지,일찌,il.Ji,lk-c,lJ,1,0,,,1,lC+Obstruen,,
ilk-ko,읽고,일꼬,il.go,lk-k,lg,1,0,,,1,lC+Obstruen,,
ilk-ko,읽고,일꼬,il.go,lk-k,lg,1,0,,,1,lC+Obstruen,,
nvlp-ko,넓고,널꼬,nvl.go,lp-k,lg,1,0,,,1,lC+Obstruen,,
ilk-ko,읽고,일꼬,il.go,lk-k,lg,1,0,,,1,lC+Obstruen,,
palp-ko,밟고,발꼬,pal.go,lp-k,lg,1,0,,,1,lC+Obstruen,,
Jalp-ke,짧게,짥께,Jalk.ge,lp-k,lkg,0,0,,,1,lC+Obstruen,,
kvThalT-kisikxlo,겉핥기식으로,걷탈끼시그로,kvt.Tal.gi.si.kx.lo,lT-k,lg,1,0,,,0,lC+Obstruen,,
talm-ko,닮고,담꼬,tam.go,lm-k,mg,0,1,,,1,lC+Obstruen,,
palk-ke,밝게,밝께,palk.ge,lk-k,lkg,0,0,,,1,lC+Obstruen,,
pulk-ke,붉게,붉께,pulk.ge,lk-k,lkg,0,0,,,1,lC+Obstruen,,
ilk-ci,읽지,읽찌,ilk.Ji,lk-c,lkJ,0,0,,,1,lC+Obstruen,,
nvlp-ci,넓지,넓찌,nvlp.Ji,lp-c,lpJ,0,0,,,1,lC+Obstruen,,
palk-ke,밝게,밝께,palk.ge,lk-k,lkg,0,0,,,1,lC+Obstruen,,
yalp-ke,얇게,얅께,yalk.ge,lp-k,lkg,0,0,,,1,lC+Obstruen,,
Jalp-ta,짧다,짤따,Jal.da,lp-t,ld,1,0,,,1,lC+Obstruen,,
Jalp-ke,짧게,짥께,Jalk.ge,lp-k,lkg,0,0,,,1,lC+Obstruen,,
Jalp-keto,짧게도,짤께도,Jal.ge.to,lp-k,lg,1,0,,,1,lC+Obstruen,,
Jalp-ke,짧게,짤께,Jal.ge,lp-k,lg,1,0,,,1,lC+Obstruen,,
ilk-ke,읽게,일께,il.ge,lk-k,lg,1,0,,,1,lC+Obstruen,,
ilk-ci,읽지,일찌,il.Ji,lk-c,lJ,1,0,,,1,lC+Obstruen,,
palk-ke,밝게,밝께,palk.ge,lk-k,lkg,0,0,,,1,lC+Obstruen,,
talm-ko,닮고,담꼬,tam.go,lm-k,mg,0,1,,,1,lC+Obstruen,,
ilk-ko,읽고,읽꼬,ilk.go,lk-k,lkg,0,0,,,1,lC+Obstruen,,
ilk-ko,읽고,일꼬,il.go,lk-k,lg,1,0,,,1,lC+Obstruen,,
Jalp-ke,짧게,짤께,Jal.ge,lp-k,lg,1,0,,,1,lC+Obstruen,,
nvlp-kin,넓긴,넓낀,nvlp.gin,lp-k,lpg,0,0,,,1,lC+Obstruen,,
Jalp-ke,짧게,짥께,Jalk.ge,lp-k,lkg,0,0,,,1,lC+Obstruen,,
ilk-ko,읽고,일꼬,il.go,lk-k,lg,1,0,,,1,lC+Obstruen,,
Jalp-taka,짧다가,짤따가,Jal.da.ka,lp-t,ld,1,0,,,1,lC+Obstruen,,
Jalp-ke,짧게,짧께,Jalp.ge,lp-k,lpg,0,0,,,1,lC+Obstruen,,
Jalp-ke,짧게,짧께,Jalp.ge,lp-k,lpg,0,0,,,1,lC+Obstruen,,
Jalp-ke,짧게,짤께,Jal.ge,lp-k,lg,1,0,,,1,lC+Obstruen,,
ilk-ko,읽고,일꼬,il.go,lk-k,lg,1,0,,,1,lC+Obstruen,,
nvlp-ta,넓다,널따,nvl.da,lp-t,ld,1,0,,,1,lC+Obstruen,,
Jalp-ke,짧게,짧께,Jalp.ge,lp-k,lpg,0,0,,,1,lC+Obstruen,,
malk-sxpniga,맑습니까,말씀니까,mal.Sxm.ni.ga,lk-s,lS,1,0,,,1,lC+Obstruen,,
nxlk-ko,늙고,늑꾸,nxk.gu,lk-k,kg,0,1,,,1,lC+Obstruen,,
talm-ko,닮고,담꼬,tam.go,lm-k,mg,0,1,,,1,lC+Obstruen,,
cvlm-ko,젊고,젊꼬,cvlm.go,lm-k,lmg,0,0,,,1,lC+Obstruen,,
Jalp-ke,짧게,짧께,Jalp.ge,lp-k,lpg,0,0,,,1,lC+Obstruen,,
palk-ko,밝고,발꼬,pal.go,lk-k,lg,1,0,,,1,lC+Obstruen,,
hulT-kito,훑기도,훌끼도,hul.gi.to,lT-k,lg,1,0,,,1,lC+Obstruen,,
ilk-kvna,읽거나,일꺼나,il.gv.na,lk-k,lg,1,0,,,1,lC+Obstruen,,
Jalp-ke,짧게,짤께,Jal.ge,lp-k,lg,1,0,,,1,lC+Obstruen,,
ilk-ko,읽고,일꼬,il.go,lk-k,lg,1,0,,,1,lC+Obstruen,,
Jalp-ke,짧게,짥께,Jalk.ge,lp-k,lkg,0,0,,,1,lC+Obstruen,,
talm-ci,닮지,담찌,tam.Ji,lm-c,mJ,0,1,,,1,lC+Obstruen,,
talm-ko,닮고,닮꼬,talm.go,lm-k,lmg,0,0,,,1,lC+Obstruen,,
Jalp-ke,짧게,짤께,Jal.ge,lp-k,lg,1,0,,,1,lC+Obstruen,,
Poknvlp-ke,폭넓게,퐁넉께,PoN.nvk.ge,lp-k,kg,0,1,,,1,lC+Obstruen,,
Poknvlp-ke,폭넓게,퐁넓께,PoN.nvlp.ge,lp-k,lpg,0,0,,,1,lC+Obstruen,,
Jalp-ke,짧게,짧께,Jalp.ge,lp-k,lpg,0,0,,,1,lC+Obstruen,,
Poknvlp-ke,폭넓게,퐁널께,PoN.nvl.ge,lp-k,lg,1,0,,,1,lC+Obstruen,,
ilk-kin,읽긴,읽낀,ilk.gin,lk-k,lkg,0,0,,,1,lC+Obstruen,,
yalp-ke,얇게,얄께,yal.ge,lp-k,lg,1,0,,,1,lC+Obstruen,,
talm-ko,닮고,담꼬,tam.go,lm-k,mg,0,1,,,1,lC+Obstruen,,
palk-ko,밝고,발꼬,pal.go,lk-k,lg,1,0,,,1,lC+Obstruen,,
Jalp-ke,짧게,짤께,Jal.ge,lp-k,lg,1,0,,,1,lC+Obstruen,,
cvlm-ko,젊고,젊꼬,cvlm.go,lm-k,lmg,0,0,,,1,lC+Obstruen,,
Jalp-ke,짧게,짧께,Jalp.ge,lp-k,lpg,0,0,,,1,lC+Obstruen,,
palp-kito,밟기도,발끼도,pal.gi.to,lp-k,lg,1,0,,,1,lC+Obstruen,,
ilk-ko,읽고,읽꼬,ilk.go,lk-k,lkg,0,0,,,1,lC+Obstruen,,
Jalp-ke,짧게,짤께,Jal.ge,lp-k,lg,1,0,,,1,lC+Obstruen,,
cvlm-canhayo,젊잖아요,점짜나요,cvm.Ja.na.yo,lm-c,mJ,0,1,,,1,lC+Obstruen,,
talm-kin,닮긴,담낀,tam.gin,lm-k,mg,0,1,,,1,lC+Obstruen,,
palp-ko,밟고,발꼬,pal.go,lp-k,lg,1,0,,,1,lC+Obstruen,,
talm-ko,닮고,당꼬,taN.go,lm-k,Ng,0,1,,,1,lC+Obstruen,,
Jalp-ke,짧게,짤께,Jal.ge,lp-k,lg,1,0,,,1,lC+Obstruen,,
cvlm-ki,젊기,점끼,cvm.gi,lm-k,mg,0,1,,,1,lC+Obstruen,,
talm-ko,닮고,담꾸,tam.gu,lm-k,mg,0,1,,,1,lC+Obstruen,,
Jalp-ke,짧게,짤께,Jal.ge,lp-k,lg,1,0,,,1,lC+Obstruen,,
Jalp-ke,짧게,짤께,Jal.ge,lp-k,lg,1,0,,,1,lC+Obstruen,,
Jalp-ke,짧게,짧께,Jalp.ge,lp-k,lpg,0,0,,,1,lC+Obstruen,,
ilk-ko,읽고,일꼬,il.go,lk-k,lg,1,0,,,1,lC+Obstruen,,
Jalp-kelato,짧게라도,짧께라도,Jalp.ge.la.to,lp-k,lpg,0,0,,,1,lC+Obstruen,,
nvlp-cin,넓진,넙찐,nvp.Jin,lp-c,pJ,0,1,,,1,lC+Obstruen,,
cvlm-ke,젊게,젋께,cvlp.ge,lm-k,lmg,0,0,,,1,lC+Obstruen,,
nvlp-ko,넓고,넘꼬,nvm.go,lp-k,mg,0,1,,,1,lC+Obstruen,,
Jalp-ke,짧게,짧께,Jalp.ge,lp-k,lpg,0,0,,,1,lC+Obstruen,,
Jalp-kegacinxn,짧게까지는,짥께까지는,Jalk.ge.ga.ci.nxn,lp-k,lkg,0,0,,,1,lC+Obstruen,,
Jalp-ko,짧고,짧꼬,Jalp.go,lp-k,lpg,0,0,,,1,lC+Obstruen,,
nvlp-ke,넓게,넓께,nvlp.ge,lp-k,lpg,0,0,,,1,lC+Obstruen,,
kulm-ko,굶고,굼꼬,kum.go,lm-k,mg,0,1,,,1,lC+Obstruen,,
yalp-ke,얇게,얄께,yal.ge,lp-k,lg,1,0,,,1,lC+Obstruen,,
Jalp-ko,짧고,짤꼬,Jal.go,lp-k,lg,1,0,,,1,lC+Obstruen,,
Jalp-ko,짧고,짥꼬,Jalk.go,lp-k,lkg,0,0,,,1,lC+Obstruen,,
nvlp-ko,넓고,널꾸,nvl.gu,lp-k,lg,1,0,,,1,lC+Obstruen,,
talm-ta,닮다,닮따,talm.da,lm-t,lmd,0,0,,,1,lC+Obstruen,,
Jalp-ke,짧게,짤께,Jal.ge,lp-k,lg,1,0,,,1,lC+Obstruen,,
Jalp-ke,짧게,짤께,Jal.ge,lp-k,lg,1,0,,,1,lC+Obstruen,,
Jalp-ki,짧기,짤끼,Jal.gi,lp-k,lg,1,0,,,1,lC+Obstruen,,
nvlp-tanxn,넓다는,널따는,nvl.da.nxn,lp-t,ld,1,0,,,1,lC+Obstruen,,
ilk-kosvnxn,읽고서는,일꾸서는,il.gu.sv.nxn,lk-k,lg,1,0,,,1,lC+Obstruen,,
talm-ko,닮고,담꼬,tam.go,lm-k,mg,0,1,,,1,lC+Obstruen,,
nvlp-ko,넓고,넓꼬,nvlp.go,lp-k,lpg,0,0,,,1,lC+Obstruen,,
talm-ko,닮고,담꼬,tam.go,lm-k,mg,0,1,,,1,lC+Obstruen,,
Jalp-ta,짧다,짤따,Jal.da,lp-t,ld,1,0,,,1,lC+Obstruen,,
talm-ko,닮고,당꼬,taN.go,lm-k,Ng,0,1,,,1,lC+Obstruen,,
Jalp-ta,짧다,짧따,Jalp.da,lp-t,lpd,0,0,,,1,lC+Obstruen,,
ilk-ko,읽고,일꼬,il.go,lk-k,lg,1,0,,,1,lC+Obstruen,,
ilk-ki,읽기,일끼,il.gi,lk-k,lg,1,0,,,1,lC+Obstruen,,
ilk-ko,읽고,읽꼬,ilk.go,lk-k,lkg,0,0,,,1,lC+Obstruen,,
ilk-ko,읽고,익꼬,ik.go,lk-k,kg,0,1,,,1,lC+Obstruen,,
kxlk-ko,긁고,긁꼬,kxlk.go,lk-k,lkg,0,0,,,1,lC+Obstruen,,
kxlk-taka,긁다가,긁따가,kxlk.da.ka,lk-t,lkd,0,0,,,1,lC+Obstruen,,
nvlp-ko,넓고,넓꼬,nvlp.go,lp-k,lpg,0,0,,,1,lC+Obstruen,,
palk-ko,밝고,발꼬,pal.go,lk-k,lg,1,0,,,1,lC+Obstruen,,
Jalp-ciman,짧지만,짧찌만,Jalp.Ji.man,lp-c,lpJ,0,0,,,1,lC+Obstruen,,
Jalp-ke,짧게,짤께,Jal.ge,lp-k,lg,1,0,,,1,lC+Obstruen,,
Jalp-ke,짧게,짧께,Jalp.ge,lp-k,lpg,0,0,,,1,lC+Obstruen,,
Jalp-ko,짧고,짤꼬,Jal.go,lp-k,lg,1,0,,,1,lC+Obstruen,,
Jalp-ta,짧다,짧따,Jalp.da,lp-t,lpd,0,0,,,1,lC+Obstruen,,
palk-ko,밝고,밝꼬,palk.go,lk-k,lkg,0,0,,,1,lC+Obstruen,,
ilk-ko,읽고,일꼬,il.go,lk-k,lg,1,0,,,1,lC+Obstruen,,
ilk-ko,읽고,읽고,ilk.ko,lk-k,lkg,0,0,,,0,lC+Obstruen,,
Jalp-kenxn,짧게는,짤께는,Jal.ge.nxn,lp-k,lg,1,0,,,1,lC+Obstruen,,
Jalp-cito,짧지도,짧찌도,Jalp.Ji.to,lp-c,lpJ,0,0,,,1,lC+Obstruen,,
palp-ke,밟게,밟께,palp.ge,lp-k,lpg,0,0,,,1,lC+Obstruen,,
Jalp-ko,짧고,짧꼬,Jalp.go,lp-k,lpg,0,0,,,1,lC+Obstruen,,
ilk-ki,읽기,익끼,ik.gi,lk-k,kg,0,1,,,1,lC+Obstruen,,
Jalp-ke,짧게,짤께,Jal.ge,lp-k,lg,1,0,,,1,lC+Obstruen,,
palk-ko,밝고,발꼬,pal.go,lk-k,lg,1,0,,,1,lC+Obstruen,,
talm-tvlako,닮더라고,담떠라고,tam.dv.la.ko,lm-t,md,0,1,,,1,lC+Obstruen,,
malk-ko,맑고,맑꼬,malk.go,lk-k,lkg,0,0,,,1,lC+Obstruen,,
nvlp-kvtxn,넓거든,널꺼든,nvl.gv.txn,lp-k,lg,1,0,,,1,lC+Obstruen,,
talm-ko,닮고,닮꼬,talm.go,lm-k,lmg,0,0,,,1,lC+Obstruen,,
cvlm-kvn,젊건,젊껀,cvlm.gvn,lm-k,lmg,0,0,,,1,lC+Obstruen,,
nvlp-ko,넓고,넑꾸,nvlk.gu,lp-k,lkg,0,0,,,1,lC+Obstruen,,
talm-ko,닮고,닮꼬,talm.go,lm-k,lmg,0,0,,,1,lC+Obstruen,,
cvlm-tamyvn,젊다면,점따면,cvm.da.myvn,lm-t,md,0,1,,,1,lC+Obstruen,,
cvlm-kito,젊기도,점끼도,cvm.gi.to,lm-k,mg,0,1,,,1,lC+Obstruen,,
malk-ke,맑게,말께,mal.ge,lk-k,lg,1,0,,,1,lC+Obstruen,,
nvlp-ke,넓게,널께,nvl.ge,lp-k,lg,1,0,,,1,lC+Obstruen,,
nxlk-ki,늙기,늙끼,nxlk.gi,lk-k,lkg,0,0,,,1,lC+Obstruen,,
malk-ko,맑고,말꼬,mal.go,lk-k,lg,1,0,,,1,lC+Obstruen,,
nxlk-ko,늙고,늙꾸,nxlk.gu,lk-k,lkg,0,0,,,1,lC+Obstruen,,
Jalp-kelato,짧게라도,짤께라도,Jal.ge.la.to,lp-k,lg,1,0,,,1,lC+Obstruen,,
palp-ko,밟고,발꼬,pal.go,lp-k,lg,1,0,,,1,lC+Obstruen,,
kulm-ko,굶고,굼꼬,kum.go,lm-k,mg,0,1,,,1,lC+Obstruen,,
Jalp-ke,짧게,짤께,Jal.ge,lp-k,lg,1,0,,,1,lC+Obstruen,,
talm-ko,닮고,닮꼬,talm.go,lm-k,lmg,0,0,,,1,lC+Obstruen,,
ilk-ko,읽고,일꼬,il.go,lk-k,lg,1,0,,,1,lC+Obstruen,,
nvlp-ke,넓게,넙께,nvp.ge,lp-k,pg,0,1,,,1,lC+Obstruen,,
nvlp-ta,넓다,널따,nvl.da,lp-t,ld,1,0,,,1,lC+Obstruen,,
malk-ko,맑고,말꼬,mal.go,lk-k,lg,1,0,,,1,lC+Obstruen,,
yalp-ke,얇게,얇께,yalp.ge,lp-k,lpg,0,0,,,1,lC+Obstruen,,
Jalp-ke,짧게,짤께,Jal.ge,lp-k,lg,1,0,,,1,lC+Obstruen,,
Jalp-ke,짧게,짥께,Jalk.ge,lp-k,lkg,0,0,,,1,lC+Obstruen,,
Jalp-ke,짧게,짤께,Jal.ge,lp-k,lg,1,0,,,1,lC+Obstruen,,
Jalp-ke,짧게,짤께,Jal.ge,lp-k,lg,1,0,,,1,lC+Obstruen,,
Jalp-kepage,짧게밖에,짤께,Jal.ge,lp-k,lg,1,0,,,1,lC+Obstruen,,
nvlp-ke,넓게,널께,nvl.ge,lp-k,lg,1,0,,,1,lC+Obstruen,,
nvlp-ke,넓게,널께,nvl.ge,lp-k,lg,1,0,,,1,lC+Obstruen,,
nvlp-ke,넓게,널께,nvl.ge,lp-k,lg,1,0,,,1,lC+Obstruen,,
nvlp-ke,넓게,널께,nvl.ge,lp-k,lg,1,0,,,1,lC+Obstruen,,
nvlp-ko,넓고,널꼬,nvl.go,lp-k,lg,1,0,,,1,lC+Obstruen,,
nvlp-ko,넓고,넓꾸,nvlp.gu,lp-k,lpg,0,0,,,1,lC+Obstruen,,
nvlp-ko,넓고,널꼬,nvl.go,lp-k,lg,1,0,,,1,lC+Obstruen,,
nvlp-ko,넓고,널꾸,nvl.gu,lp-k,lg,1,0,,,1,lC+Obstruen,,
nvlp-ko,넓고,널꼬,nvl.go,lp-k,lg,1,0,,,1,lC+Obstruen,,
nvlp-ki,넓기,널끼,nvl.gi,lp-k,lg,1,0,,,1,lC+Obstruen,,
nvlp-ci,넓지,넙찌,nvp.Ji,lp-c,pJ,0,1,,,1,lC+Obstruen,,
nvlp-ci,넓지,넓찌,nvlp.Ji,lp-c,lpJ,0,0,,,1,lC+Obstruen,,
mulk-ke,묽게,물께,mul.ge,lk-k,lg,1,0,,,1,lC+Obstruen,,
Jalp-keto,짧게도,짤께도,Jal.ge.to,lp-k,lg,1,0,,,1,lC+Obstruen,,
kulk-canha,굵잖아,국짜나,kuk.Ja.na,lk-c,kJ,0,1,,,1,lC+Obstruen,,
Jalp-ke,짧게,짤께,Jal.ge,lp-k,lg,1,0,,,1,lC+Obstruen,,
palk-ko,밝고,발꼬,pal.go,lk-k,lg,1,0,,,1,lC+Obstruen,,
palp-ke,밟게,발께,pal.ge,lp-k,lg,1,0,,,1,lC+Obstruen,,
ilk-ki,읽기,일끼,il.gi,lk-k,lg,1,0,,,1,lC+Obstruen,,
nxlk-ko,늙고,늘꼬,nxl.go,lk-k,lg,1,0,,,1,lC+Obstruen,,
Jalp-kekvtxnyo,짧게거든요,짧께거든녀,Jalp.ge.kv.txn.nyv,lp-k,lpg,0,0,,,1,lC+Obstruen,,
nxlk-ko,늙고,늘꼬,nxl.go,lk-k,lg,1,0,,,1,lC+Obstruen,,
nxlk-ko,늙고,늘꼬,nxl.go,lk-k,lg,1,0,,,1,lC+Obstruen,,
nxlk-ki,늙기,늙끼,nxlk.gi,lk-k,lkg,0,0,,,1,lC+Obstruen,,
nxlk-canhayo,늙잖아요,늘짜나요,nxl.Ja.na.yo,lk-c,lJ,1,0,,,1,lC+Obstruen,,
nvlpkito,넓기도,넓끼도,nvlp.gi.to,lk-g,lpg,0,0,,,1,lC+Obstruen,,
Jalp-kelanxn,짧게라는,짤께라는,Jal.ge.la.nxn,lp-k,lg,1,0,,,1,lC+Obstruen,,
cvlm-ko,젊고,점꼬,cvm.go,lm-k,mg,0,1,,,1,lC+Obstruen,,
Jalp-ke,짧게,짧께,Jalp.ge,lp-k,lpg,0,0,,,1,lC+Obstruen,,
Jalp-ke,짧게,짧께,Jalp.ge,lp-k,lpg,0,0,,,1,lC+Obstruen,,
talm-ko,닮고,닮꼬,talm.go,lm-k,lmg,0,0,,,1,lC+Obstruen,,
nvlp-ke,넓게,널께,nvl.ge,lp-k,lg,1,0,,,1,lC+Obstruen,,
palk-ko,밝고,발꼬,pal.go,lk-k,lg,1,0,,,1,lC+Obstruen,,
salm-ko,삶고,삼꼬,sam.go,lm-k,mg,0,1,,,1,lC+Obstruen,,
talm-ko,닮고,담꼬,tam.go,lm-k,mg,0,1,,,1,lC+Obstruen,,
talm-ko,닮고,담꼬,tam.go,lm-k,mg,0,1,,,1,lC+Obstruen,,
talm-ko,닮고,닮꼬,talm.go,lm-k,lmg,0,0,,,1,lC+Obstruen,,
talm-ko,닮고,담꼬,tam.go,lm-k,mg,0,1,,,1,lC+Obstruen,,
talm-ko,닮고,담꼬,tam.go,lm-k,mg,0,1,,,1,lC+Obstruen,,
talm-ko,닮고,담꼬,tam.go,lm-k,mg,0,1,,,1,lC+Obstruen,,
talm-ko,닮고,담꼬,tam.go,lm-k,mg,0,1,,,1,lC+Obstruen,,
talm-ko,닮고,담꼬,tam.go,lm-k,mg,0,1,,,1,lC+Obstruen,,
talm-ko,닮고,담꼬,tam.go,lm-k,mg,0,1,,,1,lC+Obstruen,,
talm-ko,닮고,담꼬,tam.go,lm-k,mg,0,1,,,1,lC+Obstruen,,
talm-ko,닮고,닮꼬,talm.go,lm-k,lmg,0,0,,,1,lC+Obstruen,,
talm-ko,닮고,담꾸,tam.gu,lm-k,mg,0,1,,,1,lC+Obstruen,,
talm-ko,닮고,담꼬,tam.go,lm-k,mg,0,1,,,1,lC+Obstruen,,
talm-ko,닮고,담꼬,tam.go,lm-k,mg,0,1,,,1,lC+Obstruen,,
talm-ki,닮기,닮끼,talm.gi,lm-k,lmg,0,0,,,1,lC+Obstruen,,
talm-ci,닮지,담찌,tam.Ji,lm-c,mJ,0,1,,,1,lC+Obstruen,,
talm-ko,닮고,닮꼬,talm.go,lm-k,lmg,0,0,,,1,lC+Obstruen,,
ilk-ko,읽고,일꼬,il.go,lk-k,lg,1,0,,,1,lC+Obstruen,,
ilk-ko,읽고,일꾸,il.gu,lk-k,lg,1,0,,,1,lC+Obstruen,,
nvlp-ke,넓게,널께,nvl.ge,lp-k,lg,1,0,,,1,lC+Obstruen,,
nvlp-kenxn,넓게는,넓께는,nvlp.ge.nxn,lp-k,lpg,0,0,,,1,lC+Obstruen,,
nxlk-ki,늙기,늘끼,nxl.gi,lk-k,lg,1,0,,,1,lC+Obstruen,,
nxlk-ki,늙기,늘끼,nxl.gi,lk-k,lg,1,0,,,1,lC+Obstruen,,
nxlk-ki,늙기,늘끼,nxl.gi,lk-k,lg,1,0,,,1,lC+Obstruen,,
cvlm-ta,젊다,점따,cvm.da,lm-t,md,0,1,,,1,lC+Obstruen,,
palk-ke,밝게,발께,pal.ge,lk-k,lg,1,0,,,1,lC+Obstruen,,
yalp-ke,얇게,얄께,yal.ge,lp-k,lg,1,0,,,1,lC+Obstruen,,
Jalp-ko,짧고,짤꾸,Jal.gu,lp-k,lg,1,0,,,1,lC+Obstruen,,
Poknvlp-ke,폭넓게,퐁널께,PoN.nvl.ge,lp-k,lg,1,0,,,1,lC+Obstruen,,
Jalp-ke,짧게,짤께,Jal.ge,lp-k,lg,1,0,,,1,lC+Obstruen,,
ilk-ko,읽고,일꼬,il.go,lk-k,lg,1,0,,,1,lC+Obstruen,,
nvlp-ko,넓고,넓꾸,nvlp.gu,lp-k,lpg,0,0,,,1,lC+Obstruen,,
nvlp-kito,넓기도,널끼도,nvl.gi.to,lp-k,lg,1,0,,,1,lC+Obstruen,,
malk-ko,맑고,말꼬,mal.go,lk-k,lg,1,0,,,1,lC+Obstruen,,
palk-ko,밝고,발꼬,pal.go,lk-k,lg,1,0,,,1,lC+Obstruen,,
Jalp-ta,짧다,짤따,Jal.da,lp-t,ld,1,0,,,1,lC+Obstruen,,
nvlp-tvlako,넓더라고,넓떠라고,nvlp.dv.la.ko,lp-t,lpd,0,0,,,1,lC+Obstruen,,
ilk-ko,읽고,일꼬,il.go,lk-k,lg,1,0,,,1,lC+Obstruen,,
Jalp-canhayo,짧잖아요,짤짜나요,Jal.Ja.na.yo,lp-c,lJ,1,0,,,1,lC+Obstruen,,
nvlp-ki,넓기,널끼,nvl.gi,lp-k,lg,1,0,,,1,lC+Obstruen,,
palp-ci,밟지,받찌,pat.Ji,lp-c,tJ,0,1,,,1,lC+Obstruen,,
ilk-ko,읽고,일꼬,il.go,lk-k,lg,1,0,,,1,lC+Obstruen,,
nvlp-cito,넓지도,넓찌도,nvlp.Ji.to,lp-c,lpJ,0,0,,,1,lC+Obstruen,,
palk-ke,밝게,발께,pal.ge,lk-k,lg,1,0,,,1,lC+Obstruen,,
Jalp-ko,짧고,짧꼬,Jalp.go,lp-k,lpg,0,0,,,1,lC+Obstruen,,
nvlp-ko,넓고,넓꼬,nvlp.go,lp-k,lpg,0,0,,,1,lC+Obstruen,,
palp-keSte,밟겠대,밟껟때,palp.get.de,lp-k,lpg,0,0,,,1,lC+Obstruen,,
dvlp-ko,떫고,떨꼬,dvl.go,lp-k,lg,1,0,,,1,lC+Obstruen,,
nxlk-ko,늙고,늘꼬,nxl.go,lk-k,lg,1,0,,,1,lC+Obstruen,,
yalp-canha,얇잖아,얍짜나,yap.Ja.na,lp-c,pJ,0,1,,,1,lC+Obstruen,,
nvlp-ke,넓게,넓께,nvlp.ge,lp-k,lpg,0,0,,,1,lC+Obstruen,,
talm-ko,닮고,당꼬,taN.go,lm-k,Ng,0,1,,,1,lC+Obstruen,,
talm-ko,닮고,담꼬,tam.go,lm-k,mg,0,1,,,1,lC+Obstruen,,
nvlp-ke,넓게,널께,nvl.ge,lp-k,lg,1,0,,,1,lC+Obstruen,,
nvlp-ke,넓게,넓께,nvlp.ge,lp-k,lpg,0,0,,,1,lC+Obstruen,,
kulm-ke,굶게,굼께,kum.ge,lm-k,mg,0,1,,,1,lC+Obstruen,,
palk-ko,밝고,발꼬,pal.go,lk-k,lg,1,0,,,1,lC+Obstruen,,
cvlm-ko,젊고,점꼬,cvm.go,lm-k,mg,0,1,,,1,lC+Obstruen,,
Jalp-kelato,짧게라도,짤께라도,Jal.ge.la.to,lp-k,lg,1,0,,,1,lC+Obstruen,,
Poknvlp-cinxn,폭넓지는,퐁넓찌는,PoN.nvlp.Ji.nxn,lp-c,lpJ,0,0,,,1,lC+Obstruen,,
nvlp-ko,넓고,널꼬,nvl.go,lp-k,lg,1,0,,,1,lC+Obstruen,,
palp-ko,밟고,발꼬,pal.go,lp-k,lg,1,0,,,1,lC+Obstruen,,
Jalp-ke,짧게,짧께,Jalp.ge,lp-k,lpg,0,0,,,1,lC+Obstruen,,
Jalp-ke,짧게,짤께,Jal.ge,lp-k,lg,1,0,,,1,lC+Obstruen,,
talm-ko,닮고,닮꼬,talm.go,lm-k,lmg,0,0,,,1,lC+Obstruen,,
talm-cinxn,닮지는,담찌는,tam.Ji.nxn,lm-c,mJ,0,1,,,1,lC+Obstruen,,
talm-cin,닮진,닮찐,talm.Jin,lm-c,lmJ,0,0,,,1,lC+Obstruen,,
ilk-ko,읽고,일꾸,il.gu,lk-k,lg,1,0,,,1,lC+Obstruen,,
ilk-ko,읽고,읽꼬,ilk.go,lk-k,lkg,0,0,,,1,lC+Obstruen,,
Jalp-ke,짧게,짤께,Jal.ge,lp-k,lg,1,0,,,1,lC+Obstruen,,
ilk-ko,읽고,일꾸,il.gu,lk-k,lg,1,0,,,1,lC+Obstruen,,
talm-ko,닮고,담꼬,tam.go,lm-k,mg,0,1,,,1,lC+Obstruen,,
malk-ko,맑고,말꼬,mal.go,lk-k,lg,1,0,,,1,lC+Obstruen,,
malk-ko,맑고,말꼬,mal.go,lk-k,lg,1,0,,,1,lC+Obstruen,,
malk-ko,맑고,말꼬,mal.go,lk-k,lg,1,0,,,1,lC+Obstruen,,
malk-ko,맑고,말꼬,mal.go,lk-k,lg,1,0,,,1,lC+Obstruen,,
malk-ko,맑고,말꼬,mal.go,lk-k,lg,1,0,,,1,lC+Obstruen,,
malk-ko,맑고,말꾸,mal.gu,lk-k,lg,1,0,,,1,lC+Obstruen,,
malk-ko,맑고,말꼬,mal.go,lk-k,lg,1,0,,,1,lC+Obstruen,,
malk-ko,맑고,말꼬,mal.go,lk-k,lg,1,0,,,1,lC+Obstruen,,
malk-ko,맑고,말꼬,mal.go,lk-k,lg,1,0,,,1,lC+Obstruen,,
malk-ko,맑고,말꼬,mal.go,lk-k,lg,1,0,,,1,lC+Obstruen,,
malk-ko,맑고,말꼬,mal.go,lk-k,lg,1,0,,,1,lC+Obstruen,,
malk-ko,맑고,말꼬,mal.go,lk-k,lg,1,0,,,1,lC+Obstruen,,
ilk-ko,읽고,일꼬,il.go,lk-k,lg,1,0,,,1,lC+Obstruen,,
talm-ko,닮고,닮꼬,talm.go,lm-k,lmg,0,0,,,1,lC+Obstruen,,
ilk-ko,읽고,읽꼬,ilk.go,lk-k,lkg,0,0,,,1,lC+Obstruen,,
Jalp-ke,짧게,짧께,Jalp.ge,lp-k,lpg,0,0,,,1,lC+Obstruen,,
Jalp-ko,짧고,짥꼬,Jalk.go,lp-k,lkg,0,0,,,1,lC+Obstruen,,
salm-ko,삶고,삶꼬,salm.go,lm-k,lmg,0,0,,,1,lC+Obstruen,,
salm-ko,삶고,삼꼬,sam.go,lm-k,mg,0,1,,,1,lC+Obstruen,,
salm-ci,삶지,쌂찌,Salm.Ji,lm-c,lmJ,0,0,,,1,lC+Obstruen,,
salm-ko,삶고,삶꼬,salm.go,lm-k,lmg,0,0,,,1,lC+Obstruen,,
ilk-ki,읽기,읽끼,ilk.gi,lk-k,lkg,0,0,,,1,lC+Obstruen,,
Jalp-ke,짧게,짤께,Jal.ge,lp-k,lg,1,0,,,1,lC+Obstruen,,
nvlp-ke,넓게,넓께,nvlp.ge,lp-k,lpg,0,0,,,1,lC+Obstruen,,
nxlk-ko,늙고,늙꼬,nxlk.go,lk-k,lkg,0,0,,,1,lC+Obstruen,,
palp-ko,밟고,발꼬,pal.go,lp-k,lg,1,0,,,1,lC+Obstruen,,
cvlm-kito,젊기도,점끼도,cvm.gi.to,lm-k,mg,0,1,,,1,lC+Obstruen,,
cvlm-kito,젊기도,점끼두,cvm.gi.tu,lm-k,mg,0,1,,,1,lC+Obstruen,,
palp-ko,밟고,발꼬,pal.go,lp-k,lg,1,0,,,1,lC+Obstruen,,
nxlk-kito,늙기도,늘끼도,nxl.gi.to,lk-k,lg,1,0,,,1,lC+Obstruen,,
mulk-ci,묽지,묽찌,mulk.Ji,lk-c,lkJ,0,0,,,1,lC+Obstruen,,
mulk-ci,묽지,묽찌,mulk.Ji,lk-c,lkJ,0,0,,,1,lC+Obstruen,,
Jalp-ko,짧고,짤꼬,Jal.go,lp-k,lg,1,0,,,1,lC+Obstruen,,
kulm-kvna,굶거나,굼꺼나,kum.gv.na,lm-k,mg,0,1,,,1,lC+Obstruen,,
kulk-ke,굵게,굴께,kul.ge,lk-k,lg,1,0,,,1,lC+Obstruen,,
Jalp-ko,짧고,짤꼬,Jal.go,lp-k,lg,1,0,,,1,lC+Obstruen,,
palp-ko,밟고,발꼬,pal.go,lp-k,lg,1,0,,,1,lC+Obstruen,,
Jalp-ke,짧게,짤께,Jal.ge,lp-k,lg,1,0,,,1,lC+Obstruen,,
malk-talako,맑다라고,맑따라고,malk.da.la.ko,lk-t,lkd,0,0,,,1,lC+Obstruen,,
palp-kvna,밟거나,발꺼나,pal.gv.na,lp-k,lg,1,0,,,1,lC+Obstruen,,
palk-ko,밝고,밝꼬,palk.go,lk-k,lkg,0,0,,,1,lC+Obstruen,,
Jalp-ko,짧고,짥꼬,Jalk.go,lp-k,lkg,0,0,,,1,lC+Obstruen,,
Jalp-ke,짧게,짥께,Jalk.ge,lp-k,lkg,0,0,,,1,lC+Obstruen,,
Jalp-ke,짧게,짤께,Jal.ge,lp-k,lg,1,0,,,1,lC+Obstruen,,
Jalp-kenxn,짧게는,짥께는,Jalk.ge.nxn,lp-k,lkg,0,0,,,1,lC+Obstruen,,
Jalp-kenxn,짧게는,짤께는,Jal.ge.nxn,lp-k,lg,1,0,,,1,lC+Obstruen,,
Jalp-kelato,짧게라도,짤께라도,Jal.ge.la.to,lp-k,lg,1,0,,,1,lC+Obstruen,,
ilk-kvna,읽거나,일꺼나,il.gv.na,lk-k,lg,1,0,,,1,lC+Obstruen,,
nvlp-ko,넓고,널꼬,nvl.go,lp-k,lg,1,0,,,1,lC+Obstruen,,
malk-ko,맑고,말꼬,mal.go,lk-k,lg,1,0,,,1,lC+Obstruen,,
Jalp-ke,짧게,짧께,Jalp.ge,lp-k,lpg,0,0,,,1,lC+Obstruen,,
palp-ko,밟고,밝꼬,palk.go,lp-k,lkg,0,0,,,1,lC+Obstruen,,
palp-ki,밟기,발끼,pal.gi,lp-k,lg,1,0,,,1,lC+Obstruen,,
yalp-ke,얇게,얇께,yalp.ge,lp-k,lpg,0,0,,,1,lC+Obstruen,,
yalp-ta,얇다,얇따,yalp.da,lp-t,lpd,0,0,,,1,lC+Obstruen,,
Jalp-ke,짧게,짤께,Jal.ge,lp-k,lg,1,0,,,1,lC+Obstruen,,
nvlp-ke,넓게,널께,nvl.ge,lp-k,lg,1,0,,,1,lC+Obstruen,,
palk-ke,밝게,발께,pal.ge,lk-k,lg,1,0,,,1,lC+Obstruen,,
palk-ke,밝게,밝께,palk.ge,lk-k,lkg,0,0,,,1,lC+Obstruen,,
palk-ke,밝게,발께,pal.ge,lk-k,lg,1,0,,,1,lC+Obstruen,,
palk-ke,밝게,발께,pal.ge,lk-k,lg,1,0,,,1,lC+Obstruen,,
palk-ke,밝게,발께,pal.ge,lk-k,lg,1,0,,,1,lC+Obstruen,,
palk-ke,밝게,발께,pal.ge,lk-k,lg,1,0,,,1,lC+Obstruen,,
palk-ke,밝게,발께,pal.ge,lk-k,lg,1,0,,,1,lC+Obstruen,,
palk-ke,밝게,발께,pal.ge,lk-k,lg,1,0,,,1,lC+Obstruen,,
palk-ko,밝고,발꼬,pal.go,lk-k,lg,1,0,,,1,lC+Obstruen,,
palk-ko,밝고,발꼬,pal.go,lk-k,lg,1,0,,,1,lC+Obstruen,,
palk-ko,밝고,밝꼬,palk.go,lk-k,lkg,0,0,,,1,lC+Obstruen,,
palk-ko,밝고,밝꼬,palk.go,lk-k,lkg,0,0,,,1,lC+Obstruen,,
palk-ko,밝고,발꼬,pal.go,lk-k,lg,1,0,,,1,lC+Obstruen,,
palk-ko,밝고,밝꼬,palk.go,lk-k,lkg,0,0,,,1,lC+Obstruen,,
palk-ko,밝고,밝꼬,palk.go,lk-k,lkg,0,0,,,1,lC+Obstruen,,
palk-ko,밝고,발꼬,pal.go,lk-k,lg,1,0,,,1,lC+Obstruen,,
palk-ko,밝고,밝꼬,palk.go,lk-k,lkg,0,0,,,1,lC+Obstruen,,
Jalp-ke,짧게,짧께,Jalp.ge,lp-k,lpg,0,0,,,1,lC+Obstruen,,
palk-ko,밝고,발꼬,pal.go,lk-k,lg,1,0,,,1,lC+Obstruen,,
palk-ko,밝고,발꼬,pal.go,lk-k,lg,1,0,,,1,lC+Obstruen,,
palk-ko,밝고,발꼬,pal.go,lk-k,lg,1,0,,,1,lC+Obstruen,,
palk-ko,밝고,발꼬,pal.go,lk-k,lg,1,0,,,1,lC+Obstruen,,
palk-ko,밝고,밝꼬,palk.go,lk-k,lkg,0,0,,,1,lC+Obstruen,,
palk-ko,밝고,밝꼬,palk.go,lk-k,lkg,0,0,,,1,lC+Obstruen,,
palk-ki,밝기,발끼,pal.gi,lk-k,lg,1,0,,,1,lC+Obstruen,,
palk-ki,밝기,발끼,pal.gi,lk-k,lg,1,0,,,1,lC+Obstruen,,
palk-ta,밝다,발따,pal.da,lk-t,ld,1,0,,,1,lC+Obstruen,,
nvlp-ko,넓고,넓꼬,nvlp.go,lp-k,lpg,0,0,,,1,lC+Obstruen,,
palk-ta,밝다,밝따,palk.da,lk-t,lkd,0,0,,,1,lC+Obstruen,,
palk-ko,밝고,밝꼬,palk.go,lk-k,lkg,0,0,,,1,lC+Obstruen,,
palk-cito,밝지도,받찌도,pat.Ji.to,lk-c,tJ,0,1,,,1,lC+Obstruen,,
palp-ke,밟게,발께,pal.ge,lp-k,lg,1,0,,,1,lC+Obstruen,,
ilk-ko,읽고,일꼬,il.go,lk-k,lg,1,0,,,1,lC+Obstruen,,
palp-ko,밟고,발꼬,pal.go,lp-k,lg,1,0,,,1,lC+Obstruen,,
palp-kosv,밟고서,발꼬서,pal.go.sv,lp-k,lg,1,0,,,1,lC+Obstruen,,
palp-ki,밟기,발끼,pal.gi,lp-k,lg,1,0,,,1,lC+Obstruen,,
palp-kito,밟기도,밟끼도,palp.gi.to,lp-k,lpg,0,0,,,1,lC+Obstruen,,
kulm-ko,굶고,굼꼬,kum.go,lm-k,mg,0,1,,,1,lC+Obstruen,,
kulm-ci,굶지,굼찌,kum.Ji,lm-c,mJ,0,1,,,1,lC+Obstruen,,
kulm-ko,굶고,굼꼬,kum.go,lm-k,mg,0,1,,,1,lC+Obstruen,,
palp-ko,밟고,밟꼬,palp.go,lp-k,lpg,0,0,,,1,lC+Obstruen,,
kxlk-ko,긁고,글고,kxl.ko,lk-k,lk,1,0,,,0,lC+Obstruen,,
nvlp-cimanxn,넓지마는,널찌마는,nvl.Ji.ma.nxn,lp-c,lJ,1,0,,,1,lC+Obstruen,,
palp-ko,밟고,밟꼬,palp.go,lp-k,lpg,0,0,,,1,lC+Obstruen,,
Jalp-ciman,짧지만,짤찌만,Jal.Ji.man,lp-c,lJ,1,0,,,1,lC+Obstruen,,
ilk-koman,읽고만,읽꼬만,ilk.go.man,lk-k,lkg,0,0,,,0,lC+Obstruen,,
Jalp-ki,짧기,짧끼,Jalp.gi,lp-k,lpg,0,0,,,1,lC+Obstruen,,
ilk-ta,읽다,일따,il.da,lk-t,ld,1,0,,,1,lC+Obstruen,,
Jalp-ke,짧게,짤께,Jal.ge,lp-k,lg,1,0,,,1,lC+Obstruen,,
Jalp-ke,짧게,짤께,Jal.ge,lp-k,lg,1,0,,,1,lC+Obstruen,,
Jalp-ko,짧고,짤꼬,Jal.go,lp-k,lg,1,0,,,1,lC+Obstruen,,
talm-ko,닮고,담꼬,tam.go,lm-k,mg,0,1,,,1,lC+Obstruen,,
palk-ke,밝게,밝께,palk.ge,lk-k,lkg,0,0,,,1,lC+Obstruen,,
yalp-ke,얇게,얇께,yalp.ge,lp-k,lpg,0,0,,,1,lC+Obstruen,,
nxlk-ko,늙고,늘꼬,nxl.go,lk-k,lg,1,0,,,1,lC+Obstruen,,
kulk-ko,굵고,굴꼬,kul.go,lk-k,lg,1,0,,,1,lC+Obstruen,,
palp-ko,밟고,발꼬,pal.go,lp-k,lg,1,0,,,1,lC+Obstruen,,
Jalp-canhayo,짧잖아요,짧짜나요,Jalp.Ja.na.yo,lp-c,lpJ,0,0,,,1,lC+Obstruen,,
cvlm-ko,젊고,점꼬,cvm.go,lm-k,mg,0,1,,,1,lC+Obstruen,,
nvlp-ko,넓고,널꼬,nvl.go,lp-k,lg,1,0,,,1,lC+Obstruen,,
salm-kosv,삶고서,쌈꾸서,Sam.gu.sv,lm-k,mg,0,1,,,1,lC+Obstruen,,
nvlp-sxpnita,넓습니다,넓씀니다,nvlp.Sxm.ni.ta,lp-s,lpS,0,0,,,1,lC+Obstruen,,
talm-ko,닮고,담꼬,tam.go,lm-k,mg,0,1,,,1,lC+Obstruen,,
Jalp-kenxn,짧게는,짤께는,Jal.ge.nxn,lp-k,lg,1,0,,,1,lC+Obstruen,,
nvlp-ko,넓고,넑꼬,nvlk.go,lp-k,lkg,0,0,,,1,lC+Obstruen,,
nvlp-ko,넓고,넓꼬,nvlp.go,lp-k,lpg,0,0,,,1,lC+Obstruen,,
palp-ko,밟고,밟꼬,palp.go,lp-k,lpg,0,0,,,1,lC+Obstruen,,
talm-kin,닮긴,달낀,tal.gin,lm-k,lg,1,0,,,1,lC+Obstruen,,
palk-ko,밝고,발꼬,pal.go,lk-k,lg,1,0,,,1,lC+Obstruen,,
ilk-ko,읽고,읽꼬,ilk.go,lk-k,lkg,0,0,,,1,lC+Obstruen,,
nvlp-ke,넓게,널께,nvl.ge,lp-k,lg,1,0,,,1,lC+Obstruen,,
Jalp-tako,짧다고,짤따고,Jal.da.ko,lp-t,ld,1,0,,,1,lC+Obstruen,,
kulm-nxn,굶는,굼는,kum.nxn,lm-n,mn,0,1,0.0,0.0,0,lC+Sonorant,,
kulm-nxn,굶는,굼는,kum.nxn,lm-n,mn,0,1,0.0,0.0,0,lC+Sonorant,,
kulm-nxn,굶는,굼는,kum.nxn,lm-n,mn,0,1,0.0,0.0,0,lC+Sonorant,,
kulm-nxn,굶는,굼는,kum.nxn,lm-n,mn,0,1,0.0,0.0,0,lC+Sonorant,,
kulm-nxn,굶는,굼는,kum.nxn,lm-n,mn,0,1,0.0,0.0,0,lC+Sonorant,,
kulm-nxntako,굶는다고,굼는다고,kum.nxn.ta.ko,lm-n,mn,0,1,0.0,0.0,0,lC+Sonorant,,
kulm-nxntanxn,굶는다는,굼는다는,kum.nxn.ta.nxn,lm-n,mn,0,1,0.0,0.0,0,lC+Sonorant,,
kxlk-nxn,긁는,극는,kxk.nxn,lk-n,kn,0,1,0.0,0.0,0,lC+Sonorant,,
kxlk-nxn,긁는,극는,kxk.nxn,lk-n,kn,0,1,0.0,0.0,0,lC+Sonorant,,
nxlk-nxn,늙는,늑는,nxk.nxn,lk-n,kn,0,1,0.0,0.0,0,lC+Sonorant,,
nxlk-nxn,늙는,늘는,nxl.nxn,lk-n,ln,1,0,0.0,0.0,0,lC+Sonorant,,
talm-nxn,닮는,담는,tam.nxn,lm-n,mn,0,1,0.0,0.0,0,lC+Sonorant,,
talm-nxnta,닮는다,담는다,tam.nxn.ta,lm-n,mn,0,1,0.0,0.0,0,lC+Sonorant,,
talm-nxntako,닮는다고,담는다고,tam.nxn.ta.ko,lm-n,mn,0,1,0.0,0.0,0,lC+Sonorant,,
talm-nxntanxn,닮는다는,담는다는,tam.nxn.ta.nxn,lm-n,mn,0,1,0.0,0.0,0,lC+Sonorant,,
palp-nxn,밟는,발는,pal.nxn,lp-n,ln,1,0,0.0,0.0,0,lC+Sonorant,,
palp-nxn,밟는,밥는,pap.nxn,lp-n,pn,0,1,0.0,0.0,0,lC+Sonorant,,
palp-nxn,밟는,밥는,pap.nxn,lp-n,pn,0,1,0.0,0.0,0,lC+Sonorant,,
palp-nxn,밟는,밥는,pap.nxn,lp-n,pn,0,1,0.0,0.0,0,lC+Sonorant,,
palp-nxn,밟는,밥는,pap.nxn,lp-n,pn,0,1,0.0,0.0,0,lC+Sonorant,,
salm-nxn,삶는,쌈는,Sam.nxn,lm-n,mn,0,1,0.0,0.0,0,lC+Sonorant,,
salm-nxntatxnka,삶는다든가,쌈는다든가,Sam.nxn.ta.txn.ka,lm-n,mn,0,1,0.0,0.0,0,lC+Sonorant,,
ilk-napwayo,읽나봐요,익나봐요,ik.na.pwa.yo,lk-n,kn,0,1,0.0,0.0,0,lC+Sonorant,,
ilk-nxn,읽는,익는,ik.nxn,lk-n,kn,0,1,0.0,0.0,0,lC+Sonorant,,
ilk-nxn,읽는,익는,ik.nxn,lk-n,kn,0,1,0.0,0.0,0,lC+Sonorant,,
ilk-nxntatxnci,읽는다든지,익는,ik.nxn,lk-n,kn,0,1,0.0,0.0,0,lC+Sonorant,,
ilk-nxn,읽는,익는,ik.nxn,lk-n,kn,0,1,0.0,0.0,0,lC+Sonorant,,
ilk-nxn,읽는,익는,ik.nxn,lk-n,kn,0,1,0.0,0.0,0,lC+Sonorant,,
ilk-nxn,읽는,익는,ik.nxn,lk-n,kn,0,1,0.0,0.0,0,lC+Sonorant,,
ilk-nxn,읽는,익는,ik.nxn,lk-n,kn,0,1,0.0,0.0,0,lC+Sonorant,,
ilk-nxn,읽는,익는,ik.nxn,lk-n,kn,0,1,0.0,0.0,0,lC+Sonorant,,
ilk-nxnkuna,읽는구나,익는구나,ik.nxn.ku.na,lk-n,kn,0,1,0.0,0.0,0,lC+Sonorant,,
ilk-nxntanxn,읽는다는,익는다는,ik.nxn.ta.nxn,lk-n,kn,0,1,0.0,0.0,0,lC+Sonorant,,
ilk-nxntatxnka,읽는다든가,익는다든가,ik.nxn.ta.txn.ka,lk-n,kn,0,1,0.0,0.0,0,lC+Sonorant,,
ilk-nxnte,읽는데,익는데,ik.nxn.te,lk-n,kn,0,0,0.0,0.0,0,lC+Sonorant,,
ilk-nxnteto,읽는데도,익는데도,ik.nxn.te.to,lk-n,kn,0,1,0.0,0.0,0,lC+Sonorant,,
ilk-nxn,읽는,일는,il.nxn,lk-n,ln,1,0,0.0,0.0,0,lC+Sonorant,,
ilk-nxn,읽는,일는,il.nxn,lk-n,ln,1,0,0.0,0.0,0,lC+Sonorant,,
ilk-nxn,읽는,일는,il.nxn,lk-n,ln,1,0,0.0,0.0,0,lC+Sonorant,,
ilk-nxn,읽는,일는,il.nxn,lk-n,ln,1,0,0.0,0.0,0,lC+Sonorant,,
ilk-nxn,읽는,일는,il.nxn,lk-n,ln,1,0,0.0,0.0,0,lC+Sonorant,,
ilk-nxn,읽는,일는,il.nxn,lk-n,ln,1,0,0.0,0.0,0,lC+Sonorant,,
ilk-nxn,읽는,일는,il.nxn,lk-n,ln,1,0,0.0,0.0,0,lC+Sonorant,,
ilk-nxn,읽는,일는,il.nxn,lk-n,ln,1,0,0.0,0.0,0,lC+Sonorant,,
ilk-nxntakvna,읽는다거나,일는다거나,il.nxn.ta.kv.na,lk-n,ln,1,0,0.0,0.0,0,lC+Sonorant,,
ilk-nxntatxnka,읽는다든가,일는다던가,il.nxn.ta.tvn.ka,lk-n,ln,1,0,0.0,0.0,0,lC+Sonorant,,
ilk-nxntatxnka,읽는다든가,일는다든가,il.nxn.ta.txn.ka,lk-n,ln,1,0,0.0,0.0,0,lC+Sonorant,,
ilk-nxn,읽는,읽는,ilk.nxn,lk-n,lkn,0,0,0.0,0.0,0,lC+Sonorant,,
ilk-nxnte,읽는데,읽는데,ilk.nxn.te,lk-n,lkn,0,0,0.0,0.0,0,lC+Sonorant,,
ilk-nxn,읽는,잉는,iN.nxn,lk-n,Nn,0,1,1.0,0.0,0,lC+Sonorant,,
ilk-nxn,읽는,잉는,iN.nxn,lk-n,Nn,0,1,1.0,0.0,0,lC+Sonorant,,
ilk-nxn,읽는,잉는,iN.nxn,lk-n,Nn,0,1,1.0,0.0,0,lC+Sonorant,,
ilk-nxntatxnka,읽는다든가,잉는다던가,iN.nxn.ta.tvn.ka,lk-n,Nn,0,1,1.0,0.0,0,lC+Sonorant,,
cispalp-nxntako,짓밟는다고,짓밟는다고,cis.palp.nxn.ta.ko,lp-n,lpn,0,0,0.0,0.0,0,lC+Sonorant,,
cispalp-nxn,짓밟는,짓빫는,cis.balp.nxn,lp-n,lpn,0,0,0.0,0.0,0,lC+Sonorant,,
halT-nxn,핥는,할른,hal.lxn,lT-n,ll,1,0,0.0,1.0,0,lC+Sonorant,,
halT-nxn,핥는,할른,hal.lxn,lT-n,ll,1,0,0.0,1.0,0,lC+Sonorant,,
kulm-nxn,굶는,굴는,kul.nxn,lm-n,ln,1,0,0.0,0.0,0,lC+Sonorant,,
ilk-nxn,읽는,일른,il.lxn,lk-n,ll,1,0,0.0,1.0,0,lC+Sonorant,,
salm-nxntatxnka,삶는다든가,쌈는다등가,Sam.nxn.ta.txN.ka,lm-n,mn,0,1,0.0,0.0,0,lC+Sonorant,,
kulm-nxn,굶는,굼는,kum.nxn,lm-n,mn,0,1,0.0,0.0,0,lC+Sonorant,,
nxlk-nxn,늙는,능는,nxN.nxn,lk-n,Nn,0,1,1.0,0.0,0,lC+Sonorant,,
ilk-nxn,읽는,잉는,iN.nxn,lk-n,Nn,0,1,1.0,0.0,0,lC+Sonorant,,
nxlk-nxn,늙는,능는,nxN.nxn,lk-n,Nn,0,1,1.0,0.0,0,lC+Sonorant,,
ilk-nxntatxnci,읽는다든지,읽는다든지,ilk.nxn.ta.txn.ci,lk-n,lkn,0,0,0.0,0.0,0,lC+Sonorant,,
ilk-nxn,읽는,잉는,iN.nxn,lk-n,Nn,0,1,1.0,0.0,0,lC+Sonorant,,
ilk-nxntatxnka,읽는다든가,잉는다덩가,iN.nxn.ta.tvN.ka,lk-n,Nn,0,1,1.0,0.0,0,lC+Sonorant,,
kxlk-nxn,긁는,긍는,kxN.nxn,lk-n,Nn,0,1,1.0,0.0,0,lC+Sonorant,,
palp-nxn,밟는,밟는,palp.nxn,lp-n,lpn,0,0,0.0,0.0,0,lC+Sonorant,,
nxlk-nxn,늙는,능는,nxN.nxn,lk-n,Nn,0,1,1.0,0.0,0,lC+Sonorant,,
ilk-nxn,읽는,일는,il.nxn,lk-n,ln,1,0,0.0,0.0,0,lC+Sonorant,,
kxlk-nxn,긁는,긍는,kxN.nxn,lk-n,Nn,0,1,1.0,0.0,0,lC+Sonorant,,
palp-nxntanxn,밟는다는,밤는다는,pam.nxn.ta.nxn,lp-n,mn,0,1,1.0,0.0,0,lC+Sonorant,,
ilk-nxnte,읽는데,잉는데,iN.nxn.te,lk-n,Nn,0,1,1.0,0.0,0,lC+Sonorant,,
ilk-nxn,읽는,잉는,iN.nxn,lk-n,Nn,0,1,1.0,0.0,0,lC+Sonorant,,
ilk-nxntako,읽는다고,일는다고,il.nxn.ta.ko,lk-n,ln,1,0,0.0,0.0,0,lC+Sonorant,,
talm-nxntako,닮는다고,달믄다고,tal.mxn.ta.ko,lm-n,lm,1,0,0.0,0.0,0,lC+Sonorant,,
palp-nxn,밟는,밟는,palp.nxn,lp-n,lpn,0,0,0.0,0.0,0,lC+Sonorant,,
ilk-nxn,읽는,읽는,ilk.nxn,lk-n,lkn,0,0,0.0,0.0,0,lC+Sonorant,,
talm-nxn,닮는,담는,tam.nxn,lm-n,mn,0,1,0.0,0.0,0,lC+Sonorant,,
palp-nxn,밟는,밟는,palp.nxn,lp-n,lpn,0,0,0.0,0.0,0,lC+Sonorant,,
palp-nxn,밟는,밞는,palm.nxn,lp-n,lmn,0,0,1.0,0.0,0,lC+Sonorant,,
nxlk-nxntacanha,늙는다잖아,능는다자나,nxN.nxn.ta.ca.na,lk-n,Nn,0,1,1.0,0.0,0,lC+Sonorant,,
ilk-nxnte,읽는데,잉는데,iN.nxn.te,lk-n,Nn,0,1,1.0,0.0,0,lC+Sonorant,,
talm-nxntamyvnsv,닮는다면서,담는다면서,tam.nxn.ta.myvn.sv,lm-n,mn,0,1,0.0,0.0,0,lC+Sonorant,,
Jalp-nyako,짧냐고,짭냐고,Jap.nya.ko,lp-n,pn,0,1,0.0,0.0,0,lC+Sonorant,,
palp-nxn,밟는,밟는,palp.nxn,lp-n,lpn,0,0,0.0,0.0,0,lC+Sonorant,,
salm-nxn,삶는,쌈는,Sam.nxn,lm-n,mn,0,1,0.0,0.0,0,lC+Sonorant,,
talm-nxn,닮는,담는,tam.nxn,lm-n,mn,0,1,0.0,0.0,0,lC+Sonorant,,
nxlk-nxntanxn,늙는다는,능는다는,nxN.nxn.ta.nxn,lk-n,Nn,0,1,1.0,0.0,0,lC+Sonorant,,
nxlk-nxnta,늙는다,능는다,nxN.nxn.ta,lk-n,Nn,0,1,1.0,0.0,0,lC+Sonorant,,
nxlk-nxntani,늙는다니,능는다니,nxN.nxn.ta.ni,lk-n,Nn,0,1,1.0,0.0,0,lC+Sonorant,,
ilk-nxn,읽는,잉는,iN.nxn,lk-n,Nn,0,1,1.0,0.0,0,lC+Sonorant,,
kxlk-nxntakvna,긁는다거나,긍는다거나,kxN.nxn.ta.kv.na,lk-n,Nn,0,1,1.0,0.0,0,lC+Sonorant,,
palp-nxn,밟는,발른,pal.lxn,lp-n,ll,1,0,0.0,1.0,0,lC+Sonorant,,
Jalp-a,짧아,,Jal.pa,lp-a,lpa,0,0,,,0,lC+Vowel,,2.0
Jalp-acici,짧아지지,,Jal.pacici,lp-a,lpa,0,0,,,0,lC+Vowel,,2.0
Jalp-aciko,짧아지고,,Jal.paciko,lp-a,lpa,0,0,,,0,lC+Vowel,,5.0
Jalp-aciniga,짧아지니까,,Jal.paciniga,lp-a,lpa,0,0,,,0,lC+Vowel,,3.0
Jalp-acinxn,짧아지는,,Jal.pacinxn,lp-a,lpa,0,0,,,0,lC+Vowel,,3.0
Jalp-acinxnteyo,짧아지는데요,,Jal.pacinxnteyo,lp-a,lpa,0,0,,,0,lC+Vowel,,1.0
Jalp-acin,짧아진,,Jal.pacin,lp-a,lpa,0,0,,,0,lC+Vowel,,2.0
Jalp-acintanxn,짧아진다는,,Jal.pacintanxn,lp-a,lpa,0,0,,,0,lC+Vowel,,1.0
Jalp-acintatxnci,짧아진다든지,,Jal.pacintatxnci,lp-a,lpa,0,0,,,0,lC+Vowel,,1.0
Jalp-acyv,짧아져,,Jal.pacyv,lp-a,lpa,0,0,,,0,lC+Vowel,,1.0
Jalp-acyvkaciko,짧아져가지고,,Jal.pacyvkaciko,lp-a,lpa,0,0,,,0,lC+Vowel,,2.0
Jalp-acyvsv,짧아져서,,Jal.pacyvsv,lp-a,lpa,0,0,,,0,lC+Vowel,,2.0
Jalp-acyvSkunalanxn,짧아졌구나라는,,Jal.pacyvSkunalanxn,lp-a,lpa,0,0,,,0,lC+Vowel,,1.0
Jalp-acyvSnxnte,짧아졌는데,,Jal.pacyvSnxnte,lp-a,lpa,0,0,,,0,lC+Vowel,,1.0
Jalp-acyvSta,짧아졌다,,Jal.pacyvSta,lp-a,lpa,0,0,,,0,lC+Vowel,,1.0
Jalp-acyvStako,짧아졌다고,,Jal.pacyvStako,lp-a,lpa,0,0,,,0,lC+Vowel,,1.0
Jalp-acyvStanxn,짧아졌다는,,Jal.pacyvStanxn,lp-a,lpa,0,0,,,0,lC+Vowel,,2.0
Jalp-acyvSxmyvn,짧아졌으면,,Jal.pacyvSxmyvn,lp-a,lpa,0,0,,,0,lC+Vowel,,1.0
Jalp-akaciko,짧아가지고,,Jal.pakaciko,lp-a,lpa,0,0,,,0,lC+Vowel,,3.0
Jalp-asv,짧아서,,Jal.pasv,lp-a,lpa,0,0,,,0,lC+Vowel,,20.0
Jalp-ato,짧아도,,Jal.pato,lp-a,lpa,0,0,,,0,lC+Vowel,,3.0
Jalp-ayo,짧아요,,Jal.payo,lp-a,lpa,0,0,,,0,lC+Vowel,,5.0
Jalp-aSki,짧았기,,Jal.paSki,lp-a,lpa,0,0,,,0,lC+Vowel,,3.0
Jalp-aSkvtxnyo,짧았거든요,,Jal.paSkvtxnyo,lp-a,lpa,0,0,,,0,lC+Vowel,,2.0
Jalp-aSnxnte,짧았는데,,Jal.paSnxnte,lp-a,lpa,0,0,,,0,lC+Vowel,,1.0
Jalp-aStanxn,짧았다는,,Jal.paStanxn,lp-a,lpa,0,0,,,0,lC+Vowel,,1.0
Jalp-aStvn,짧았던,,Jal.paStvn,lp-a,lpa,0,0,,,0,lC+Vowel,,4.0
Jalp-aSvyo,짧았어요,,Jal.paSvyo,lp-a,lpa,0,0,,,0,lC+Vowel,,2.0
Jalp-x,짧으,,Jal.px,lp-x,lpx,0,0,,,0,lC+Vowel,,1.0
Jalp-xmyvn,짧으면,,Jal.pxmyvn,lp-x,lpx,0,0,,,0,lC+Vowel,,8.0
Jalp-xniga,짧으니까,,Jal.pxniga,lp-x,lpx,0,0,,,0,lC+Vowel,,5.0
Jalp-xl,짧을,,Jal.pxl,lp-x,lpx,0,0,,,0,lC+Vowel,,2.0
Jalp-xn,짧은,,Jal.pxn,lp-x,lpx,0,0,,,0,lC+Vowel,,151.0
Jalp-xnte,짧은데,,Jal.pxnte,lp-x,lpx,0,0,,,0,lC+Vowel,,6.0
Jalp-xnteto,짧은데도,,Jal.pxnteto,lp-x,lpx,0,0,,,0,lC+Vowel,,1.0
Poknvlp-xn,폭넓은,,Poknvl.pxn,lp-x,lpx,0,0,,,0,lC+Vowel,,4.0
cilm-vcikeSta,짊어지겠다,,cil.mvcikeSta,lm-v,lmv,0,0,,,0,lC+Vowel,,1.0
cilm-vciko,짊어지고,,cil.mvciko,lm-v,lmv,0,0,,,0,lC+Vowel,,11.0
cilm-vcilyvko,짊어지려고,,cil.mvcilyvko,lm-v,lmv,0,0,,,0,lC+Vowel,,1.0
cilm-vcinxn,짊어지는,,cil.mvcinxn,lm-v,lmv,0,0,,,0,lC+Vowel,,2.0
cilm-vcil,짊어질,,cil.mvcil,lm-v,lmv,0,0,,,0,lC+Vowel,,1.0
cilm-vcilga,짊어질까,,cil.mvcilga,lm-v,lmv,0,0,,,0,lC+Vowel,,1.0
cilm-vcyvto,짊어져도,,cil.mvcyvto,lm-v,lmv,0,0,,,0,lC+Vowel,,1.0
cilm-vcyvya,짊어져야,,cil.mvcyvya,lm-v,lmv,0,0,,,0,lC+Vowel,,2.0
cispalp-apvlin,짓밟아버린,,cispal.papvlin,lp-a,lpa,0,0,,,0,lC+Vowel,,1.0
cispalp-aStvn,짓밟았던,,cispal.paStvn,lp-a,lpa,0,0,,,0,lC+Vowel,,1.0
cvlm-v,젊어,,cvl.mv,lm-v,lmv,0,0,,,0,lC+Vowel,,6.0
cvlm-vciko,젊어지고,,cvl.mvciko,lm-v,lmv,0,0,,,0,lC+Vowel,,1.0
cvlm-vciniga,젊어지니까,,cvl.mvciniga,lm-v,lmv,0,0,,,0,lC+Vowel,,2.0
cvlm-vcinxn,젊어지는,,cvl.mvcinxn,lm-v,lmv,0,0,,,0,lC+Vowel,,2.0
cvlm-vcin,젊어진,,cvl.mvcin,lm-v,lmv,0,0,,,0,lC+Vowel,,1.0
cvlm-vkaciko,젊어가지고,,cvl.mvkaciko,lm-v,lmv,0,0,,,0,lC+Vowel,,1.0
cvlm-vsv,젊어서,,cvl.mvsv,lm-v,lmv,0,0,,,0,lC+Vowel,,20.0
cvlm-vsvnxn,젊어서는,,cvl.mvsvnxn,lm-v,lmv,0,0,,,0,lC+Vowel,,5.0
cvlm-vsvpuTv,젊어서부터,,cvl.mvsvpuTv,lm-v,lmv,0,0,,,0,lC+Vowel,,1.0
cvlm-vsvto,젊어서도,,cvl.mvsvto,lm-v,lmv,0,0,,,0,lC+Vowel,,2.0
cvlm-vyo,젊어요,,cvl.mvyo,lm-v,lmv,0,0,,,0,lC+Vowel,,1.0
cvlm-vS,젊었,,cvl.mvS,lm-v,lmv,0,0,,,0,lC+Vowel,,1.0
cvlm-vScanhayo,젊었잖아요,,cvl.mvScanhayo,lm-v,lmv,0,0,,,0,lC+Vowel,,1.0
cvlm-vSkeScyo,젊었겠죠,,cvl.mvSkeScyo,lm-v,lmv,0,0,,,0,lC+Vowel,,1.0
cvlm-vSvStvn,젊었었던,,cvl.mvSvStvn,lm-v,lmv,0,0,,,0,lC+Vowel,,1.0
cvlm-vSxmyvn,젊었으면,,cvl.mvSxmyvn,lm-v,lmv,0,0,,,0,lC+Vowel,,1.0
cvlm-vSxmyvnxn,젊었으면은,,cvl.mvSxmyvnxn,lm-v,lmv,0,0,,,0,lC+Vowel,,2.0
cvlm-vSxniga,젊었으니까,,cvl.mvSxniga,lm-v,lmv,0,0,,,0,lC+Vowel,,2.0
cvlm-vSxl,젊었을,,cvl.mvSxl,lm-v,lmv,0,0,,,0,lC+Vowel,,184.0
cvlm-x,젊으,,cvl.mx,lm-x,lmx,0,0,,,0,lC+Vowel,,1.0
cvlm-xna,젊으나,,cvl.mxna,lm-x,lmx,0,0,,,0,lC+Vowel,,3.0
cvlm-xniga,젊으니까,,cvl.mxniga,lm-x,lmx,0,0,,,0,lC+Vowel,,12.0
cvlm-xnigan,젊으니깐,,cvl.mxnigan,lm-x,lmx,0,0,,,0,lC+Vowel,,2.0
cvlm-xsicanhayo,젊으시잖아요,,cvl.mxsicanhayo,lm-x,lmx,0,0,,,0,lC+Vowel,,3.0
cvlm-xsikinxn,젊으시기는,,cvl.mxsikinxn,lm-x,lmx,0,0,,,0,lC+Vowel,,1.0
cvlm-xsiniga,젊으시니까,,cvl.mxsiniga,lm-x,lmx,0,0,,,0,lC+Vowel,,1.0
cvlm-xsita,젊으시다,,cvl.mxsita,lm-x,lmx,0,0,,,0,lC+Vowel,,1.0
cvlm-xsil,젊으실,,cvl.mxsil,lm-x,lmx,0,0,,,0,lC+Vowel,,3.0
cvlm-xsin,젊으신,,cvl.mxsin,lm-x,lmx,0,0,,,0,lC+Vowel,,12.0
cvlm-xsinte,젊으신데,,cvl.mxsinte,lm-x,lmx,0,0,,,0,lC+Vowel,,2.0
cvlm-xsyvkaciko,젊으셔가지고,,cvl.mxsyvkaciko,lm-x,lmx,0,0,,,0,lC+Vowel,,2.0
cvlm-xsyvkacko,젊으셔갖고,,cvl.mxsyvkacko,lm-x,lmx,0,0,,,0,lC+Vowel,,1.0
cvlm-xsyvsv,젊으셔서,,cvl.mxsyvsv,lm-x,lmx,0,0,,,0,lC+Vowel,,1.0
cvlm-xsyvSkvtxnyo,젊으셨거든요,,cvl.mxsyvSkvtxnyo,lm-x,lmx,0,0,,,0,lC+Vowel,,1.0
cvlm-xsyvSxl,젊으셨을,,cvl.mxsyvSxl,lm-x,lmx,0,0,,,0,lC+Vowel,,1.0
cvlm-xl,젊을,,cvl.mxl,lm-x,lmx,0,0,,,0,lC+Vowel,,43.0
cvlm-xm,젊음,,cvl.mxm,lm-x,lmx,0,0,,,0,lC+Vowel,,1.0
cvlm-xmxl,젊음을,,cvl.mxmxl,lm-x,lmx,0,0,,,0,lC+Vowel,,4.0
cvlm-xn,젊은,,cvl.mxn,lm-x,lmx,0,0,,,0,lC+Vowel,,520.0
cvlm-xnCxNina,젊은층이나,,cvl.mxnCxNina,lm-x,lmx,0,0,,,0,lC+Vowel,,1.0
cvlm-xnCxNxlo,젊은층으로,,cvl.mxnCxNxlo,lm-x,lmx,0,0,,,0,lC+Vowel,,1.0
cvlm-xnCxNxy,젊은층의,,cvl.mxnCxNxy,lm-x,lmx,0,0,,,0,lC+Vowel,,1.0
cvlm-xni,젊은이,,cvl.mxni,lm-x,lmx,0,0,,,0,lC+Vowel,,3.0
cvlm-xnika,젊은이가,,cvl.mxnika,lm-x,lmx,0,0,,,0,lC+Vowel,,1.0
cvlm-xnilamyvn,젊은이라면,,cvl.mxnilamyvn,lm-x,lmx,0,0,,,0,lC+Vowel,,1.0
cvlm-xnilanxn,젊은이라는,,cvl.mxnilanxn,lm-x,lmx,0,0,,,0,lC+Vowel,,1.0
cvlm-xniman,젊은이만,,cvl.mxniman,lm-x,lmx,0,0,,,0,lC+Vowel,,1.0
cvlm-xniniga,젊은이니까,,cvl.mxniniga,lm-x,lmx,0,0,,,0,lC+Vowel,,2.0
cvlm-xnita,젊은이다,,cvl.mxnita,lm-x,lmx,0,0,,,0,lC+Vowel,,1.0
cvlm-xnitxl,젊은이들,,cvl.mxnitxl,lm-x,lmx,0,0,,,0,lC+Vowel,,5.0
cvlm-xnitxle,젊은이들에,,cvl.mxnitxle,lm-x,lmx,0,0,,,0,lC+Vowel,,1.0
cvlm-xnitxleke,젊은이들에게,,cvl.mxnitxleke,lm-x,lmx,0,0,,,0,lC+Vowel,,2.0
cvlm-xnitxleketo,젊은이들에게도,,cvl.mxnitxleketo,lm-x,lmx,0,0,,,0,lC+Vowel,,1.0
cvlm-xnitxlhanTe,젊은이들한테,,cvl.mxnitxlhanTe,lm-x,lmx,0,0,,,0,lC+Vowel,,5.0
cvlm-xnitxlhanTeto,젊은이들한테도,,cvl.mxnitxlhanTeto,lm-x,lmx,0,0,,,0,lC+Vowel,,1.0
cvlm-xnitxli,젊은이들이,,cvl.mxnitxli,lm-x,lmx,0,0,,,0,lC+Vowel,,24.0
cvlm-xnitxlina,젊은이들이나,,cvl.mxnitxlina,lm-x,lmx,0,0,,,0,lC+Vowel,,1.0
cvlm-xnitxlivSxmyvn,젊은이들이었으면,,cvl.mxnitxlivSxmyvn,lm-x,lmx,0,0,,,0,lC+Vowel,,1.0
cvlm-xnitxltapci,젊은이들답지,,cvl.mxnitxltapci,lm-x,lmx,0,0,,,0,lC+Vowel,,1.0
cvlm-xnitxlto,젊은이들도,,cvl.mxnitxlto,lm-x,lmx,0,0,,,0,lC+Vowel,,1.0
cvlm-xnitxlxl,젊은이들을,,cvl.mxnitxlxl,lm-x,lmx,0,0,,,0,lC+Vowel,,2.0
cvlm-xnitxlxn,젊은이들은,,cvl.mxnitxlxn,lm-x,lmx,0,0,,,0,lC+Vowel,,10.0
cvlm-xnitxlxy,젊은이들의,,cvl.mxnitxlxy,lm-x,lmx,0,0,,,0,lC+Vowel,,5.0
cvlm-xnixy,젊은이의,,cvl.mxnixy,lm-x,lmx,0,0,,,0,lC+Vowel,,2.0
cvlm-xnte,젊은데,,cvl.mxnte,lm-x,lmx,0,0,,,0,lC+Vowel,,6.0
halT-acuko,핥아주고,,hal.Tacuko,lT-a,lTa,0,0,,,0,lC+Vowel,,3.0
halT-acukvna,핥아주거나,,hal.Tacukvna,lT-a,lTa,0,0,,,0,lC+Vowel,,1.0
halT-acutvlako,핥아주더라고,,hal.Tacutvlako,lT-a,lTa,0,0,,,0,lC+Vowel,,1.0
halT-acuntatxnka,핥아준다든가,,hal.Tacuntatxnka,lT-a,lTa,0,0,,,0,lC+Vowel,,1.0
halT-akamyvnsv,핥아가면서,,hal.Takamyvnsv,lT-a,lTa,0,0,,,0,lC+Vowel,,1.0
halT-asv,핥아서,,hal.Tasv,lT-a,lTa,0,0,,,0,lC+Vowel,,3.0
halT-ayo,핥아요,,hal.Tayo,lT-a,lTa,0,0,,,0,lC+Vowel,,3.0
halT-aSxl,핥았을,,hal.TaSxl,lT-a,lTa,0,0,,,0,lC+Vowel,,1.0
halT-xmyvn,핥으면,,hal.Txmyvn,lT-x,lTx,0,0,,,0,lC+Vowel,,1.0
hemalk-xm,해맑음,,hemal.kxm,lk-x,lkx,0,0,,,0,lC+Vowel,,1.0
hulT-v,훑어,,hul.Tv,lT-v,lTv,0,0,,,0,lC+Vowel,,1.0
hulT-vpoko,훑어보고,,hul.Tvpoko,lT-v,lTv,0,0,,,0,lC+Vowel,,5.0
hulT-vpomyvn,훑어보면,,hul.Tvpomyvn,lT-v,lTv,0,0,,,0,lC+Vowel,,1.0
hulT-vpomyvnsv,훑어보면서,,hul.Tvpomyvnsv,lT-v,lTv,0,0,,,0,lC+Vowel,,1.0
hulT-vposin,훑어보신,,hul.Tvposin,lT-v,lTv,0,0,,,0,lC+Vowel,,1.0
hulT-vpotaka,훑어보다가,,hul.Tvpotaka,lT-v,lTv,0,0,,,0,lC+Vowel,,1.0
hulT-vpotvni,훑어보더니,,hul.Tvpotvni,lT-v,lTv,0,0,,,0,lC+Vowel,,1.0
hulT-vpwaya,훑어봐야,,hul.Tvpwaya,lT-v,lTv,0,0,,,0,lC+Vowel,,1.0
ilk-v,읽어,,il.kv,lk-v,lkv,0,0,,,0,lC+Vowel,,15.0
ilk-vcin,읽어진,,il.kvcin,lk-v,lkv,0,0,,,0,lC+Vowel,,1.0
ilk-vcuca,읽어주자,,il.kvcuca,lk-v,lkv,0,0,,,0,lC+Vowel,,1.0
ilk-vcuke,읽어주게,,il.kvcuke,lk-v,lkv,0,0,,,0,lC+Vowel,,1.0
ilk-vcukin,읽어주긴,,il.kvcukin,lk-v,lkv,0,0,,,0,lC+Vowel,,1.0
ilk-vcuko,읽어주고,,il.kvcuko,lk-v,lkv,0,0,,,0,lC+Vowel,,2.0
ilk-vcukvna,읽어주거나,,il.kvcukvna,lk-v,lkv,0,0,,,0,lC+Vowel,,1.0
ilk-vcumyvn,읽어주면,,il.kvcumyvn,lk-v,lkv,0,0,,,0,lC+Vowel,,1.0
ilk-vcumyvnsv,읽어주면서,,il.kvcumyvnsv,lk-v,lkv,0,0,,,0,lC+Vowel,,4.0
ilk-vcunxn,읽어주는,,il.kvcunxn,lk-v,lkv,0,0,,,0,lC+Vowel,,7.0
ilk-vcunxnte,읽어주는데,,il.kvcunxnte,lk-v,lkv,0,0,,,0,lC+Vowel,,1.0
ilk-vcusikito,읽어주시기도,,il.kvcusikito,lk-v,lkv,0,0,,,0,lC+Vowel,,1.0
ilk-vcusikvtxn,읽어주시거든,,il.kvcusikvtxn,lk-v,lkv,0,0,,,0,lC+Vowel,,1.0
ilk-vcun,읽어준,,il.kvcun,lk-v,lkv,0,0,,,0,lC+Vowel,,1.0
ilk-vcwvSkvtxn,읽어줬거든,,il.kvcwvSkvtxn,lk-v,lkv,0,0,,,0,lC+Vowel,,1.0
ilk-vcyvsv,읽어져서,,il.kvcyvsv,lk-v,lkv,0,0,,,0,lC+Vowel,,1.0
ilk-vkanxn,읽어가는,,il.kvkanxn,lk-v,lkv,0,0,,,0,lC+Vowel,,1.0
ilk-vla,읽어라,,il.kvla,lk-v,lkv,0,0,,,0,lC+Vowel,,3.0
ilk-vneko,읽어내고,,il.kvneko,lk-v,lkv,0,0,,,0,lC+Vowel,,1.0
ilk-vnenxn,읽어내는,,il.kvnenxn,lk-v,lkv,0,0,,,0,lC+Vowel,,1.0
ilk-vpoci,읽어보지,,il.kvpoci,lk-v,lkv,0,0,,,0,lC+Vowel,,1.0
ilk-vpocinxn,읽어보지는,,il.kvpocinxn,lk-v,lkv,0,0,,,0,lC+Vowel,,2.0
ilk-vpocin,읽어보진,,il.kvpocin,lk-v,lkv,0,0,,,0,lC+Vowel,,1.0
ilk-vpokie,읽어보기에,,il.kvpokie,lk-v,lkv,0,0,,,0,lC+Vowel,,1.0
ilk-vpokinxn,읽어보기는,,il.kvpokinxn,lk-v,lkv,0,0,,,0,lC+Vowel,,1.0
ilk-vpokin,읽어보긴,,il.kvpokin,lk-v,lkv,0,0,,,0,lC+Vowel,,1.0
ilk-vpoko,읽어보고,,il.kvpoko,lk-v,lkv,0,0,,,0,lC+Vowel,,2.0
ilk-vpokonxn,읽어보고는,,il.kvpokonxn,lk-v,lkv,0,0,,,0,lC+Vowel,,1.0
ilk-vpolako,읽어보라고,,il.kvpolako,lk-v,lkv,0,0,,,0,lC+Vowel,,1.0
ilk-vpolv,읽어보러,,il.kvpolv,lk-v,lkv,0,0,,,0,lC+Vowel,,1.0
ilk-vpomyvn,읽어보면,,il.kvpomyvn,lk-v,lkv,0,0,,,0,lC+Vowel,,5.0
ilk-vpomyvnsv,읽어보면서,,il.kvpomyvnsv,lk-v,lkv,0,0,,,0,lC+Vowel,,2.0
ilk-vpomyvnxn,읽어보면은,,il.kvpomyvnxn,lk-v,lkv,0,0,,,0,lC+Vowel,,4.0
ilk-vponiga,읽어보니까,,il.kvponiga,lk-v,lkv,0,0,,,0,lC+Vowel,,8.0
ilk-vponxn,읽어보는,,il.kvponxn,lk-v,lkv,0,0,,,0,lC+Vowel,,1.0
ilk-vposinxn,읽어보시는,,il.kvposinxn,lk-v,lkv,0,0,,,0,lC+Vowel,,1.0
ilk-vposintako,읽어보신다고,,il.kvposintako,lk-v,lkv,0,0,,,0,lC+Vowel,,1.0
ilk-vposyvScyo,읽어보셨죠,,il.kvposyvScyo,lk-v,lkv,0,0,,,0,lC+Vowel,,1.0
ilk-vposyvSvyo,읽어보셨어요,,il.kvposyvSvyo,lk-v,lkv,0,0,,,0,lC+Vowel,,1.0
ilk-vposyvSxlgayo,읽어보셨을까요,,il.kvposyvSxlgayo,lk-v,lkv,0,0,,,0,lC+Vowel,,1.0
ilk-vpol,읽어볼,,il.kvpol,lk-v,lkv,0,0,,,0,lC+Vowel,,2.0
ilk-vpon,읽어본,,il.kvpon,lk-v,lkv,0,0,,,0,lC+Vowel,,5.0
ilk-vpwaculke,읽어봐줄게,,il.kvpwaculke,lk-v,lkv,0,0,,,0,lC+Vowel,,1.0
ilk-vpwato,읽어봐도,,il.kvpwato,lk-v,lkv,0,0,,,0,lC+Vowel,,2.0
ilk-vpwaSkoyo,읽어봤고요,,il.kvpwaSkoyo,lk-v,lkv,0,0,,,0,lC+Vowel,,1.0
ilk-vpwaSkvtxnyo,읽어봤거든요,,il.kvpwaSkvtxnyo,lk-v,lkv,0,0,,,0,lC+Vowel,,1.0
ilk-vpwaSnxnte,읽어봤는데,,il.kvpwaSnxnte,lk-v,lkv,0,0,,,0,lC+Vowel,,2.0
ilk-vpwaSnxnteyo,읽어봤는데요,,il.kvpwaSnxnteyo,lk-v,lkv,0,0,,,0,lC+Vowel,,3.0
ilk-vpwaStan,읽어봤단,,il.kvpwaStan,lk-v,lkv,0,0,,,0,lC+Vowel,,1.0
ilk-vpwaStvn,읽어봤던,,il.kvpwaStvn,lk-v,lkv,0,0,,,0,lC+Vowel,,1.0
ilk-vpwaSv,읽어봤어,,il.kvpwaSv,lk-v,lkv,0,0,,,0,lC+Vowel,,2.0
ilk-vpwaSvyo,읽어봤어요,,il.kvpwaSvyo,lk-v,lkv,0,0,,,0,lC+Vowel,,1.0
ilk-vpwaSxl,읽어봤을,,il.kvpwaSxl,lk-v,lkv,0,0,,,0,lC+Vowel,,1.0
ilk-vsv,읽어서,,il.kvsv,lk-v,lkv,0,0,,,0,lC+Vowel,,4.0
ilk-vto,읽어도,,il.kvto,lk-v,lkv,0,0,,,0,lC+Vowel,,4.0
ilk-vtxlipni,읽어드립니,,il.kvtxlipni,lk-v,lkv,0,0,,,0,lC+Vowel,,1.0
ilk-vya,읽어야,,il.kvya,lk-v,lkv,0,0,,,0,lC+Vowel,,8.0
ilk-vyaci,읽어야지,,il.kvyaci,lk-v,lkv,0,0,,,0,lC+Vowel,,1.0
ilk-vyacilako,읽어야지라고,,il.kvyacilako,lk-v,lkv,0,0,,,0,lC+Vowel,,1.0
ilk-vyakeSta,읽어야겠다,,il.kvyakeSta,lk-v,lkv,0,0,,,0,lC+Vowel,,2.0
ilk-vyo,읽어요,,il.kvyo,lk-v,lkv,0,0,,,0,lC+Vowel,,2.0
ilk-vScanha,읽었잖아,,il.kvScanha,lk-v,lkv,0,0,,,0,lC+Vowel,,2.0
ilk-vSki,읽었기,,il.kvSki,lk-v,lkv,0,0,,,0,lC+Vowel,,1.0
ilk-vSko,읽었고,,il.kvSko,lk-v,lkv,0,0,,,0,lC+Vowel,,3.0
ilk-vSkvtxn,읽었거든,,il.kvSkvtxn,lk-v,lkv,0,0,,,0,lC+Vowel,,1.0
ilk-vSkvtxnyo,읽었거든요,,il.kvSkvtxnyo,lk-v,lkv,0,0,,,0,lC+Vowel,,1.0
ilk-vSnxnte,읽었는데,,il.kvSnxnte,lk-v,lkv,0,0,,,0,lC+Vowel,,14.0
ilk-vSnxnteyo,읽었는데요,,il.kvSnxnteyo,lk-v,lkv,0,0,,,0,lC+Vowel,,1.0
ilk-vSta,읽었다,,il.kvSta,lk-v,lkv,0,0,,,0,lC+Vowel,,1.0
ilk-vStako,읽었다고,,il.kvStako,lk-v,lkv,0,0,,,0,lC+Vowel,,1.0
ilk-vStvn,읽었던,,il.kvStvn,lk-v,lkv,0,0,,,0,lC+Vowel,,14.0
ilk-vSv,읽었어,,il.kvSv,lk-v,lkv,0,0,,,0,lC+Vowel,,2.0
ilk-vSvyo,읽었어요,,il.kvSvyo,lk-v,lkv,0,0,,,0,lC+Vowel,,4.0
ilk-vSvSkvtxn,읽었었거든,,il.kvSvSkvtxn,lk-v,lkv,0,0,,,0,lC+Vowel,,1.0
ilk-vSvSkvtxnyo,읽었었거든요,,il.kvSvSkvtxnyo,lk-v,lkv,0,0,,,0,lC+Vowel,,1.0
ilk-vSvSnxn,읽었었는,,il.kvSvSnxn,lk-v,lkv,0,0,,,0,lC+Vowel,,1.0
ilk-vSvSnxnte,읽었었는데,,il.kvSvSnxnte,lk-v,lkv,0,0,,,0,lC+Vowel,,2.0
ilk-vSvSnxnteyo,읽었었는데요,,il.kvSvSnxnteyo,lk-v,lkv,0,0,,,0,lC+Vowel,,1.0
ilk-vSvSsxpnita,읽었었습니다,,il.kvSvSsxpnita,lk-v,lkv,0,0,,,0,lC+Vowel,,1.0
ilk-vSx,읽었으,,il.kvSx,lk-v,lkv,0,0,,,0,lC+Vowel,,1.0
ilk-vSxl,읽었을,,il.kvSxl,lk-v,lkv,0,0,,,0,lC+Vowel,,4.0
ilk-xla,읽으라,,il.kxla,lk-x,lkx,0,0,,,0,lC+Vowel,,1.0
ilk-xlyvko,읽으려고,,il.kxlyvko,lk-x,lkx,0,0,,,0,lC+Vowel,,2.0
ilk-xmyvn,읽으면,,il.kxmyvn,lk-x,lkx,0,0,,,0,lC+Vowel,,5.0
ilk-xmyvnsv,읽으면서,,il.kxmyvnsv,lk-x,lkx,0,0,,,0,lC+Vowel,,19.0
ilk-xmyvnsvto,읽으면서도,,il.kxmyvnsvto,lk-x,lkx,0,0,,,0,lC+Vowel,,1.0
ilk-xmyvnxn,읽으면은,,il.kxmyvnxn,lk-x,lkx,0,0,,,0,lC+Vowel,,1.0
ilk-xniga,읽으니까,,il.kxniga,lk-x,lkx,0,0,,,0,lC+Vowel,,5.0
ilk-xseyo,읽으세요,,il.kxseyo,lk-x,lkx,0,0,,,0,lC+Vowel,,1.0
ilk-xsinxn,읽으시는,,il.kxsinxn,lk-x,lkx,0,0,,,0,lC+Vowel,,6.0
ilk-xsinxnci,읽으시는지,,il.kxsinxnci,lk-x,lkx,0,0,,,0,lC+Vowel,,1.0
ilk-xsyvsv,읽으셔서,,il.kxsyvsv,lk-x,lkx,0,0,,,0,lC+Vowel,,1.0
ilk-xsyvSkeSvyo,읽으셨겠어요,,il.kxsyvSkeSvyo,lk-x,lkx,0,0,,,0,lC+Vowel,,1.0
ilk-xl,읽을,,il.kxl,lk-x,lkx,0,0,,,0,lC+Vowel,,18.0
ilk-xn,읽은,,il.kxn,lk-x,lkx,0,0,,,0,lC+Vowel,,17.0
kalk-a,갉아,,kal.ka,lk-a,lka,0,0,,,0,lC+Vowel,,5.0
kalk-amvkko,갉아먹고,,kal.kamvkko,lk-a,lka,0,0,,,0,lC+Vowel,,2.0
kalk-amvknxn,갉아먹는,,kal.kamvknxn,lk-a,lka,0,0,,,0,lC+Vowel,,3.0
kalk-amvkxn,갉아먹은,,kal.kamvkxn,lk-a,lka,0,0,,,0,lC+Vowel,,1.0
kolm-a,곪아,,kol.ma,lm-a,lma,0,0,,,0,lC+Vowel,,1.0
kolm-xl,곪을,,kol.mxl,lm-x,lmx,0,0,,,0,lC+Vowel,,2.0
kulk-vciko,굵어지고,,kul.kvciko,lk-v,lkv,0,0,,,0,lC+Vowel,,2.0
kulk-vSko,굵었고,,kul.kvSko,lk-v,lkv,0,0,,,0,lC+Vowel,,1.0
kulk-vSvyo,굵었어요,,kul.kvSvyo,lk-v,lkv,0,0,,,0,lC+Vowel,,1.0
kulk-xn,굵은,,kul.kxn,lk-x,lkx,0,0,,,0,lC+Vowel,,6.0
kulm-v,굶어,,kul.mv,lm-v,lmv,0,0,,,0,lC+Vowel,,13.0
kulm-vkamyvnsv,굶어가면서,,kul.mvkamyvnsv,lm-v,lmv,0,0,,,0,lC+Vowel,,1.0
kulm-vsv,굶어서,,kul.mvsv,lm-v,lmv,0,0,,,0,lC+Vowel,,6.0
kulm-vto,굶어도,,kul.mvto,lm-v,lmv,0,0,,,0,lC+Vowel,,1.0
kulm-vya,굶어야,,kul.mvya,lm-v,lmv,0,0,,,0,lC+Vowel,,3.0
kulm-vSci,굶었지,,kul.mvSci,lm-v,lmv,0,0,,,0,lC+Vowel,,1.0
kulm-vSvyo,굶었어요,,kul.mvSvyo,lm-v,lmv,0,0,,,0,lC+Vowel,,1.0
kulm-vSxmyvn,굶었으면,,kul.mvSxmyvn,lm-v,lmv,0,0,,,0,lC+Vowel,,1.0
kulm-xmyvn,굶으면,,kul.mxmyvn,lm-x,lmx,0,0,,,0,lC+Vowel,,3.0
kulm-xmyvnsv,굶으면서,,kul.mxmyvnsv,lm-x,lmx,0,0,,,0,lC+Vowel,,5.0
kulm-xmyvnxn,굶으면은,,kul.mxmyvnxn,lm-x,lmx,0,0,,,0,lC+Vowel,,1.0
kulm-xl,굶을,,kul.mxl,lm-x,lmx,0,0,,,0,lC+Vowel,,1.0
kxlk-v,긁어,,kxl.kv,lk-v,lkv,0,0,,,0,lC+Vowel,,2.0
kxlk-vcwvScyo,긁어줬죠,,kxl.kvcwvScyo,lk-v,lkv,0,0,,,0,lC+Vowel,,1.0
kxlk-vcwvSnxnte,긁어줬는데,,kxl.kvcwvSnxnte,lk-v,lkv,0,0,,,0,lC+Vowel,,1.0
kxlk-vmvkko,긁어먹고,,kxl.kvmvkko,lk-v,lkv,0,0,,,0,lC+Vowel,,1.0
kxlk-vmvktvniman,긁어먹더니만,,kxl.kvmvktvniman,lk-v,lkv,0,0,,,0,lC+Vowel,,1.0
kxlk-vsv,긁어서,,kxl.kvsv,lk-v,lkv,0,0,,,0,lC+Vowel,,2.0
kxlk-vto,긁어도,,kxl.kvto,lk-v,lkv,0,0,,,0,lC+Vowel,,1.0
kxlk-vyo,긁어요,,kxl.kvyo,lk-v,lkv,0,0,,,0,lC+Vowel,,1.0
kxlk-vStanxn,긁었다는,,kxl.kvStanxn,lk-v,lkv,0,0,,,0,lC+Vowel,,1.0
kxlk-vStvn,긁었던,,kxl.kvStvn,lk-v,lkv,0,0,,,0,lC+Vowel,,1.0
kxlk-xlyvko,긁으려고,,kxl.kxlyvko,lk-x,lkx,0,0,,,0,lC+Vowel,,1.0
kxlk-xmyvn,긁으면,,kxl.kxmyvn,lk-x,lkx,0,0,,,0,lC+Vowel,,2.0
kxlk-xmyvnsv,긁으면서,,kxl.kxmyvnsv,lk-x,lkx,0,0,,,0,lC+Vowel,,2.0
kxlk-xl,긁을,,kxl.kxl,lk-x,lkx,0,0,,,0,lC+Vowel,,1.0
kxlk-xn,긁은,,kxl.kxn,lk-x,lkx,0,0,,,0,lC+Vowel,,1.0
malk-a,맑아,,mal.ka,lk-a,lka,0,0,,,0,lC+Vowel,,1.0
malk-acike,맑아지게,,mal.kacike,lk-a,lka,0,0,,,0,lC+Vowel,,1.0
malk-aciko,맑아지고,,mal.kaciko,lk-a,lka,0,0,,,0,lC+Vowel,,1.0
malk-acinxn,맑아지는,,mal.kacinxn,lk-a,lka,0,0,,,0,lC+Vowel,,7.0
malk-acin,맑아진,,mal.kacin,lk-a,lka,0,0,,,0,lC+Vowel,,1.0
malk-acintako,맑아진다고,,mal.kacintako,lk-a,lka,0,0,,,0,lC+Vowel,,1.0
malk-acyvyo,맑아져요,,mal.kacyvyo,lk-a,lka,0,0,,,0,lC+Vowel,,1.0
malk-asv,맑아서,,mal.kasv,lk-a,lka,0,0,,,0,lC+Vowel,,3.0
malk-ato,맑아도,,mal.kato,lk-a,lka,0,0,,,0,lC+Vowel,,1.0
malk-ayo,맑아요,,mal.kayo,lk-a,lka,0,0,,,0,lC+Vowel,,1.0
malk-aStaka,맑았다가,,mal.kaStaka,lk-a,lka,0,0,,,0,lC+Vowel,,2.0
malk-aStvn,맑았던,,mal.kaStvn,lk-a,lka,0,0,,,0,lC+Vowel,,1.0
malk-aSvSkvtxnyo,맑았었거든요,,mal.kaSvSkvtxnyo,lk-a,lka,0,0,,,0,lC+Vowel,,1.0
malk-aSxmyvn,맑았으면,,mal.kaSxmyvn,lk-a,lka,0,0,,,0,lC+Vowel,,2.0
malk-xmyvn,맑으면,,mal.kxmyvn,lk-x,lkx,0,0,,,0,lC+Vowel,,3.0
malk-xmyvnsv,맑으면서,,mal.kxmyvnsv,lk-x,lkx,0,0,,,0,lC+Vowel,,1.0
malk-xl,맑을,,mal.kxl,lk-x,lkx,0,0,,,0,lC+Vowel,,1.0
malk-xn,맑은,,mal.kxn,lk-x,lkx,0,0,,,0,lC+Vowel,,59.0
nalk-a,낡아,,nal.ka,lk-a,lka,0,0,,,0,lC+Vowel,,1.0
nalk-acyvSxl,낡아졌을,,nal.kacyvSxl,lk-a,lka,0,0,,,0,lC+Vowel,,1.0
nalk-asv,낡아서,,nal.kasv,lk-a,lka,0,0,,,0,lC+Vowel,,3.0
nalk-aSko,낡았고,,nal.kaSko,lk-a,lka,0,0,,,0,lC+Vowel,,1.0
nalk-xn,낡은,,nal.kxn,lk-x,lkx,0,0,,,0,lC+Vowel,,8.0
nvlp-idwiki,넓이뛰기,,nvl.pidwiki,lp-i,lpi,0,0,,,0,lC+Vowel,,1.0
nvlp-v,넓어,,nvl.pv,lp-v,lpv,0,0,,,0,lC+Vowel,,4.0
nvlp-vcikeSta,넓어지겠다,,nvl.pvcikeSta,lp-v,lpv,0,0,,,0,lC+Vowel,,1.0
nvlp-vciki,넓어지기,,nvl.pvciki,lp-v,lpv,0,0,,,0,lC+Vowel,,1.0
nvlp-vciko,넓어지고,,nvl.pvciko,lp-v,lpv,0,0,,,0,lC+Vowel,,6.0
nvlp-vcimyvn,넓어지면,,nvl.pvcimyvn,lp-v,lpv,0,0,,,0,lC+Vowel,,1.0
nvlp-vcimyvnsv,넓어지면서,,nvl.pvcimyvnsv,lp-v,lpv,0,0,,,0,lC+Vowel,,2.0
nvlp-vcinxn,넓어지는,,nvl.pvcinxn,lp-v,lpv,0,0,,,0,lC+Vowel,,3.0
nvlp-vcinxnkuna,넓어지는구나,,nvl.pvcinxnkuna,lp-v,lpv,0,0,,,0,lC+Vowel,,1.0
nvlp-vcil,넓어질,,nvl.pvcil,lp-v,lpv,0,0,,,0,lC+Vowel,,4.0
nvlp-vcilsulok,넓어질수록,,nvl.pvcilsulok,lp-v,lpv,0,0,,,0,lC+Vowel,,1.0
nvlp-vcin,넓어진,,nvl.pvcin,lp-v,lpv,0,0,,,0,lC+Vowel,,3.0
nvlp-vcinta,넓어진다,,nvl.pvcinta,lp-v,lpv,0,0,,,0,lC+Vowel,,1.0
nvlp-vcintako,넓어진다고,,nvl.pvcintako,lp-v,lpv,0,0,,,0,lC+Vowel,,3.0
nvlp-vcintanxn,넓어진다는,,nvl.pvcintanxn,lp-v,lpv,0,0,,,0,lC+Vowel,,2.0
nvlp-vcyvSnxnte,넓어졌는데,,nvl.pvcyvSnxnte,lp-v,lpv,0,0,,,0,lC+Vowel,,1.0
nvlp-vcyvSta,넓어졌다,,nvl.pvcyvSta,lp-v,lpv,0,0,,,0,lC+Vowel,,1.0
nvlp-vcyvStako,넓어졌다고,,nvl.pvcyvStako,lp-v,lpv,0,0,,,0,lC+Vowel,,1.0
nvlp-vcyvSvyo,넓어졌어요,,nvl.pvcyvSvyo,lp-v,lpv,0,0,,,0,lC+Vowel,,1.0
nvlp-vcyvSxmyvn,넓어졌으면,,nvl.pvcyvSxmyvn,lp-v,lpv,0,0,,,0,lC+Vowel,,2.0
nvlp-vkaciko,넓어가지고,,nvl.pvkaciko,lp-v,lpv,0,0,,,0,lC+Vowel,,9.0
nvlp-vsv,넓어서,,nvl.pvsv,lp-v,lpv,0,0,,,0,lC+Vowel,,14.0
nvlp-vya,넓어야,,nvl.pvya,lp-v,lpv,0,0,,,0,lC+Vowel,,4.0
nvlp-vyaci,넓어야지,,nvl.pvyaci,lp-v,lpv,0,0,,,0,lC+Vowel,,1.0
nvlp-vyo,넓어요,,nvl.pvyo,lp-v,lpv,0,0,,,0,lC+Vowel,,1.0
nvlp-vSci,넓었지,,nvl.pvSci,lp-v,lpv,0,0,,,0,lC+Vowel,,1.0
nvlp-vSko,넓었고,,nvl.pvSko,lp-v,lpv,0,0,,,0,lC+Vowel,,2.0
nvlp-vSnxnte,넓었는데,,nvl.pvSnxnte,lp-v,lpv,0,0,,,0,lC+Vowel,,1.0
nvlp-vSv,넓었어,,nvl.pvSv,lp-v,lpv,0,0,,,0,lC+Vowel,,2.0
nvlp-vSvsv,넓었어서,,nvl.pvSvsv,lp-v,lpv,0,0,,,0,lC+Vowel,,1.0
nvlp-vSxmyvn,넓었으면,,nvl.pvSxmyvn,lp-v,lpv,0,0,,,0,lC+Vowel,,1.0
nvlp-xmyvn,넓으면,,nvl.pxmyvn,lp-x,lpx,0,0,,,0,lC+Vowel,,1.0
nvlp-xniga,넓으니까,,nvl.pxniga,lp-x,lpx,0,0,,,0,lC+Vowel,,2.0
nvlp-xnigan,넓으니깐,,nvl.pxnigan,lp-x,lpx,0,0,,,0,lC+Vowel,,1.0
nvlp-xl,넓을,,nvl.pxl,lp-x,lpx,0,0,,,0,lC+Vowel,,1.0
nvlp-xmi,넓음이,,nvl.pxmi,lp-x,lpx,0,0,,,0,lC+Vowel,,1.0
nvlp-xn,넓은,,nvl.pxn,lp-x,lpx,0,0,,,0,lC+Vowel,,90.0
nvlp-xnte,넓은데,,nvl.pxnte,lp-x,lpx,0,0,,,0,lC+Vowel,,9.0
nvlp-xnteto,넓은데도,,nvl.pxnteto,lp-x,lpx,0,0,,,0,lC+Vowel,,1.0
nxlk-v,늙어,,nxl.kv,lk-v,lkv,0,0,,,0,lC+Vowel,,7.0
nxlk-vci,늙어지,,nxl.kvci,lk-v,lkv,0,0,,,0,lC+Vowel,,1.0
nxlk-vkacanhayo,늙어가잖아요,,nxl.kvkacanhayo,lk-v,lkv,0,0,,,0,lC+Vowel,,1.0
nxlk-vkaciko,늙어가지고,,nxl.kvkaciko,lk-v,lkv,0,0,,,0,lC+Vowel,,1.0
nxlk-vkako,늙어가고,,nxl.kvkako,lk-v,lkv,0,0,,,0,lC+Vowel,,7.0
nxlk-vkamyvnsv,늙어가면서,,nxl.kvkamyvnsv,lk-v,lkv,0,0,,,0,lC+Vowel,,6.0
nxlk-vkaniga,늙어가니까,,nxl.kvkaniga,lk-v,lkv,0,0,,,0,lC+Vowel,,1.0
nxlk-vkanxn,늙어가는,,nxl.kvkanxn,lk-v,lkv,0,0,,,0,lC+Vowel,,5.0
nxlk-vkanxnkuna,늙어가는구나,,nxl.kvkanxnkuna,lk-v,lkv,0,0,,,0,lC+Vowel,,2.0
nxlk-vkanxnkunalanxn,늙어가는구나라는,,nxl.kvkanxnkunalanxn,lk-v,lkv,0,0,,,0,lC+Vowel,,1.0
nxlk-vkasiko,늙어가시고,,nxl.kvkasiko,lk-v,lkv,0,0,,,0,lC+Vowel,,2.0
nxlk-vkata,늙어가다,,nxl.kvkata,lk-v,lkv,0,0,,,0,lC+Vowel,,1.0
nxlk-vkacko,늙어갖고,,nxl.kvkacko,lk-v,lkv,0,0,,,0,lC+Vowel,,1.0
nxlk-vkalgapwa,늙어갈까봐,,nxl.kvkalgapwa,lk-v,lkv,0,0,,,0,lC+Vowel,,1.0
nxlk-vkantanxn,늙어간다는,,nxl.kvkantanxn,lk-v,lkv,0,0,,,0,lC+Vowel,,2.0
nxlk-vpvlimyvnxn,늙어버리면은,,nxl.kvpvlimyvnxn,lk-v,lkv,0,0,,,0,lC+Vowel,,1.0
nxlk-vsv,늙어서,,nxl.kvsv,lk-v,lkv,0,0,,,0,lC+Vowel,,23.0
nxlk-vsvgaci,늙어서까지,,nxl.kvsvgaci,lk-v,lkv,0,0,,,0,lC+Vowel,,2.0
nxlk-vsvgacito,늙어서까지도,,nxl.kvsvgacito,lk-v,lkv,0,0,,,0,lC+Vowel,,1.0
nxlk-vsvnxn,늙어서는,,nxl.kvsvnxn,lk-v,lkv,0,0,,,0,lC+Vowel,,2.0
nxlk-vsvto,늙어서도,,nxl.kvsvto,lk-v,lkv,0,0,,,0,lC+Vowel,,6.0
nxlk-vto,늙어도,,nxl.kvto,lk-v,lkv,0,0,,,0,lC+Vowel,,1.0
nxlk-vS,늙었,,nxl.kvS,lk-v,lkv,0,0,,,0,lC+Vowel,,1.0
nxlk-vSciman,늙었지만,,nxl.kvSciman,lk-v,lkv,0,0,,,0,lC+Vowel,,1.0
nxlk-vScyo,늙었죠,,nxl.kvScyo,lk-v,lkv,0,0,,,0,lC+Vowel,,1.0
nxlk-vSkuna,늙었구나,,nxl.kvSkuna,lk-v,lkv,0,0,,,0,lC+Vowel,,3.0
nxlk-vSna,늙었나,,nxl.kvSna,lk-v,lkv,0,0,,,0,lC+Vowel,,1.0
nxlk-vSta,늙었다,,nxl.kvSta,lk-v,lkv,0,0,,,0,lC+Vowel,,2.0
nxlk-vStako,늙었다고,,nxl.kvStako,lk-v,lkv,0,0,,,0,lC+Vowel,,1.0
nxlk-vStalanxn,늙었다라는,,nxl.kvStalanxn,lk-v,lkv,0,0,,,0,lC+Vowel,,1.0
nxlk-vStvlakoyo,늙었더라고요,,nxl.kvStvlakoyo,lk-v,lkv,0,0,,,0,lC+Vowel,,1.0
nxlk-vSvyo,늙었어요,,nxl.kvSvyo,lk-v,lkv,0,0,,,0,lC+Vowel,,1.0
nxlk-vSxniga,늙었으니까,,nxl.kvSxniga,lk-v,lkv,0,0,,,0,lC+Vowel,,1.0
nxlk-vSxl,늙었을,,nxl.kvSxl,lk-v,lkv,0,0,,,0,lC+Vowel,,3.0
nxlk-xmyvn,늙으면,,nxl.kxmyvn,lk-x,lkx,0,0,,,0,lC+Vowel,,12.0
nxlk-xmyvnxn,늙으면은,,nxl.kxmyvnxn,lk-x,lkx,0,0,,,0,lC+Vowel,,2.0
nxlk-xsyvSnxnte,늙으셨는데,,nxl.kxsyvSnxnte,lk-x,lkx,0,0,,,0,lC+Vowel,,1.0
nxlk-xl,늙을,,nxl.kxl,lk-x,lkx,0,0,,,0,lC+Vowel,,5.0
nxlk-xn,늙은,,nxl.kxn,lk-x,lkx,0,0,,,0,lC+Vowel,,8.0
nxlk-xni,늙은이,,nxl.kxni,lk-x,lkx,0,0,,,0,lC+Vowel,,1.0
olk-amesinxn,옭아매시는,,ol.kamesinxn,lk-a,lka,0,0,,,0,lC+Vowel,,1.0
olk-ameya,옭아매야,,ol.kameya,lk-a,lka,0,0,,,0,lC+Vowel,,1.0
olm-a,옮아,,ol.ma,lm-a,lma,0,0,,,0,lC+Vowel,,1.0
olm-akal,옮아갈,,ol.makal,lm-a,lma,0,0,,,0,lC+Vowel,,1.0
olm-awasv,옮아와서,,ol.mawasv,lm-a,lma,0,0,,,0,lC+Vowel,,1.0
olm-xl,옮을,,ol.mxl,lm-x,lmx,0,0,,,0,lC+Vowel,,1.0
palk-a,밝아,,pal.ka,lk-a,lka,0,0,,,0,lC+Vowel,,2.0
palk-aciko,밝아지고,,pal.kaciko,lk-a,lka,0,0,,,0,lC+Vowel,,3.0
palk-acilyvko,밝아지려고,,pal.kacilyvko,lk-a,lka,0,0,,,0,lC+Vowel,,1.0
palk-acimyvnsv,밝아지면서,,pal.kacimyvnsv,lk-a,lka,0,0,,,0,lC+Vowel,,1.0
palk-acinxn,밝아지는,,pal.kacinxn,lk-a,lka,0,0,,,0,lC+Vowel,,4.0
palk-acisin,밝아지신,,pal.kacisin,lk-a,lka,0,0,,,0,lC+Vowel,,2.0
palk-acin,밝아진,,pal.kacin,lk-a,lka,0,0,,,0,lC+Vowel,,3.0
palk-acyvSko,밝아졌고,,pal.kacyvSko,lk-a,lka,0,0,,,0,lC+Vowel,,1.0
palk-acyvStako,밝아졌다고,,pal.kacyvStako,lk-a,lka,0,0,,,0,lC+Vowel,,2.0
palk-acyvStatxnka,밝아졌다든가,,pal.kacyvStatxnka,lk-a,lka,0,0,,,0,lC+Vowel,,1.0
palk-acyvStvla,밝아졌더라,,pal.kacyvStvla,lk-a,lka,0,0,,,0,lC+Vowel,,1.0
palk-acyvStxnte,밝아졌든데,,pal.kacyvStxnte,lk-a,lka,0,0,,,0,lC+Vowel,,1.0
palk-akaciko,밝아가지고,,pal.kakaciko,lk-a,lka,0,0,,,0,lC+Vowel,,1.0
palk-asv,밝아서,,pal.kasv,lk-a,lka,0,0,,,0,lC+Vowel,,1.0
palk-ayo,밝아요,,pal.kayo,lk-a,lka,0,0,,,0,lC+Vowel,,2.0
palk-aStaka,밝았다가,,pal.kaStaka,lk-a,lka,0,0,,,0,lC+Vowel,,2.0
palk-xmyvnsv,밝으면서,,pal.kxmyvnsv,lk-x,lkx,0,0,,,0,lC+Vowel,,2.0
palk-xniga,밝으니까,,pal.kxniga,lk-x,lkx,0,0,,,0,lC+Vowel,,1.0
palk-xmi,밝음이,,pal.kxmi,lk-x,lkx,0,0,,,0,lC+Vowel,,2.0
palk-xmilako,밝음이라고,,pal.kxmilako,lk-x,lkx,0,0,,,0,lC+Vowel,,1.0
palk-xmxl,밝음을,,pal.kxmxl,lk-x,lkx,0,0,,,0,lC+Vowel,,1.0
palk-xn,밝은,,pal.kxn,lk-x,lkx,0,0,,,0,lC+Vowel,,49.0
palk-xnte,밝은데,,pal.kxnte,lk-x,lkx,0,0,,,0,lC+Vowel,,2.0
palp-a,밟아,,pal.pa,lp-a,lpa,0,0,,,0,lC+Vowel,,4.0
palp-akaciko,밟아가지고,,pal.pakaciko,lp-a,lpa,0,0,,,0,lC+Vowel,,4.0
palp-akamyvnsv,밟아가면서,,pal.pakamyvnsv,lp-a,lpa,0,0,,,0,lC+Vowel,,1.0
palp-anakaya,밟아나가야,,pal.panakaya,lp-a,lpa,0,0,,,0,lC+Vowel,,1.0
palp-apoko,밟아보고,,pal.papoko,lp-a,lpa,0,0,,,0,lC+Vowel,,1.0
palp-asv,밟아서,,pal.pasv,lp-a,lpa,0,0,,,0,lC+Vowel,,4.0
palp-ato,밟아도,,pal.pato,lp-a,lpa,0,0,,,0,lC+Vowel,,1.0
palp-aya,밟아야,,pal.paya,lp-a,lpa,0,0,,,0,lC+Vowel,,2.0
palp-aSnxnte,밟았는데,,pal.paSnxnte,lp-a,lpa,0,0,,,0,lC+Vowel,,1.0
palp-aStako,밟았다고,,pal.paStako,lp-a,lpa,0,0,,,0,lC+Vowel,,1.0
palp-aStvn,밟았던,,pal.paStvn,lp-a,lpa,0,0,,,0,lC+Vowel,,2.0
palp-aSxl,밟았을,,pal.paSxl,lp-a,lpa,0,0,,,0,lC+Vowel,,2.0
palp-xlyvko,밟으려고,,pal.pxlyvko,lp-x,lpx,0,0,,,0,lC+Vowel,,2.0
palp-xmyvn,밟으면,,pal.pxmyvn,lp-x,lpx,0,0,,,0,lC+Vowel,,4.0
palp-xmyvnsv,밟으면서,,pal.pxmyvnsv,lp-x,lpx,0,0,,,0,lC+Vowel,,5.0
palp-xmyvnxn,밟으면은,,pal.pxmyvnxn,lp-x,lpx,0,0,,,0,lC+Vowel,,1.0
palp-xsyvkaciko,밟으셔가지고,,pal.pxsyvkaciko,lp-x,lpx,0,0,,,0,lC+Vowel,,1.0
palp-xl,밟을,,pal.pxl,lp-x,lpx,0,0,,,0,lC+Vowel,,6.0
palp-xn,밟은,,pal.pxn,lp-x,lpx,0,0,,,0,lC+Vowel,,8.0
pulk-xn,붉은,,pul.kxn,lk-x,lkx,0,0,,,0,lC+Vowel,,13.0
pulk-xnsek,붉은색,,pul.kxnsek,lk-x,lkx,0,0,,,0,lC+Vowel,,1.0
pulk-xnsekkwa,붉은색과,,pul.kxnsekkwa,lk-x,lkx,0,0,,,0,lC+Vowel,,1.0
salm-a,삶아,,sal.ma,lm-a,lma,0,0,,,0,lC+Vowel,,5.0
salm-acimyvn,삶아지면,,sal.macimyvn,lm-a,lma,0,0,,,0,lC+Vowel,,1.0
salm-acukvna,삶아주거나,,sal.macukvna,lm-a,lma,0,0,,,0,lC+Vowel,,1.0
salm-akaciko,삶아가지고,,sal.makaciko,lm-a,lma,0,0,,,0,lC+Vowel,,8.0
salm-akatxnka,삶아가든가,,sal.makatxnka,lm-a,lma,0,0,,,0,lC+Vowel,,1.0
salm-akacko,삶아갖고,,sal.makacko,lm-a,lma,0,0,,,0,lC+Vowel,,2.0
salm-amvkko,삶아먹고,,sal.mamvkko,lm-a,lma,0,0,,,0,lC+Vowel,,2.0
salm-anohxn,삶아놓은,,sal.manohxn,lm-a,lma,0,0,,,0,lC+Vowel,,1.0
salm-anwaSv,삶아놨어,,sal.manwaSv,lm-a,lma,0,0,,,0,lC+Vowel,,1.0
salm-asv,삶아서,,sal.masv,lm-a,lma,0,0,,,0,lC+Vowel,,27.0
salm-asvto,삶아서도,,sal.masvto,lm-a,lma,0,0,,,0,lC+Vowel,,1.0
salm-ato,삶아도,,sal.mato,lm-a,lma,0,0,,,0,lC+Vowel,,2.0
salm-aya,삶아야,,sal.maya,lm-a,lma,0,0,,,0,lC+Vowel,,1.0
salm-v,삶어,,sal.mv,lm-v,lmv,0,0,,,0,lC+Vowel,,3.0
salm-x,삶으,,sal.mx,lm-x,lmx,0,0,,,0,lC+Vowel,,1.0
salm-xla,삶으라,,sal.mxla,lm-x,lmx,0,0,,,0,lC+Vowel,,1.0
salm-xlako,삶으라고,,sal.mxlako,lm-x,lmx,0,0,,,0,lC+Vowel,,1.0
salm-xloSv,삶으로써,,sal.mxloSv,lm-x,lmx,0,0,,,0,lC+Vowel,,1.0
salm-xmyvn,삶으면,,sal.mxmyvn,lm-x,lmx,0,0,,,0,lC+Vowel,,1.0
salm-xmyvnxn,삶으면은,,sal.mxmyvnxn,lm-x,lmx,0,0,,,0,lC+Vowel,,1.0
salm-xsyvkacko,삶으셔갖고,,sal.mxsyvkacko,lm-x,lmx,0,0,,,0,lC+Vowel,,1.0
salm-xsyvStamyvnxn,삶으셨다면은,,sal.mxsyvStamyvnxn,lm-x,lmx,0,0,,,0,lC+Vowel,,1.0
salm-xn,삶은,,sal.mxn,lm-x,lmx,0,0,,,0,lC+Vowel,,18.0
talm-a,닮아,,tal.ma,lm-a,lma,0,0,,,0,lC+Vowel,,6.0
talm-acyvStanxn,닮아졌다는,,tal.macyvStanxn,lm-a,lma,0,0,,,0,lC+Vowel,,1.0
talm-aiSko,닮아있고,,tal.maiSko,lm-a,lma,0,0,,,0,lC+Vowel,,1.0
talm-aiStako,닮아있다고,,tal.maiStako,lm-a,lma,0,0,,,0,lC+Vowel,,1.0
talm-akaci,닮아가지,,tal.makaci,lm-a,lma,0,0,,,0,lC+Vowel,,1.0
talm-akaciko,닮아가지고,,tal.makaciko,lm-a,lma,0,0,,,0,lC+Vowel,,10.0
talm-akacimanxn,닮아가지마는,,tal.makacimanxn,lm-a,lma,0,0,,,0,lC+Vowel,,1.0
talm-akakin,닮아가긴,,tal.makakin,lm-a,lma,0,0,,,0,lC+Vowel,,1.0
talm-akako,닮아가고,,tal.makako,lm-a,lma,0,0,,,0,lC+Vowel,,2.0
talm-akalyvko,닮아가려고,,tal.makalyvko,lm-a,lma,0,0,,,0,lC+Vowel,,1.0
talm-akanxn,닮아가는,,tal.makanxn,lm-a,lma,0,0,,,0,lC+Vowel,,2.0
talm-akasv,닮아가서,,tal.makasv,lm-a,lma,0,0,,,0,lC+Vowel,,1.0
talm-akatvlakoyo,닮아가더라고요,,tal.makatvlakoyo,lm-a,lma,0,0,,,0,lC+Vowel,,1.0
talm-akal,닮아갈,,tal.makal,lm-a,lma,0,0,,,0,lC+Vowel,,1.0
talm-akan,닮아간,,tal.makan,lm-a,lma,0,0,,,0,lC+Vowel,,1.0
talm-akantako,닮아간다고,,tal.makantako,lm-a,lma,0,0,,,0,lC+Vowel,,1.0
talm-akantalanxn,닮아간다라는,,tal.makantalanxn,lm-a,lma,0,0,,,0,lC+Vowel,,1.0
talm-akantanxn,닮아간다는,,tal.makantanxn,lm-a,lma,0,0,,,0,lC+Vowel,,2.0
talm-asv,닮아서,,tal.masv,lm-a,lma,0,0,,,0,lC+Vowel,,29.0
talm-aS,닮았,,tal.maS,lm-a,lma,0,0,,,0,lC+Vowel,,2.0
talm-aScimanxn,닮았지마는,,tal.maScimanxn,lm-a,lma,0,0,,,0,lC+Vowel,,1.0
talm-aSkeScyo,닮았겠죠,,tal.maSkeScyo,lm-a,lma,0,0,,,0,lC+Vowel,,1.0
talm-aSko,닮았고,,tal.maSko,lm-a,lma,0,0,,,0,lC+Vowel,,11.0
talm-aSkuna,닮았구나,,tal.maSkuna,lm-a,lma,0,0,,,0,lC+Vowel,,1.0
talm-aSkvtxnyo,닮았거든요,,tal.maSkvtxnyo,lm-a,lma,0,0,,,0,lC+Vowel,,4.0
talm-aSna,닮았나,,tal.maSna,lm-a,lma,0,0,,,0,lC+Vowel,,1.0
talm-aSnayo,닮았나요,,tal.maSnayo,lm-a,lma,0,0,,,0,lC+Vowel,,1.0
talm-aSne,닮았네,,tal.maSne,lm-a,lma,0,0,,,0,lC+Vowel,,4.0
talm-aSnelan,닮았네란,,tal.maSnelan,lm-a,lma,0,0,,,0,lC+Vowel,,1.0
talm-aSnxnci,닮았는지,,tal.maSnxnci,lm-a,lma,0,0,,,0,lC+Vowel,,3.0
talm-aSnxncinxn,닮았는지는,,tal.maSnxncinxn,lm-a,lma,0,0,,,0,lC+Vowel,,1.0
talm-aSnxnte,닮았는데,,tal.maSnxnte,lm-a,lma,0,0,,,0,lC+Vowel,,3.0
talm-aSnxnteyo,닮았는데요,,tal.maSnxnteyo,lm-a,lma,0,0,,,0,lC+Vowel,,1.0
talm-aSnya,닮았냐,,tal.maSnya,lm-a,lma,0,0,,,0,lC+Vowel,,2.0
talm-aSsxpniga,닮았습니까,,tal.maSsxpniga,lm-a,lma,0,0,,,0,lC+Vowel,,1.0
talm-aSsxpnita,닮았습니다,,tal.maSsxpnita,lm-a,lma,0,0,,,0,lC+Vowel,,2.0
talm-aSta,닮았다,,tal.maSta,lm-a,lma,0,0,,,0,lC+Vowel,,5.0
talm-aStaka,닮았다가,,tal.maStaka,lm-a,lma,0,0,,,0,lC+Vowel,,1.0
talm-aStako,닮았다고,,tal.maStako,lm-a,lma,0,0,,,0,lC+Vowel,,15.0
talm-aStakoto,닮았다고도,,tal.maStakoto,lm-a,lma,0,0,,,0,lC+Vowel,,1.0
talm-aStalako,닮았다라고,,tal.maStalako,lm-a,lma,0,0,,,0,lC+Vowel,,1.0
talm-aStalanxn,닮았다라는,,tal.maStalanxn,lm-a,lma,0,0,,,0,lC+Vowel,,2.0
talm-aStanxn,닮았다는,,tal.maStanxn,lm-a,lma,0,0,,,0,lC+Vowel,,10.0
talm-aStan,닮았단,,tal.maStan,lm-a,lma,0,0,,,0,lC+Vowel,,1.0
talm-aSteyo,닮았대요,,tal.maSteyo,lm-a,lma,0,0,,,0,lC+Vowel,,3.0
talm-aStvla,닮았더라,,tal.maStvla,lm-a,lma,0,0,,,0,lC+Vowel,,1.0
talm-aSv,닮았어,,tal.maSv,lm-a,lma,0,0,,,0,lC+Vowel,,4.0
talm-aSvyo,닮았어요,,tal.maSvyo,lm-a,lma,0,0,,,0,lC+Vowel,,9.0
talm-aSxmyvn,닮았으면,,tal.maSxmyvn,lm-a,lma,0,0,,,0,lC+Vowel,,6.0
talm-aSxniga,닮았으니까,,tal.maSxniga,lm-a,lma,0,0,,,0,lC+Vowel,,1.0
talm-aSxlga,닮았을까,,tal.maSxlga,lm-a,lma,0,0,,,0,lC+Vowel,,1.0
talm-aSxm,닮았음,,tal.maSxm,lm-a,lma,0,0,,,0,lC+Vowel,,1.0
talm-v,닮어,,tal.mv,lm-v,lmv,0,0,,,0,lC+Vowel,,1.0
talm-xkin,닮으긴,,tal.mxkin,lm-x,lmx,0,0,,,0,lC+Vowel,,1.0
talm-xla,닮으라,,tal.mxla,lm-x,lmx,0,0,,,0,lC+Vowel,,1.0
talm-xlyvko,닮으려고,,tal.mxlyvko,lm-x,lmx,0,0,,,0,lC+Vowel,,2.0
talm-xniga,닮으니까,,tal.mxniga,lm-x,lmx,0,0,,,0,lC+Vowel,,1.0
talm-xsin,닮으신,,tal.mxsin,lm-x,lmx,0,0,,,0,lC+Vowel,,2.0
talm-xsyvsv,닮으셔서,,tal.mxsyvsv,lm-x,lmx,0,0,,,0,lC+Vowel,,1.0
talm-xsyvSnayo,닮으셨나요,,tal.mxsyvSnayo,lm-x,lmx,0,0,,,0,lC+Vowel,,2.0
talm-xsyvSta,닮으셨다,,tal.mxsyvSta,lm-x,lmx,0,0,,,0,lC+Vowel,,1.0
talm-xsyvSvyo,닮으셨어요,,tal.mxsyvSvyo,lm-x,lmx,0,0,,,0,lC+Vowel,,2.0
talm-xlga,닮을까,,tal.mxlga,lm-x,lmx,0,0,,,0,lC+Vowel,,1.0
talm-xm,닮음,,tal.mxm,lm-x,lmx,0,0,,,0,lC+Vowel,,1.0
talm-xn,닮은,,tal.mxn,lm-x,lmx,0,0,,,0,lC+Vowel,,70.0
txnvlp-xn,드넓은,,txnvl.pxn,lp-x,lpx,0,0,,,0,lC+Vowel,,4.0
xlP-vnohko,읊어놓고,,xl.Pvnohko,lP-v,lPv,0,0,,,0,lC+Vowel,,1.0
xlP-vpolako,읊어보라고,,xl.Pvpolako,lP-v,lPv,0,0,,,0,lC+Vowel,,1.0
xlP-xmyvnsv,읊으면서,,xl.Pxmyvnsv,lP-x,lPx,0,0,,,0,lC+Vowel,,1.0
yalp-a,얇아,,yal.pa,lp-a,lpa,0,0,,,0,lC+Vowel,,2.0
yalp-aciciman,얇아지지만,,yal.paciciman,lp-a,lpa,0,0,,,0,lC+Vowel,,1.0
yalp-acinigan,얇아지니깐,,yal.pacinigan,lp-a,lpa,0,0,,,0,lC+Vowel,,1.0
yalp-asv,얇아서,,yal.pasv,lp-a,lpa,0,0,,,0,lC+Vowel,,2.0
yalp-ayo,얇아요,,yal.payo,lp-a,lpa,0,0,,,0,lC+Vowel,,1.0
yalp-aSko,얇았고,,yal.paSko,lp-a,lpa,0,0,,,0,lC+Vowel,,1.0
yalp-xn,얇은,,yal.pxn,lp-x,lpx,0,0,,,0,lC+Vowel,,31.0
yalp-xnka,얇은가,,yal.pxnka,lp-x,lpx,0,0,,,0,lC+Vowel,,1.0
