Morphology_R,Morphology_H,Production_H,Production_R,UR,SR,simplify_delete_obstruent,simplify_delete_lateral,nasalize,lateralize,tensify,Type,IPA_Morphology_R,IPA_Production_R,IPA_UR,IPA_SR
kulk-ke,굵게,굴께,kul.ge,lk-k,lg,1,0,,,1,lC+Obstruen,kulk-ke,kul.k*e,lk-k,lk*
kulk-ke,굵게,굴께,kul.ge,lk-k,lg,1,0,,,1,lC+Obstruen,kulk-ke,kul.k*e,lk-k,lk*
kulk-ke,굵게,굴께,kul.ge,lk-k,lg,1,0,,,1,lC+Obstruen,kulk-ke,kul.k*e,lk-k,lk*
kulk-kelako,굵게라고,굴께라고,kul.ge.la.ko,lk-k,lg,1,0,,,1,lC+Obstruen,kulk-kelako,kul.k*e.la.ko,lk-k,lk*
kulk-ko,굵고,굴꼬,kul.go,lk-k,lg,1,0,,,1,lC+Obstruen,kulk-ko,kul.k*o,lk-k,lk*
kulk-cikhako,굵직하고,굴찍하고,kul.Jik.ha.ko,lk-c,lJ,1,0,,,1,lC+Obstruen,kulk-cikhako,kul.c*ik.ha.ko,lk-c,lc*
kulm-konxn,굶고는,굶꼬는,kulm.go.nxn,lm-k,mg,0,1,,,1,lC+Obstruen,kulm-konɨn,kulm.k*o.nɨn,lm-k,mk*
kulm-ko,굶고,굼꼬,kum.go,lm-k,mg,0,1,,,1,lC+Obstruen,kulm-ko,kum.k*o,lm-k,mk*
kulm-ko,굶고,굼꼬,kum.go,lm-k,mg,0,1,,,1,lC+Obstruen,kulm-ko,kum.k*o,lm-k,mk*
kulm-ko,굶고,굼꼬,kum.go,lm-k,mg,0,1,,,1,lC+Obstruen,kulm-ko,kum.k*o,lm-k,mk*
kulm-ko,굶고,굼꼬,kum.go,lm-k,mg,0,1,,,1,lC+Obstruen,kulm-ko,kum.k*o,lm-k,mk*
kulm-ko,굶고,굼꼬,kum.go,lm-k,mg,0,1,,,1,lC+Obstruen,kulm-ko,kum.k*o,lm-k,mk*
kulm-ko,굶고,굼꾸,kum.gu,lm-k,mg,0,1,,,1,lC+Obstruen,kulm-ko,kum.k*u,lm-k,mk*
kulm-txnka,굶든가,굼던가,kum.tvn.ka,lm-t,mt,0,1,,,0,lC+Obstruen,kulm-tɨnka,kum.tʌn.ka,lm-t,mt
kxlk-ko,긁고,극꼬,kxk.go,lk-k,kg,0,1,,,1,lC+Obstruen,kɨlk-ko,kɨk.k*o,lk-k,kk*
kxlk-kvna,긁거나,글꺼나,kxl.gv.na,lk-k,lg,1,0,,,1,lC+Obstruen,kɨlk-kʌna,kɨl.k*ʌ.na,lk-k,lk*
kxlk-ko,긁고,글꼬,kxl.go,lk-k,lg,1,0,,,1,lC+Obstruen,kɨlk-ko,kɨl.k*o,lk-k,lk*
kxlk-kil,긁길,글킬,kxl.Kil,lk-k,lK,1,0,,,0,lC+Obstruen,kɨlk-kil,kɨl.kʰil,lk-k,lkʰ
kxlk-ko,긁고,끌꼬,gxl.go,lk-k,lg,1,0,,,1,lC+Obstruen,kɨlk-ko,k*ɨl.k*o,lk-k,lk*
nvlp-ko,넓고,널고,nvl.ko,lp-k,lk,1,0,,,0,lC+Obstruen,nʌlp-ko,nʌl.ko,lp-k,lk
nvlp-ke,넓게,널께,nvl.ge,lp-k,lg,1,0,,,1,lC+Obstruen,nʌlp-ke,nʌl.k*e,lp-k,lk*
nvlp-ke,넓게,널께,nvl.ge,lp-k,lg,1,0,,,1,lC+Obstruen,nʌlp-ke,nʌl.k*e,lp-k,lk*
nvlp-ke,넓게,널께,nvl.ge,lp-k,lg,1,0,,,1,lC+Obstruen,nʌlp-ke,nʌl.k*e,lp-k,lk*
nvlp-ke,넓게,널께,nvl.ge,lp-k,lg,1,0,,,1,lC+Obstruen,nʌlp-ke,nʌl.k*e,lp-k,lk*
nvlp-ke,넓게,널께,nvl.ge,lp-k,lg,1,0,,,1,lC+Obstruen,nʌlp-ke,nʌl.k*e,lp-k,lk*
nvlp-ko,넓고,널꼬,nvl.go,lp-k,lg,1,0,,,1,lC+Obstruen,nʌlp-ko,nʌl.k*o,lp-k,lk*
nvlp-ko,넓고,널꼬,nvl.go,lp-k,lg,1,0,,,1,lC+Obstruen,nʌlp-ko,nʌl.k*o,lp-k,lk*
nvlp-ko,넓고,널꼬,nvl.go,lp-k,lg,1,0,,,1,lC+Obstruen,nʌlp-ko,nʌl.k*o,lp-k,lk*
nvlp-ko,넓고,널꼬,nvl.go,lp-k,lg,1,0,,,1,lC+Obstruen,nʌlp-ko,nʌl.k*o,lp-k,lk*
nvlp-ko,넓고,널꼬,nvl.go,lp-k,lg,1,0,,,1,lC+Obstruen,nʌlp-ko,nʌl.k*o,lp-k,lk*
nvlp-ko,넓고,널꼬,nvl.go,lp-k,lg,1,0,,,1,lC+Obstruen,nʌlp-ko,nʌl.k*o,lp-k,lk*
nvlp-ko,넓고,널꼬,nvl.go,lp-k,lg,1,0,,,1,lC+Obstruen,nʌlp-ko,nʌl.k*o,lp-k,lk*
nvlp-ko,넓고,널꼬,nvl.go,lp-k,lg,1,0,,,1,lC+Obstruen,nʌlp-ko,nʌl.k*o,lp-k,lk*
nvlp-ko,넓고,널꼬,nvl.go,lp-k,lg,1,0,,,1,lC+Obstruen,nʌlp-ko,nʌl.k*o,lp-k,lk*
nvlp-ko,넓고,널꾸,nvl.gu,lp-k,lg,1,0,,,1,lC+Obstruen,nʌlp-ko,nʌl.k*u,lp-k,lk*
nvlp-ki,넓기,널끼,nvl.gi,lp-k,lg,1,0,,,1,lC+Obstruen,nʌlp-ki,nʌl.k*i,lp-k,lk*
nvlp-ta,넓다,널따,nvl.da,lp-t,ld,1,0,,,1,lC+Obstruen,nʌlp-ta,nʌl.t*a,lp-t,lt*
nvlp-ta,넓다,널따,nvl.da,lp-t,ld,1,0,,,1,lC+Obstruen,nʌlp-ta,nʌl.t*a,lp-t,lt*
nvlp-tako,넓다고,널따고,nvl.da.ko,lp-t,ld,1,0,,,1,lC+Obstruen,nʌlp-tako,nʌl.t*a.ko,lp-t,lt*
nvlp-tako,넓다고,널따고,nvl.da.ko,lp-t,ld,1,0,,,1,lC+Obstruen,nʌlp-tako,nʌl.t*a.ko,lp-t,lt*
nvlp-cika,넓지가,널찌가,nvl.Ji.ka,lp-c,lJ,1,0,,,1,lC+Obstruen,nʌlp-cika,nʌl.c*i.ka,lp-c,lc*
nvlp-cika,넓지가,널찌가,nvl.Ji.ka,lp-c,lJ,1,0,,,1,lC+Obstruen,nʌlp-cika,nʌl.c*i.ka,lp-c,lc*
nvlp-ke,넓게,넓께,nvlp.ge,lp-k,lpg,0,0,,,1,lC+Obstruen,nʌlp-ke,nʌlp.k*e,lp-k,lpk*
nvlp-ke,넓게,넓께,nvlp.ge,lp-k,lpg,0,0,,,1,lC+Obstruen,nʌlp-ke,nʌlp.k*e,lp-k,lpk*
nvlp-ke,넓게,넓께,nvlp.ge,lp-k,lpg,0,0,,,1,lC+Obstruen,nʌlp-ke,nʌlp.k*e,lp-k,lpk*
nvlp-ko,넓고,넓꼬,nvlp.go,lp-k,lpg,0,0,,,1,lC+Obstruen,nʌlp-ko,nʌlp.k*o,lp-k,lpk*
nvlp-ko,넓고,넓꼬,nvlp.go,lp-k,lpg,0,0,,,1,lC+Obstruen,nʌlp-ko,nʌlp.k*o,lp-k,lpk*
nvlp-ko,넓고,넓꼬,nvlp.go,lp-k,lpg,0,0,,,1,lC+Obstruen,nʌlp-ko,nʌlp.k*o,lp-k,lpk*
nvlp-sxpnita,넓습니다,넓슴니다,nvlp.sxm.ni.ta,lp-s,lps,0,0,,,0,lC+Obstruen,nʌlp-sɨpnita,nʌlp.sɨm.ni.ta,lp-s,lps
nvlp-cin,넓진,넓찐,nvlp.Jin,lp-c,lpJ,0,0,,,1,lC+Obstruen,nʌlp-cin,nʌlp.c*in,lp-c,lpc*
nvlp-ko,넓고,넙꼬,nvp.go,lp-k,pg,0,1,,,1,lC+Obstruen,nʌlp-ko,nʌp.k*o,lp-k,pk*
nvlp-ko,넓고,넙꼬,nvp.go,lp-k,pg,0,1,,,1,lC+Obstruen,nʌlp-ko,nʌp.k*o,lp-k,pk*
nvlp-canhayo,넓잖아요,넙짜나요,nvp.Ja.na.yo,lp-c,pJ,0,1,,,1,lC+Obstruen,nʌlp-canhajo,nʌp.c*a.na.jo,lp-c,pc*
nvlp-cvkhako,넓적하고,넙쩍하고,nvp.Jvk.ha.ko,lp-c,pJ,0,1,,,1,lC+Obstruen,nʌlp-cʌkhako,nʌp.c*ʌk.ha.ko,lp-c,pc*
nxlk-ki,늙기,늘끼,nxl.gi,lk-k,lg,1,0,,,1,lC+Obstruen,nɨlk-ki,nɨl.k*i,lk-k,lk*
nxlk-ki,늙기,늘끼,nxl.gi,lk-k,lg,1,0,,,1,lC+Obstruen,nɨlk-ki,nɨl.k*i,lk-k,lk*
nxlk-kinxn,늙기는,늘끼는,nxl.gi.nxn,lk-k,lg,1,0,,,1,lC+Obstruen,nɨlk-kinɨn,nɨl.k*i.nɨn,lk-k,lk*
nxlk-tolok,늙도록,늘또록,nxl.do.lok,lk-t,lJ,1,0,,,1,lC+Obstruen,nɨlk-tolok,nɨl.t*o.lok,lk-t,lc*
nxlk-caka,늙자가,늘짜가,nxl.Ja.ka,lk-c,lJ,1,0,,,1,lC+Obstruen,nɨlk-caka,nɨl.c*a.ka,lk-c,lc*
nxlk-canhayo,늙잖아요,늘짜나요,nxl.Ja.na.yo,lk-c,lJ,1,0,,,1,lC+Obstruen,nɨlk-canhajo,nɨl.c*a.na.jo,lk-c,lc*
nxlk-ca,늙자,늙짜,nxlk.Ja,lk-c,lkJ,0,0,,,1,lC+Obstruen,nɨlk-ca,nɨlk.c*a,lk-c,lkc*
talm-ko,닮고,달꼬,tal.go,lm-k,lg,1,0,,,1,lC+Obstruen,talm-ko,tal.k*o,lm-k,lk*
talm-ko,닮고,닮꼬,talm.go,lm-k,lmg,0,0,,,1,lC+Obstruen,talm-ko,talm.k*o,lm-k,lmk*
talm-ko,닮고,닮꼬,talm.go,lm-k,lmg,0,0,,,1,lC+Obstruen,talm-ko,talm.k*o,lm-k,lmk*
talm-ko,닮고,닮꼬,talm.go,lm-k,lmg,0,0,,,1,lC+Obstruen,talm-ko,talm.k*o,lm-k,lmk*
talm-ko,닮고,닮꼬,talm.go,lm-k,lmg,0,0,,,1,lC+Obstruen,talm-ko,talm.k*o,lm-k,lmk*
talm-ko,닮고,닮꼬,talm.go,lm-k,lmg,0,0,,,1,lC+Obstruen,talm-ko,talm.k*o,lm-k,lmk*
talm-ko,닮고,담고,tam.ko,lm-k,mk,0,1,,,0,lC+Obstruen,talm-ko,tam.ko,lm-k,mk
talm-ko,닮고,담꼬,tam.go,lm-k,mg,0,1,,,1,lC+Obstruen,talm-ko,tam.k*o,lm-k,mk*
talm-ko,닮고,담꼬,tam.go,lm-k,mg,0,1,,,1,lC+Obstruen,talm-ko,tam.k*o,lm-k,mk*
talm-ko,닮고,담꼬,tam.go,lm-k,mg,0,1,,,1,lC+Obstruen,talm-ko,tam.k*o,lm-k,mk*
talm-ko,닮고,담꼬,tam.go,lm-k,mg,0,1,,,1,lC+Obstruen,talm-ko,tam.k*o,lm-k,mk*
talm-ko,닮고,담꼬,tam.go,lm-k,mg,0,1,,,1,lC+Obstruen,talm-ko,tam.k*o,lm-k,mk*
talm-ko,닮고,담꼬,tam.go,lm-k,mg,0,1,,,1,lC+Obstruen,talm-ko,tam.k*o,lm-k,mk*
talm-ko,닮고,담꼬,tam.go,lm-k,mg,0,1,,,1,lC+Obstruen,talm-ko,tam.k*o,lm-k,mk*
talm-ko,닮고,담꼬,tam.go,lm-k,mg,0,1,,,1,lC+Obstruen,talm-ko,tam.k*o,lm-k,mk*
talm-ko,닮고,담꼬,tam.go,lm-k,mg,0,1,,,1,lC+Obstruen,talm-ko,tam.k*o,lm-k,mk*
talm-ko,닮고,담꼬,tam.go,lm-k,mg,0,1,,,1,lC+Obstruen,talm-ko,tam.k*o,lm-k,mk*
talm-ko,닮고,담꼬,tam.go,lm-k,mg,0,1,,,1,lC+Obstruen,talm-ko,tam.k*o,lm-k,mk*
talm-ko,닮고,담꼬,tam.go,lm-k,mg,0,1,,,1,lC+Obstruen,talm-ko,tam.k*o,lm-k,mk*
talm-ko,닮고,담꼬,tam.go,lm-k,mg,0,1,,,1,lC+Obstruen,talm-ko,tam.k*o,lm-k,mk*
talm-ko,닮고,담꼬,tam.go,lm-k,mg,0,1,,,1,lC+Obstruen,talm-ko,tam.k*o,lm-k,mk*
talm-ko,닮고,담꼬,tam.go,lm-k,mg,0,1,,,1,lC+Obstruen,talm-ko,tam.k*o,lm-k,mk*
talm-ko,닮고,담꼬,tam.go,lm-k,mg,0,1,,,1,lC+Obstruen,talm-ko,tam.k*o,lm-k,mk*
talm-ko,닮고,담꼬,tam.go,lm-k,mg,0,1,,,1,lC+Obstruen,talm-ko,tam.k*o,lm-k,mk*
talm-ko,닮고,담꼬,tam.go,lm-k,mg,0,1,,,1,lC+Obstruen,talm-ko,tam.k*o,lm-k,mk*
talm-ko,닮고,담꼬,tam.go,lm-k,mg,0,1,,,1,lC+Obstruen,talm-ko,tam.k*o,lm-k,mk*
talm-ko,닮고,담꼬,tam.go,lm-k,mg,0,1,,,1,lC+Obstruen,talm-ko,tam.k*o,lm-k,mk*
talm-kin,닮긴,담낀,tam.gin,lm-k,mg,0,1,,,1,lC+Obstruen,talm-kin,tam.k*in,lm-k,mk*
talm-kin,닮긴,담낀,tam.gin,lm-k,mg,0,1,,,1,lC+Obstruen,talm-kin,tam.k*in,lm-k,mk*
talm-kinxn,닮기는,담끼는,tam.gi.nxn,lm-k,mg,0,1,,,1,lC+Obstruen,talm-kinɨn,tam.k*i.nɨn,lm-k,mk*
talm-tvlakoyo,닮더라고요,담떠라고요,tam.dv.la.ko.yo,lm-t,md,0,1,,,1,lC+Obstruen,talm-tʌlakojo,tam.t*ʌ.la.ko.jo,lm-t,mt*
talm-ci,닮지,담찌,tam.Ji,lm-c,mJ,0,1,,,1,lC+Obstruen,talm-ci,tam.c*i,lm-c,mc*
talm-ci,닮지,담찌,tam.Ji,lm-c,mJ,0,1,,,1,lC+Obstruen,talm-ci,tam.c*i,lm-c,mc*
talm-ci,닮지,담찌,tam.Ji,lm-c,mJ,0,1,,,1,lC+Obstruen,talm-ci,tam.c*i,lm-c,mc*
talm-ci,닮지,담찌,tam.Ji,lm-c,mJ,0,1,,,1,lC+Obstruen,talm-ci,tam.c*i,lm-c,mc*
talm-ci,닮지,담치,tam.Ci,lm-c,mC,0,1,,,0,lC+Obstruen,talm-ci,tam.cʰi,lm-c,mcʰ
malk-ke,맑게,막께,mak.ge,lk-k,kg,0,1,,,1,lC+Obstruen,malk-ke,mak.k*e,lk-k,kk*
malk-ko,맑고,말꼬,mal.go,lk-k,lg,1,0,,,1,lC+Obstruen,malk-ko,mal.k*o,lk-k,lk*
malk-ko,맑고,말꼬,mal.go,lk-k,lg,1,0,,,1,lC+Obstruen,malk-ko,mal.k*o,lk-k,lk*
malk-ko,맑고,말꼬,mal.go,lk-k,lg,1,0,,,1,lC+Obstruen,malk-ko,mal.k*o,lk-k,lk*
malk-ko,맑고,말꼬,mal.go,lk-k,lg,1,0,,,1,lC+Obstruen,malk-ko,mal.k*o,lk-k,lk*
malk-ko,맑고,말꼬,mal.go,lk-k,lg,1,0,,,1,lC+Obstruen,malk-ko,mal.k*o,lk-k,lk*
malk-ko,맑고,말꼬,mal.go,lk-k,lg,1,0,,,1,lC+Obstruen,malk-ko,mal.k*o,lk-k,lk*
malk-ko,맑고,말꼬,mal.go,lk-k,lg,1,0,,,1,lC+Obstruen,malk-ko,mal.k*o,lk-k,lk*
malk-ko,맑고,말꼬,mal.go,lk-k,lg,1,0,,,1,lC+Obstruen,malk-ko,mal.k*o,lk-k,lk*
malk-ko,맑고,말꼬,mal.go,lk-k,lg,1,0,,,1,lC+Obstruen,malk-ko,mal.k*o,lk-k,lk*
malk-ko,맑고,말꼬,mal.go,lk-k,lg,1,0,,,1,lC+Obstruen,malk-ko,mal.k*o,lk-k,lk*
malk-ko,맑고,말꼬,mal.go,lk-k,lg,1,0,,,1,lC+Obstruen,malk-ko,mal.k*o,lk-k,lk*
malk-ko,맑고,말꼬,mal.go,lk-k,lg,1,0,,,1,lC+Obstruen,malk-ko,mal.k*o,lk-k,lk*
malk-ko,맑고,말꾸,mal.gu,lk-k,lg,1,0,,,1,lC+Obstruen,malk-ko,mal.k*u,lk-k,lk*
malk-ko,맑고,맑꼬,malk.go,lk-k,lkg,0,0,,,1,lC+Obstruen,malk-ko,malk.k*o,lk-k,lkk*
mulk-ci,묽지,묵찌,muk.Ji,lk-c,kJ,0,1,,,1,lC+Obstruen,mulk-ci,muk.c*i,lk-c,kc*
mulk-ke,묽게,물께,mul.ge,lk-k,lg,1,0,,,1,lC+Obstruen,mulk-ke,mul.k*e,lk-k,lk*
palk-tako,밝다고,박따고,pak.da.ko,lk-t,kd,0,1,,,1,lC+Obstruen,palk-tako,pak.t*a.ko,lk-t,kt*
palk-kvna,밝거나,발꺼나,pal.gv.na,lk-k,lg,1,0,,,1,lC+Obstruen,palk-kʌna,pal.k*ʌ.na,lk-k,lk*
palk-ke,밝게,발께,pal.ge,lk-k,lg,1,0,,,1,lC+Obstruen,palk-ke,pal.k*e,lk-k,lk*
palk-ke,밝게,발께,pal.ge,lk-k,lg,1,0,,,1,lC+Obstruen,palk-ke,pal.k*e,lk-k,lk*
palk-ke,밝게,발께,pal.ge,lk-k,lg,1,0,,,1,lC+Obstruen,palk-ke,pal.k*e,lk-k,lk*
palk-ke,밝게,발께,pal.ge,lk-k,lg,1,0,,,1,lC+Obstruen,palk-ke,pal.k*e,lk-k,lk*
palk-ke,밝게,발께,pal.ge,lk-k,lg,1,0,,,1,lC+Obstruen,palk-ke,pal.k*e,lk-k,lk*
palk-ko,밝고,발꼬,pal.go,lk-k,lg,1,0,,,1,lC+Obstruen,palk-ko,pal.k*o,lk-k,lk*
palp-ko,밟고,발꼬,pal.go,lp-k,lg,1,0,,,1,lC+Obstruen,palp-ko,pal.k*o,lp-k,lk*
palk-ko,밝고,발꼬,pal.go,lk-k,lg,1,0,,,1,lC+Obstruen,palk-ko,pal.k*o,lk-k,lk*
palp-ko,밟고,발꼬,pal.go,lp-k,lg,1,0,,,1,lC+Obstruen,palp-ko,pal.k*o,lp-k,lk*
palk-ko,밝고,발꼬,pal.go,lk-k,lg,1,0,,,1,lC+Obstruen,palk-ko,pal.k*o,lk-k,lk*
palk-ko,밝고,발꼬,pal.go,lk-k,lg,1,0,,,1,lC+Obstruen,palk-ko,pal.k*o,lk-k,lk*
palk-ko,밝고,발꼬,pal.go,lk-k,lg,1,0,,,1,lC+Obstruen,palk-ko,pal.k*o,lk-k,lk*
palp-ko,밟고,발꼬,pal.go,lp-k,lg,1,0,,,1,lC+Obstruen,palp-ko,pal.k*o,lp-k,lk*
palk-ko,밝고,발꼬,pal.go,lk-k,lg,1,0,,,1,lC+Obstruen,palk-ko,pal.k*o,lk-k,lk*
palk-ko,밝고,발꼬,pal.go,lk-k,lg,1,0,,,1,lC+Obstruen,palk-ko,pal.k*o,lk-k,lk*
palk-ko,밝고,발꼬,pal.go,lk-k,lg,1,0,,,1,lC+Obstruen,palk-ko,pal.k*o,lk-k,lk*
palk-ko,밝고,발꼬,pal.go,lk-k,lg,1,0,,,1,lC+Obstruen,palk-ko,pal.k*o,lk-k,lk*
palk-ko,밝고,발꼬,pal.go,lk-k,lg,1,0,,,1,lC+Obstruen,palk-ko,pal.k*o,lk-k,lk*
palk-ko,밝고,발꼬,pal.go,lk-k,lg,1,0,,,1,lC+Obstruen,palk-ko,pal.k*o,lk-k,lk*
palk-ko,밝고,발꼬,pal.go,lk-k,lg,1,0,,,1,lC+Obstruen,palk-ko,pal.k*o,lk-k,lk*
palk-ko,밝고,발꼬,pal.go,lk-k,lg,1,0,,,1,lC+Obstruen,palk-ko,pal.k*o,lk-k,lk*
palk-ko,밝고,발꼬,pal.go,lk-k,lg,1,0,,,1,lC+Obstruen,palk-ko,pal.k*o,lk-k,lk*
palp-ko,밟고,발꼬,pal.go,lp-k,lg,1,0,,,1,lC+Obstruen,palp-ko,pal.k*o,lp-k,lk*
palp-ko,밟고,발꼬,pal.go,lp-k,lg,1,0,,,1,lC+Obstruen,palp-ko,pal.k*o,lp-k,lk*
palk-ko,밝고,발꼬,pal.go,lk-k,lg,1,0,,,1,lC+Obstruen,palk-ko,pal.k*o,lk-k,lk*
palp-ko,밟고,발꼬,pal.go,lp-k,lg,1,0,,,1,lC+Obstruen,palp-ko,pal.k*o,lp-k,lk*
palk-kika,밝기가,발끼가,pal.gi.ka,lk-k,lg,1,0,,,1,lC+Obstruen,palk-kika,pal.k*i.ka,lk-k,lk*
palp-kito,밟기도,발끼도,pal.gi.to,lp-k,lg,1,0,,,1,lC+Obstruen,palp-kito,pal.k*i.to,lp-k,lk*
palk-tako,밝다고,발따고,pal.da.ko,lk-t,ld,1,0,,,1,lC+Obstruen,palk-tako,pal.t*a.ko,lk-t,lt*
palk-cito,밝지도,발찌도,pal.Ji.to,lk-c,lJ,1,0,,,1,lC+Obstruen,palk-cito,pal.c*i.to,lk-c,lc*
palp-ko,밟고,밟꼬,palp.go,lp-k,lpg,0,0,,,1,lC+Obstruen,palp-ko,palp.k*o,lp-k,lpk*
palp-ko,밟고,밥꼬,pap.go,lp-k,pg,0,1,,,1,lC+Obstruen,palp-ko,pap.k*o,lp-k,pk*
palp-ci,밟지,밥찌,pap.Ji,lp-c,pJ,0,1,,,1,lC+Obstruen,palp-ci,pap.c*i,lp-c,pc*
salm-sxpnita,삶습니다,삶슴니다,salm.sxm.ni.ta,lm-s,lm.s,0,0,,,0,lC+Obstruen,salm-sɨpnita,salm.sɨm.ni.ta,lm-s,lm.s
yalp-ke,얇게,얄께,yal.ge,lp-k,lg,1,0,,,1,lC+Obstruen,jalp-ke,jal.k*e,lp-k,lk*
yalp-ke,얇게,얄께,yal.ge,lp-k,lg,1,0,,,1,lC+Obstruen,jalp-ke,jal.k*e,lp-k,lk*
yalp-ke,얇게,얄께,yal.ge,lp-k,lg,1,0,,,1,lC+Obstruen,jalp-ke,jal.k*e,lp-k,lk*
yalp-ke,얇게,얄께,yal.ge,lp-k,lg,1,0,,,1,lC+Obstruen,jalp-ke,jal.k*e,lp-k,lk*
yalp-ke,얇게,얄께,yal.ge,lp-k,lg,1,0,,,1,lC+Obstruen,jalp-ke,jal.k*e,lp-k,lk*
yalp-ke,얇게,얄께,yal.ge,lp-k,lg,1,0,,,1,lC+Obstruen,jalp-ke,jal.k*e,lp-k,lk*
yalp-ke,얇게,얄께,yal.ge,lp-k,lg,1,0,,,1,lC+Obstruen,jalp-ke,jal.k*e,lp-k,lk*
yalp-ke,얇게,얄께,yal.ge,lp-k,lg,1,0,,,1,lC+Obstruen,jalp-ke,jal.k*e,lp-k,lk*
yalp-ke,얇게,얄께,yal.ge,lp-k,lg,1,0,,,1,lC+Obstruen,jalp-ke,jal.k*e,lp-k,lk*
yalp-ke,얇게,얄께,yal.ge,lp-k,lg,1,0,,,1,lC+Obstruen,jalp-ke,jal.k*e,lp-k,lk*
yalp-ke,얇게,얄께,yal.ge,lp-k,lg,1,0,,,1,lC+Obstruen,jalp-ke,jal.k*e,lp-k,lk*
yalp-ke,얇게,얄께,yal.ge,lp-k,lg,1,0,,,1,lC+Obstruen,jalp-ke,jal.k*e,lp-k,lk*
yalp-ko,얇고,얄꼬,yal.go,lp-k,lg,1,0,,,1,lC+Obstruen,jalp-ko,jal.k*o,lp-k,lk*
yalp-ko,얇고,얄꼬,yal.go,lp-k,lg,1,0,,,1,lC+Obstruen,jalp-ko,jal.k*o,lp-k,lk*
yalp-taponiga,얇다보니까,얄따보니까,yal.da.po.ni.ga,lp-t,ld,1,0,,,1,lC+Obstruen,jalp-taponik*a,jal.t*a.po.ni.k*a,lp-t,lt*
yalp-txn,얇든,얄뜬,yal.dxn,lp-t,ld,1,0,,,1,lC+Obstruen,jalp-tɨn,jal.t*ɨn,lp-t,lt*
yalp-kvna,얇거나,얇꺼나,yalp.gv.na,lp-k,lpg,0,0,,,1,lC+Obstruen,jalp-kʌna,jalp.k*ʌ.na,lp-k,lpk*
yalp-ke,얇게,얇께,yalp.ge,lp-k,lpg,0,0,,,1,lC+Obstruen,jalp-ke,jalp.k*e,lp-k,lpk*
yalp-ke,얇게,얇께,yalp.ge,lp-k,lpg,0,0,,,1,lC+Obstruen,jalp-ke,jalp.k*e,lp-k,lpk*
yalp-ke,얇게,얇께,yalp.ge,lp-k,lpg,0,0,,,1,lC+Obstruen,jalp-ke,jalp.k*e,lp-k,lpk*
yalp-ke,얇게,얇께,yalp.ge,lp-k,lpg,0,0,,,1,lC+Obstruen,jalp-ke,jalp.k*e,lp-k,lpk*
yalp-ke,얇게,얇께,yalp.ge,lp-k,lpg,0,0,,,1,lC+Obstruen,jalp-ke,jalp.k*e,lp-k,lpk*
ilk-ke,읽게,익께,ik.ge,lk-k,kg,0,1,,,1,lC+Obstruen,ilk-ke,ik.k*e,lk-k,kk*
ilk-ko,읽고,익꼬,ik.go,lk-k,kg,0,1,,,1,lC+Obstruen,ilk-ko,ik.k*o,lk-k,kk*
ilk-ta,읽다,익따,ik.da,lk-t,kd,0,1,,,1,lC+Obstruen,ilk-ta,ik.t*a,lk-t,kt*
ilk-txlako,읽드라고,익뜨라고,ik.dx.la.ko,lk-t,kd,0,1,,,1,lC+Obstruen,ilk-tɨlako,ik.t*ɨ.la.ko,lk-t,kt*
ilk-canhayo,읽잖아요,익짜나요,ik.Ja.na.yo,lk-c,kJ,0,1,,,1,lC+Obstruen,ilk-canhajo,ik.c*a.na.jo,lk-c,kc*
ilk-kvna,읽거나,일꺼나,il.gv.na,lk-k,lg,1,0,,,1,lC+Obstruen,ilk-kʌna,il.k*ʌ.na,lk-k,lk*
ilk-kvna,읽거나,일꺼나,il.gv.na,lk-k,lg,1,0,,,1,lC+Obstruen,ilk-kʌna,il.k*ʌ.na,lk-k,lk*
ilk-kvna,읽거나,일꺼나,il.gv.na,lk-k,lg,1,0,,,1,lC+Obstruen,ilk-kʌna,il.k*ʌ.na,lk-k,lk*
ilk-kvna,읽거나,일꺼나,il.gv.na,lk-k,lg,1,0,,,1,lC+Obstruen,ilk-kʌna,il.k*ʌ.na,lk-k,lk*
ilk-kvna,읽거나,일꺼나,il.gv.na,lk-k,lg,1,0,,,1,lC+Obstruen,ilk-kʌna,il.k*ʌ.na,lk-k,lk*
ilk-ke,읽게,일께,il.ge,lk-k,lg,1,0,,,1,lC+Obstruen,ilk-ke,il.k*e,lk-k,lk*
ilk-ke,읽게,일께,il.ge,lk-k,lg,1,0,,,1,lC+Obstruen,ilk-ke,il.k*e,lk-k,lk*
ilk-kegxm,읽게끔,일께끔,il.ge.gxm,lk-k,lg,1,0,,,1,lC+Obstruen,ilk-kek*ɨm,il.k*e.k*ɨm,lk-k,lk*
ilk-ko,읽고,일꼬,il.go,lk-k,lg,1,0,,,1,lC+Obstruen,ilk-ko,il.k*o,lk-k,lk*
ilk-ko,읽고,일꼬,il.go,lk-k,lg,1,0,,,1,lC+Obstruen,ilk-ko,il.k*o,lk-k,lk*
ilk-ko,읽고,일꼬,il.go,lk-k,lg,1,0,,,1,lC+Obstruen,ilk-ko,il.k*o,lk-k,lk*
ilk-ko,읽고,일꼬,il.go,lk-k,lg,1,0,,,1,lC+Obstruen,ilk-ko,il.k*o,lk-k,lk*
ilk-ko,읽고,일꼬,il.go,lk-k,lg,1,0,,,1,lC+Obstruen,ilk-ko,il.k*o,lk-k,lk*
ilk-ko,읽고,일꼬,il.go,lk-k,lg,1,0,,,1,lC+Obstruen,ilk-ko,il.k*o,lk-k,lk*
ilk-ko,읽고,일꼬,il.go,lk-k,lg,1,0,,,1,lC+Obstruen,ilk-ko,il.k*o,lk-k,lk*
ilk-ko,읽고,일꼬,il.go,lk-k,lg,1,0,,,1,lC+Obstruen,ilk-ko,il.k*o,lk-k,lk*
ilk-ko,읽고,일꼬,il.go,lk-k,lg,1,0,,,1,lC+Obstruen,ilk-ko,il.k*o,lk-k,lk*
ilk-ko,읽고,일꼬,il.go,lk-k,lg,1,0,,,1,lC+Obstruen,ilk-ko,il.k*o,lk-k,lk*
ilk-ko,읽고,일꼬,il.go,lk-k,lg,1,0,,,1,lC+Obstruen,ilk-ko,il.k*o,lk-k,lk*
ilk-ko,읽고,일꼬,il.go,lk-k,lg,1,0,,,1,lC+Obstruen,ilk-ko,il.k*o,lk-k,lk*
ilk-ko,읽고,일꼬,il.go,lk-k,lg,1,0,,,1,lC+Obstruen,ilk-ko,il.k*o,lk-k,lk*
ilk-ko,읽고,일꼬,il.go,lk-k,lg,1,0,,,1,lC+Obstruen,ilk-ko,il.k*o,lk-k,lk*
ilk-ko,읽고,일꼬,il.go,lk-k,lg,1,0,,,1,lC+Obstruen,ilk-ko,il.k*o,lk-k,lk*
ilk-ko,읽고,일꼬,il.go,lk-k,lg,1,0,,,1,lC+Obstruen,ilk-ko,il.k*o,lk-k,lk*
ilk-ko,읽고,일꼬,il.go,lk-k,lg,1,0,,,1,lC+Obstruen,ilk-ko,il.k*o,lk-k,lk*
ilk-ko,읽고,일꼬,il.go,lk-k,lg,1,0,,,1,lC+Obstruen,ilk-ko,il.k*o,lk-k,lk*
ilk-ko,읽고,일꼬,il.go,lk-k,lg,1,0,,,1,lC+Obstruen,ilk-ko,il.k*o,lk-k,lk*
ilk-ko,읽고,일꼬,il.go,lk-k,lg,1,0,,,1,lC+Obstruen,ilk-ko,il.k*o,lk-k,lk*
ilk-ko,읽고,일꼬,il.go,lk-k,lg,1,0,,,1,lC+Obstruen,ilk-ko,il.k*o,lk-k,lk*
ilk-ko,읽고,일꼬,il.go,lk-k,lg,1,0,,,1,lC+Obstruen,ilk-ko,il.k*o,lk-k,lk*
ilk-ko,읽고,일꼬,il.go,lk-k,lg,1,0,,,1,lC+Obstruen,ilk-ko,il.k*o,lk-k,lk*
ilk-ko,읽고,일꼬,il.go,lk-k,lg,1,0,,,1,lC+Obstruen,ilk-ko,il.k*o,lk-k,lk*
ilk-ko,읽고,일꼬,il.go,lk-k,lg,1,0,,,1,lC+Obstruen,ilk-ko,il.k*o,lk-k,lk*
ilk-ko,읽고,일꼬,il.go,lk-k,lg,1,0,,,1,lC+Obstruen,ilk-ko,il.k*o,lk-k,lk*
ilk-ko,읽고,일꼬,il.go,lk-k,lg,1,0,,,1,lC+Obstruen,ilk-ko,il.k*o,lk-k,lk*
ilk-ko,읽고,일꼬,il.go,lk-k,lg,1,0,,,1,lC+Obstruen,ilk-ko,il.k*o,lk-k,lk*
ilk-ko,읽고,일꼬,il.go,lk-k,lg,1,0,,,1,lC+Obstruen,ilk-ko,il.k*o,lk-k,lk*
ilk-ko,읽고,일꼬,il.go,lk-k,lg,1,0,,,1,lC+Obstruen,ilk-ko,il.k*o,lk-k,lk*
ilk-ko,읽고,일꼬,il.go,lk-k,lg,1,0,,,1,lC+Obstruen,ilk-ko,il.k*o,lk-k,lk*
ilk-ko,읽고,일꼬,il.go,lk-k,lg,1,0,,,1,lC+Obstruen,ilk-ko,il.k*o,lk-k,lk*
ilk-ko,읽고,일꼬,il.go,lk-k,lg,1,0,,,1,lC+Obstruen,ilk-ko,il.k*o,lk-k,lk*
ilk-ko,읽고,일꼬,il.go,lk-k,lg,1,0,,,1,lC+Obstruen,ilk-ko,il.k*o,lk-k,lk*
ilk-ko,읽고,일꼬,il.go,lk-k,lg,1,0,,,1,lC+Obstruen,ilk-ko,il.k*o,lk-k,lk*
ilk-ko,읽고,일꼬,il.go,lk-k,lg,1,0,,,1,lC+Obstruen,ilk-ko,il.k*o,lk-k,lk*
ilk-ko,읽고,일꼬,il.go,lk-k,lg,1,0,,,1,lC+Obstruen,ilk-ko,il.k*o,lk-k,lk*
ilk-ko,읽고,일꼬,il.go,lk-k,lg,1,0,,,1,lC+Obstruen,ilk-ko,il.k*o,lk-k,lk*
ilk-konxn,읽고는,일꼬는,il.go.nxn,lk-k,lg,1,0,,,1,lC+Obstruen,ilk-konɨn,il.k*o.nɨn,lk-k,lk*
ilk-koman,읽고만,일꼬만,il.go.man,lk-k,lg,1,0,,,0,lC+Obstruen,ilk-koman,il.k*o.man,lk-k,lk*
ilk-kosv,읽고서,일꼬서,il.go.sv,lk-k,lg,1,0,,,1,lC+Obstruen,ilk-kosʌ,il.k*o.sʌ,lk-k,lk*
ilk-kosv,읽고서,일꼬서,il.go.sv,lk-k,lg,1,0,,,1,lC+Obstruen,ilk-kosʌ,il.k*o.sʌ,lk-k,lk*
ilk-ki,읽기,일끼,il.gi,lk-k,lg,1,0,,,1,lC+Obstruen,ilk-ki,il.k*i,lk-k,lk*
ilk-ki,읽기,일끼,il.gi,lk-k,lg,1,0,,,1,lC+Obstruen,ilk-ki,il.k*i,lk-k,lk*
ilk-ki,읽기,일끼,il.gi,lk-k,lg,1,0,,,1,lC+Obstruen,ilk-ki,il.k*i,lk-k,lk*
ilk-ki,읽기,일끼,il.gi,lk-k,lg,1,0,,,1,lC+Obstruen,ilk-ki,il.k*i,lk-k,lk*
ilk-kito,읽기도,일끼도,il.gi.to,lk-k,lg,1,0,,,1,lC+Obstruen,ilk-kito,il.k*i.to,lk-k,lk*
ilk-kilatxnka,읽기라든가,일끼라던가,il.gi.la.tvn.ka,lk-k,lg,1,0,,,1,lC+Obstruen,ilk-kilatɨnka,il.k*i.la.tʌn.ka,lk-k,lk*
ilk-ta,읽다,일따,il.da,lk-t,ld,1,0,,,1,lC+Obstruen,ilk-ta,il.t*a,lk-t,lt*
ilk-ta,읽다,일따,il.da,lk-t,ld,1,0,,,1,lC+Obstruen,ilk-ta,il.t*a,lk-t,lt*
ilk-ta,읽다,일따,il.da,lk-t,ld,1,0,,,1,lC+Obstruen,ilk-ta,il.t*a,lk-t,lt*
ilk-taka,읽다가,일따가,il.da.ka,lk-t,ld,1,0,,,1,lC+Obstruen,ilk-taka,il.t*a.ka,lk-t,lt*
ilk-tvn,읽던,일떤,il.dvn,lk-t,ld,1,0,,,1,lC+Obstruen,ilk-tʌn,il.t*ʌn,lk-t,lt*
ilk-canha,읽잖아,일짜나,il.Ja.na,lk-c,lJ,1,0,,,1,lC+Obstruen,ilk-canha,il.c*a.na,lk-c,lc*
ilk-canhayo,읽잖아요,일짜나요,il.Ja.na.yo,lk-c,lJ,1,0,,,1,lC+Obstruen,ilk-canhajo,il.c*a.na.jo,lk-c,lc*
ilk-camaca,읽자마자,일짜마자,il.Ja.ma.ca,lk-c,lJ,1,0,,,1,lC+Obstruen,ilk-camaca,il.c*a.ma.ca,lk-c,lc*
ilk-ci,읽지,일찌,il.Ji,lk-c,lJ,1,0,,,1,lC+Obstruen,ilk-ci,il.c*i,lk-c,lc*
ilk-ko,읽고,일코,il.Ko,lk-k,lK,1,0,,,0,lC+Obstruen,ilk-ko,il.kʰo,lk-k,lkʰ
ilk-ko,읽고,일코,il.Ko,lk-k,lK,1,0,,,0,lC+Obstruen,ilk-ko,il.kʰo,lk-k,lkʰ
ilk-ki,읽기,일키,il.Ki,lk-k,lK,1,0,,,0,lC+Obstruen,ilk-ki,il.kʰi,lk-k,lkʰ
ilk-ko,읽고,읽꼬,ilk.go,lk-k,lkg,0,0,,,1,lC+Obstruen,ilk-ko,ilk.k*o,lk-k,lkk*
ilk-ko,읽고,읽꼬,ilk.go,lk-k,lkg,0,0,,,1,lC+Obstruen,ilk-ko,ilk.k*o,lk-k,lkk*
ilk-cinxn,읽지는,읽찐,ilk.Jin,lk-c,lkJ,0,0,,,1,lC+Obstruen,ilk-cinɨn,ilk.c*in,lk-c,lkc*
cvlm-ta,젊다,젊따,cvlm.da,lm-t,lmd,0,0,,,1,lC+Obstruen,cʌlm-ta,cʌlm.t*a,lm-t,lmt*
cvlm-ko,젊고,점고,cvm.ko,lm-k,mk,0,1,,,0,lC+Obstruen,cʌlm-ko,cʌm.ko,lm-k,mk
cvlm-kvna,젊거나,점꺼나,cvm.gv.na,lm-k,mg,0,1,,,1,lC+Obstruen,cʌlm-kʌna,cʌm.k*ʌ.na,lm-k,mk*
cvlm-kvna,젊거나,점꺼나,cvm.gv.na,lm-k,mg,0,1,,,1,lC+Obstruen,cʌlm-kʌna,cʌm.k*ʌ.na,lm-k,mk*
cvlm-ke,젊게,점께,cvm.ge,lm-k,mg,0,1,,,1,lC+Obstruen,cʌlm-ke,cʌm.k*e,lm-k,mk*
cvlm-ko,젊고,점꼬,cvm.go,lm-k,mg,0,1,,,1,lC+Obstruen,cʌlm-ko,cʌm.k*o,lm-k,mk*
cvlm-ko,젊고,점꼬,cvm.go,lm-k,mg,0,1,,,1,lC+Obstruen,cʌlm-ko,cʌm.k*o,lm-k,mk*
cvlm-ko,젊고,점꼬,cvm.go,lm-k,mg,0,1,,,1,lC+Obstruen,cʌlm-ko,cʌm.k*o,lm-k,mk*
cvlm-ko,젊고,점꼬,cvm.go,lm-k,mg,0,1,,,1,lC+Obstruen,cʌlm-ko,cʌm.k*o,lm-k,mk*
cvlm-ko,젊고,점꼬,cvm.go,lm-k,mg,0,1,,,1,lC+Obstruen,cʌlm-ko,cʌm.k*o,lm-k,mk*
cvlm-ko,젊고,점꼬,cvm.go,lm-k,mg,0,1,,,1,lC+Obstruen,cʌlm-ko,cʌm.k*o,lm-k,mk*
cvlm-ko,젊고,점꼬,cvm.go,lm-k,mg,0,1,,,1,lC+Obstruen,cʌlm-ko,cʌm.k*o,lm-k,mk*
cvlm-ko,젊고,점꼬,cvm.go,lm-k,mg,0,1,,,1,lC+Obstruen,cʌlm-ko,cʌm.k*o,lm-k,mk*
cvlm-ko,젊고,점꼬,cvm.go,lm-k,mg,0,1,,,1,lC+Obstruen,cʌlm-ko,cʌm.k*o,lm-k,mk*
cvlm-ko,젊고,점꼬,cvm.go,lm-k,mg,0,1,,,1,lC+Obstruen,cʌlm-ko,cʌm.k*o,lm-k,mk*
cvlm-ko,젊고,점꼬,cvm.go,lm-k,mg,0,1,,,1,lC+Obstruen,cʌlm-ko,cʌm.k*o,lm-k,mk*
cvlm-ko,젊고,점꼬,cvm.go,lm-k,mg,0,1,,,1,lC+Obstruen,cʌlm-ko,cʌm.k*o,lm-k,mk*
cvlm-ko,젊고,점꼬,cvm.go,lm-k,mg,0,1,,,1,lC+Obstruen,cʌlm-ko,cʌm.k*o,lm-k,mk*
cvlm-ko,젊고,점꾸,cvm.gu,lm-k,mg,0,1,,,1,lC+Obstruen,cʌlm-ko,cʌm.k*u,lm-k,mk*
cvlm-kito,젊기도,점끼도,cvm.gi.to,lm-k,mg,0,1,,,1,lC+Obstruen,cʌlm-kito,cʌm.k*i.to,lm-k,mk*
cvlm-tako,젊다고,점다고,cvm.ta.ko,lm-t,mt,0,1,,,0,lC+Obstruen,cʌlm-tako,cʌm.ta.ko,lm-t,mt
cvlm-ta,젊다,점따,cvm.da,lm-t,md,0,1,,,1,lC+Obstruen,cʌlm-ta,cʌm.t*a,lm-t,mt*
cvlm-ta,젊다,점따,cvm.da,lm-t,md,0,1,,,1,lC+Obstruen,cʌlm-ta,cʌm.t*a,lm-t,mt*
cvlm-tako,젊다고,점따고,cvm.da.ko,lm-t,md,0,1,,,1,lC+Obstruen,cʌlm-tako,cʌm.t*a.ko,lm-t,mt*
cvlm-tako,젊다고,점따고,cvm.da.ko,lm-t,md,0,1,,,1,lC+Obstruen,cʌlm-tako,cʌm.t*a.ko,lm-t,mt*
cvlm-tako,젊다고,점따고,cvm.da.ko,lm-t,md,0,1,,,1,lC+Obstruen,cʌlm-tako,cʌm.t*a.ko,lm-t,mt*
cvlm-tako,젊다고,점따고,cvm.da.ko,lm-t,md,0,1,,,1,lC+Obstruen,cʌlm-tako,cʌm.t*a.ko,lm-t,mt*
cvlm-tako,젊다고,점따고,cvm.da.ko,lm-t,md,0,1,,,1,lC+Obstruen,cʌlm-tako,cʌm.t*a.ko,lm-t,mt*
cvlm-tako,젊다고,점따고,cvm.da.ko,lm-t,md,0,1,,,1,lC+Obstruen,cʌlm-tako,cʌm.t*a.ko,lm-t,mt*
cvlm-talako,젊다라고,점따라고,cvm.da.la.ko,lm-t,md,0,1,,,1,lC+Obstruen,cʌlm-talako,cʌm.t*a.la.ko,lm-t,mt*
cvlm-txn,젊든,점뜬,cvm.dxn,lm-t,md,0,1,,,1,lC+Obstruen,cʌlm-tɨn,cʌm.t*ɨn,lm-t,mt*
cvlm-sxpnita,젊습니다,점씀니다,cvm.Sxm.ni.ta,lm-s,mS,0,1,,,1,lC+Obstruen,cʌlm-sɨpnita,cʌm.s*ɨm.ni.ta,lm-s,ms*
cvlm-cito,젊지도,점지도,cvm.ci.to,lm-c,mc,0,1,,,0,lC+Obstruen,cʌlm-cito,cʌm.ci.to,lm-c,mc
cvlm-canha,젊잖아,점짜나,cvm.Ja.na,lm-c,mJ,0,1,,,1,lC+Obstruen,cʌlm-canha,cʌm.c*a.na,lm-c,mc*
cvlm-ci,젊지,점찌,cvm.Ji,lm-c,mJ,0,1,,,1,lC+Obstruen,cʌlm-ci,cʌm.c*i,lm-c,mc*
cvlm-cimanyo,젊지만요,점찌만요,cvm.Ji.man.yo,lm-c,mJ,0,1,,,1,lC+Obstruen,cʌlm-cimanjo,cʌm.c*i.man.jo,lm-c,mc*
cilxpalp-ko,지르밟고,지러발꼬,ci.lv.pal.go,lp-k,lg,1,0,,,1,lC+Obstruen,cilɨpalp-ko,ci.lʌ.pal.k*o,lp-k,lk*
cispalp-ke,짓밟게,짓발께,cis.pal.ge,lp-k,lg,1,0,,,1,lC+Obstruen,cispalp-ke,cis.pal.k*e,lp-k,lk*
cispalp-ci,짓밟지,짓빨찌,cis.bal.Ji,lp-c,lJ,1,0,,,1,lC+Obstruen,cispalp-ci,cis.p*al.c*i,lp-c,lc*
Jalp-ke,짧게,짝께,Jak.ge,lp-k,kg,0,1,,,1,lC+Obstruen,c*alp-ke,c*ak.k*e,lp-k,kk*
Jalp-ko,짧고,짤고,Jal.ko,lp-k,lk,1,0,,,0,lC+Obstruen,c*alp-ko,c*al.ko,lp-k,lk
Jalp-ke,짧게,짤께,Jal.ge,lp-k,lg,1,0,,,1,lC+Obstruen,c*alp-ke,c*al.k*e,lp-k,lk*
Jalp-ke,짧게,짤께,Jal.ge,lp-k,lg,1,0,,,1,lC+Obstruen,c*alp-ke,c*al.k*e,lp-k,lk*
Jalp-ke,짧게,짤께,Jal.ge,lp-k,lg,1,0,,,1,lC+Obstruen,c*alp-ke,c*al.k*e,lp-k,lk*
Jalp-ke,짧게,짤께,Jal.ge,lp-k,lg,1,0,,,1,lC+Obstruen,c*alp-ke,c*al.k*e,lp-k,lk*
Jalp-ke,짧게,짤께,Jal.ge,lp-k,lg,1,0,,,1,lC+Obstruen,c*alp-ke,c*al.k*e,lp-k,lk*
Jalp-ke,짧게,짤께,Jal.ge,lp-k,lg,1,0,,,1,lC+Obstruen,c*alp-ke,c*al.k*e,lp-k,lk*
Jalp-ke,짧게,짤께,Jal.ge,lp-k,lg,1,0,,,1,lC+Obstruen,c*alp-ke,c*al.k*e,lp-k,lk*
Jalp-ke,짧게,짤께,Jal.ge,lp-k,lg,1,0,,,1,lC+Obstruen,c*alp-ke,c*al.k*e,lp-k,lk*
Jalp-ke,짧게,짤께,Jal.ge,lp-k,lg,1,0,,,1,lC+Obstruen,c*alp-ke,c*al.k*e,lp-k,lk*
Jalp-ke,짧게,짤께,Jal.ge,lp-k,lg,1,0,,,1,lC+Obstruen,c*alp-ke,c*al.k*e,lp-k,lk*
Jalp-ke,짧게,짤께,Jal.ge,lp-k,lg,1,0,,,1,lC+Obstruen,c*alp-ke,c*al.k*e,lp-k,lk*
Jalp-ke,짧게,짤께,Jal.ge,lp-k,lg,1,0,,,1,lC+Obstruen,c*alp-ke,c*al.k*e,lp-k,lk*
Jalp-ke,짧게,짤께,Jal.ge,lp-k,lg,1,0,,,1,lC+Obstruen,c*alp-ke,c*al.k*e,lp-k,lk*
Jalp-ke,짧게,짤께,Jal.ge,lp-k,lg,1,0,,,1,lC+Obstruen,c*alp-ke,c*al.k*e,lp-k,lk*
Jalp-ke,짧게,짤께,Jal.ge,lp-k,lg,1,0,,,1,lC+Obstruen,c*alp-ke,c*al.k*e,lp-k,lk*
Jalp-ke,짧게,짤께,Jal.ge,lp-k,lg,1,0,,,1,lC+Obstruen,c*alp-ke,c*al.k*e,lp-k,lk*
Jalp-ke,짧게,짤께,Jal.ge,lp-k,lg,1,0,,,1,lC+Obstruen,c*alp-ke,c*al.k*e,lp-k,lk*
Jalp-ke,짧게,짤께,Jal.ge,lp-k,lg,1,0,,,1,lC+Obstruen,c*alp-ke,c*al.k*e,lp-k,lk*
Jalp-ke,짧게,짤께,Jal.ge,lp-k,lg,1,0,,,1,lC+Obstruen,c*alp-ke,c*al.k*e,lp-k,lk*
Jalp-ke,짧게,짤께,Jal.ge,lp-k,lg,1,0,,,1,lC+Obstruen,c*alp-ke,c*al.k*e,lp-k,lk*
Jalp-ke,짧게,짤께,Jal.ge,lp-k,lg,1,0,,,1,lC+Obstruen,c*alp-ke,c*al.k*e,lp-k,lk*
Jalp-ke,짧게,짤께,Jal.ge,lp-k,lg,1,0,,,1,lC+Obstruen,c*alp-ke,c*al.k*e,lp-k,lk*
Jalp-ke,짧게,짤께,Jal.ge,lp-k,lg,1,0,,,1,lC+Obstruen,c*alp-ke,c*al.k*e,lp-k,lk*
Jalp-ke,짧게,짤께,Jal.ge,lp-k,lg,1,0,,,1,lC+Obstruen,c*alp-ke,c*al.k*e,lp-k,lk*
Jalp-ke,짧게,짤께,Jal.ge,lp-k,lg,1,0,,,1,lC+Obstruen,c*alp-ke,c*al.k*e,lp-k,lk*
Jalp-ke,짧게,짤께,Jal.ge,lp-k,lg,1,0,,,1,lC+Obstruen,c*alp-ke,c*al.k*e,lp-k,lk*
Jalp-ke,짧게,짤께,Jal.ge,lp-k,lg,1,0,,,1,lC+Obstruen,c*alp-ke,c*al.k*e,lp-k,lk*
Jalp-ke,짧게,짤께,Jal.ge,lp-k,lg,1,0,,,1,lC+Obstruen,c*alp-ke,c*al.k*e,lp-k,lk*
Jalp-ke,짧게,짤께,Jal.ge,lp-k,lg,1,0,,,1,lC+Obstruen,c*alp-ke,c*al.k*e,lp-k,lk*
Jalp-ke,짧게,짤께,Jal.ge,lp-k,lg,1,0,,,1,lC+Obstruen,c*alp-ke,c*al.k*e,lp-k,lk*
Jalp-ke,짧게,짤께,Jal.ge,lp-k,lg,1,0,,,1,lC+Obstruen,c*alp-ke,c*al.k*e,lp-k,lk*
Jalp-ke,짧게,짤께,Jal.ge,lp-k,lg,1,0,,,1,lC+Obstruen,c*alp-ke,c*al.k*e,lp-k,lk*
Jalp-ke,짧게,짤께,Jal.ge,lp-k,lg,1,0,,,1,lC+Obstruen,c*alp-ke,c*al.k*e,lp-k,lk*
Jalp-ke,짧게,짤께,Jal.ge,lp-k,lg,1,0,,,1,lC+Obstruen,c*alp-ke,c*al.k*e,lp-k,lk*
Jalp-ke,짧게,짤께,Jal.ge,lp-k,lg,1,0,,,1,lC+Obstruen,c*alp-ke,c*al.k*e,lp-k,lk*
Jalp-ke,짧게,짤께,Jal.ge,lp-k,lg,1,0,,,1,lC+Obstruen,c*alp-ke,c*al.k*e,lp-k,lk*
Jalp-ke,짧게,짤께,Jal.ge,lp-k,lg,1,0,,,1,lC+Obstruen,c*alp-ke,c*al.k*e,lp-k,lk*
Jalp-ke,짧게,짤께,Jal.ge,lp-k,lg,1,0,,,1,lC+Obstruen,c*alp-ke,c*al.k*e,lp-k,lk*
Jalp-ke,짧게,짤께,Jal.ge,lp-k,lg,1,0,,,1,lC+Obstruen,c*alp-ke,c*al.k*e,lp-k,lk*
Jalp-ke,짧게,짤께,Jal.ge,lp-k,lg,1,0,,,1,lC+Obstruen,c*alp-ke,c*al.k*e,lp-k,lk*
Jalp-ke,짧게,짤께,Jal.ge,lp-k,lg,1,0,,,1,lC+Obstruen,c*alp-ke,c*al.k*e,lp-k,lk*
Jalp-ke,짧게,짤께,Jal.ge,lp-k,lg,1,0,,,1,lC+Obstruen,c*alp-ke,c*al.k*e,lp-k,lk*
Jalp-ke,짧게,짤께,Jal.ge,lp-k,lg,1,0,,,1,lC+Obstruen,c*alp-ke,c*al.k*e,lp-k,lk*
Jalp-ke,짧게,짤께,Jal.ge,lp-k,lg,1,0,,,1,lC+Obstruen,c*alp-ke,c*al.k*e,lp-k,lk*
Jalp-ke,짧게,짤께,Jal.ge,lp-k,lg,1,0,,,1,lC+Obstruen,c*alp-ke,c*al.k*e,lp-k,lk*
Jalp-ke,짧게,짤께,Jal.ge,lp-k,lg,1,0,,,1,lC+Obstruen,c*alp-ke,c*al.k*e,lp-k,lk*
Jalp-ke,짧게,짤께,Jal.ge,lp-k,lg,1,0,,,1,lC+Obstruen,c*alp-ke,c*al.k*e,lp-k,lk*
Jalp-ke,짧게,짤께,Jal.ge,lp-k,lg,1,0,,,1,lC+Obstruen,c*alp-ke,c*al.k*e,lp-k,lk*
Jalp-ke,짧게,짤께,Jal.ge,lp-k,lg,1,0,,,1,lC+Obstruen,c*alp-ke,c*al.k*e,lp-k,lk*
Jalp-ke,짧게,짤께,Jal.ge,lp-k,lg,1,0,,,1,lC+Obstruen,c*alp-ke,c*al.k*e,lp-k,lk*
Jalp-ke,짧게,짤께,Jal.ge,lp-k,lg,1,0,,,1,lC+Obstruen,c*alp-ke,c*al.k*e,lp-k,lk*
Jalp-ke,짧게,짤께,Jal.ge,lp-k,lg,1,0,,,1,lC+Obstruen,c*alp-ke,c*al.k*e,lp-k,lk*
Jalp-ke,짧게,짤께,Jal.ge,lp-k,lg,1,0,,,1,lC+Obstruen,c*alp-ke,c*al.k*e,lp-k,lk*
Jalp-ke,짧게,짤께,Jal.ge,lp-k,lg,1,0,,,1,lC+Obstruen,c*alp-ke,c*al.k*e,lp-k,lk*
Jalp-ke,짧게,짤께,Jal.ge,lp-k,lg,1,0,,,1,lC+Obstruen,c*alp-ke,c*al.k*e,lp-k,lk*
Jalp-kelakipota,짧게라기보다,짤께,Jal.ge,lp-k,lg,1,0,,,1,lC+Obstruen,c*alp-kelakipota,c*al.k*e,lp-k,lk*
Jalp-ke,짧게,짤께,Jal.ge,lp-k,lg,1,0,,,1,lC+Obstruen,c*alp-ke,c*al.k*e,lp-k,lk*
Jalp-ko,짧고,짤께,Jal.ge,lp-k,lg,1,0,,,1,lC+Obstruen,c*alp-ko,c*al.k*e,lp-k,lk*
Jalp-ke,짧게,짤께,Jal.ge,lp-k,lg,1,0,,,1,lC+Obstruen,c*alp-ke,c*al.k*e,lp-k,lk*
Jalp-ke,짧게,짤께,Jal.ge,lp-k,lg,1,0,,,1,lC+Obstruen,c*alp-ke,c*al.k*e,lp-k,lk*
Jalp-ke,짧게,짤께,Jal.ge,lp-k,lg,1,0,,,1,lC+Obstruen,c*alp-ke,c*al.k*e,lp-k,lk*
Jalp-ke,짧게,짤께,Jal.ge,lp-k,lg,1,0,,,1,lC+Obstruen,c*alp-ke,c*al.k*e,lp-k,lk*
Jalp-ke,짧게,짤께,Jal.ge,lp-k,lg,1,0,,,1,lC+Obstruen,c*alp-ke,c*al.k*e,lp-k,lk*
Jalp-ke,짧게,짤께,Jal.ge,lp-k,lg,1,0,,,1,lC+Obstruen,c*alp-ke,c*al.k*e,lp-k,lk*
Jalp-kenama,짧게나마,짤께나마,Jal.ge.na.ma,lp-k,lg,1,0,,,1,lC+Obstruen,c*alp-kenama,c*al.k*e.na.ma,lp-k,lk*
Jalp-kenama,짧게나마,짤께나마,Jal.ge.na.ma,lp-k,lg,1,0,,,1,lC+Obstruen,c*alp-kenama,c*al.k*e.na.ma,lp-k,lk*
Jalp-kenama,짧게나마,짤께나마,Jal.ge.na.ma,lp-k,lg,1,0,,,1,lC+Obstruen,c*alp-kenama,c*al.k*e.na.ma,lp-k,lk*
Jalp-kenxn,짧게는,짤께는,Jal.ge.nxn,lp-k,lg,1,0,,,1,lC+Obstruen,c*alp-kenɨn,c*al.k*e.nɨn,lp-k,lk*
Jalp-kenxn,짧게는,짤께는,Jal.ge.nxn,lp-k,lg,1,0,,,1,lC+Obstruen,c*alp-kenɨn,c*al.k*e.nɨn,lp-k,lk*
Jalp-keto,짧게도,짤께도,Jal.ge.to,lp-k,lg,1,0,,,1,lC+Obstruen,c*alp-keto,c*al.k*e.to,lp-k,lk*
Jalp-kelato,짧게라도,짤께라도,Jal.ge.la.to,lp-k,lg,1,0,,,1,lC+Obstruen,c*alp-kelato,c*al.k*e.la.to,lp-k,lk*
Jalp-ko,짧고,짤꼬,Jal.go,lp-k,lg,1,0,,,1,lC+Obstruen,c*alp-ko,c*al.k*o,lp-k,lk*
Jalp-ko,짧고,짤꼬,Jal.go,lp-k,lg,1,0,,,1,lC+Obstruen,c*alp-ko,c*al.k*o,lp-k,lk*
Jalp-ko,짧고,짤꼬,Jal.go,lp-k,lg,1,0,,,1,lC+Obstruen,c*alp-ko,c*al.k*o,lp-k,lk*
Jalp-ko,짧고,짤꼬,Jal.go,lp-k,lg,1,0,,,1,lC+Obstruen,c*alp-ko,c*al.k*o,lp-k,lk*
Jalp-ko,짧고,짤꼬,Jal.go,lp-k,lg,1,0,,,1,lC+Obstruen,c*alp-ko,c*al.k*o,lp-k,lk*
Jalp-ko,짧고,짤꼬,Jal.go,lp-k,lg,1,0,,,1,lC+Obstruen,c*alp-ko,c*al.k*o,lp-k,lk*
Jalp-ko,짧고,짤꼬,Jal.go,lp-k,lg,1,0,,,1,lC+Obstruen,c*alp-ko,c*al.k*o,lp-k,lk*
Jalp-ko,짧고,짤꼬,Jal.go,lp-k,lg,1,0,,,1,lC+Obstruen,c*alp-ko,c*al.k*o,lp-k,lk*
Jalp-ko,짧고,짤꼬,Jal.go,lp-k,lg,1,0,,,1,lC+Obstruen,c*alp-ko,c*al.k*o,lp-k,lk*
Jalp-ko,짧고,짤꼬,Jal.go,lp-k,lg,1,0,,,1,lC+Obstruen,c*alp-ko,c*al.k*o,lp-k,lk*
Jalp-ko,짧고,짤꼬,Jal.go,lp-k,lg,1,0,,,1,lC+Obstruen,c*alp-ko,c*al.k*o,lp-k,lk*
Jalp-ki,짧기,짤끼,Jal.gi,lp-k,lg,1,0,,,1,lC+Obstruen,c*alp-ki,c*al.k*i,lp-k,lk*
Jalp-kito,짧기도,짤끼도,Jal.gi.to,lp-k,lg,1,0,,,1,lC+Obstruen,c*alp-kito,c*al.k*i.to,lp-k,lk*
Jalp-kin,짧긴,짤낀,Jal.gin,lp-k,lg,1,0,,,1,lC+Obstruen,c*alp-kin,c*al.k*in,lp-k,lk*
Jalp-ta,짧다,짤따,Jal.da,lp-t,ld,1,0,,,1,lC+Obstruen,c*alp-ta,c*al.t*a,lp-t,lt*
Jalp-ta,짧다,짤따,Jal.da,lp-t,ld,1,0,,,1,lC+Obstruen,c*alp-ta,c*al.t*a,lp-t,lt*
Jalp-takvna,짧다거나,짤따거나,Jal.da.kv.na,lp-t,ld,1,0,,,1,lC+Obstruen,c*alp-takʌna,c*al.t*a.kʌ.na,lp-t,lt*
Jalp-tako,짧다고,짤따고,Jal.da.ko,lp-t,ld,1,0,,,1,lC+Obstruen,c*alp-tako,c*al.t*a.ko,lp-t,lt*
Jalp-tako,짧다고,짤따고,Jal.da.ko,lp-t,ld,1,0,,,1,lC+Obstruen,c*alp-tako,c*al.t*a.ko,lp-t,lt*
Jalp-tako,짧다고,짤따고,Jal.da.ko,lp-t,ld,1,0,,,1,lC+Obstruen,c*alp-tako,c*al.t*a.ko,lp-t,lt*
Jalp-tako,짧다고,짤따고,Jal.da.ko,lp-t,ld,1,0,,,1,lC+Obstruen,c*alp-tako,c*al.t*a.ko,lp-t,lt*
Jalp-tanxn,짧다는,짤따는,Jal.da.nxn,lp-t,ld,1,0,,,1,lC+Obstruen,c*alp-tanɨn,c*al.t*a.nɨn,lp-t,lt*
Jalp-tamyvn,짧다면,짤따면,Jal.da.myvn,lp-t,ld,1,0,,,1,lC+Obstruen,c*alp-tamjʌn,c*al.t*a.mjʌn,lp-t,lt*
Jalp-txn,짧든,짤뜬,Jal.dxn,lp-t,ld,1,0,,,1,lC+Obstruen,c*alp-tɨn,c*al.t*ɨn,lp-t,lt*
Jalp-canha,짧잖아,짤짜나,Jal.Ja.na,lp-c,lJ,1,0,,,1,lC+Obstruen,c*alp-canha,c*al.c*a.na,lp-c,lc*
Jalp-canhayo,짧잖아요,짤짜나요,Jal.Ja.na.yo,lp-c,lJ,1,0,,,1,lC+Obstruen,c*alp-canhajo,c*al.c*a.na.jo,lp-c,lc*
Jalpci,짧지,짤찌,Jal.Ji,lp-t,ld,1,0,,,1,lC+Obstruen,c*alpci,c*al.c*i,lp-t,lt*
Jalp-ciman,짧지만,짤찌만,Jal.Ji.man,lp-c,lJ,1,0,,,1,lC+Obstruen,c*alp-ciman,c*al.c*i.man,lp-c,lc*
Jalpcimanxn,짧지만은,짤찌마는,Jal.Ji.ma.nxn,lp-t,ld,1,0,,,1,lC+Obstruen,c*alpcimanɨn,c*al.c*i.ma.nɨn,lp-t,lt*
Jalp-ciman,짧지만,짤찌만,Jal.Ji.man,lp-c,lJ,1,0,,,1,lC+Obstruen,c*alp-ciman,c*al.c*i.man,lp-c,lc*
Jalp-ciman,짧지만,짤찌만,Jal.Ji.man,lp-c,lJ,1,0,,,1,lC+Obstruen,c*alp-ciman,c*al.c*i.man,lp-c,lc*
Jalp-ke,짧게,짧게,Jalp.ke,lp-k,lpk,0,0,,,0,lC+Obstruen,c*alp-ke,c*alp.ke,lp-k,lpk
Jalp-ke,짧게,짧께,Jalp.ge,lp-k,lpg,0,0,,,1,lC+Obstruen,c*alp-ke,c*alp.k*e,lp-k,lpk*
Jalp-ke,짧게,짧께,Jalp.ge,lp-k,lpg,0,0,,,1,lC+Obstruen,c*alp-ke,c*alp.k*e,lp-k,lpk*
Jalp-ke,짧게,짧께,Jalp.ge,lp-k,lpg,0,0,,,1,lC+Obstruen,c*alp-ke,c*alp.k*e,lp-k,lpk*
Jalp-ke,짧게,짧께,Jalp.ge,lp-k,lpg,0,0,,,1,lC+Obstruen,c*alp-ke,c*alp.k*e,lp-k,lpk*
Jalp-ke,짧게,짧께,Jalp.ge,lp-k,lpg,0,0,,,1,lC+Obstruen,c*alp-ke,c*alp.k*e,lp-k,lpk*
Jalp-ke,짧게,짧께,Jalp.ge,lp-k,lpg,0,0,,,1,lC+Obstruen,c*alp-ke,c*alp.k*e,lp-k,lpk*
Jalp-ke,짧게,짧께,Jalp.ge,lp-k,lpg,0,0,,,1,lC+Obstruen,c*alp-ke,c*alp.k*e,lp-k,lpk*
Jalp-ke,짧게,짧께,Jalp.ge,lp-k,lpg,0,0,,,1,lC+Obstruen,c*alp-ke,c*alp.k*e,lp-k,lpk*
Jalp-ke,짧게,짧께,Jalp.ge,lp-k,lpg,0,0,,,1,lC+Obstruen,c*alp-ke,c*alp.k*e,lp-k,lpk*
Jalp-ke,짧게,짧께,Jalp.ge,lp-k,lpg,0,0,,,1,lC+Obstruen,c*alp-ke,c*alp.k*e,lp-k,lpk*
Jalp-ke,짧게,짧께,Jalp.ge,lp-k,lpg,0,0,,,1,lC+Obstruen,c*alp-ke,c*alp.k*e,lp-k,lpk*
Jalp-ke,짧게,짧께,Jalp.ge,lp-k,lpg,0,0,,,1,lC+Obstruen,c*alp-ke,c*alp.k*e,lp-k,lpk*
Jalp-ke,짧게,짧께,Jalp.ge,lp-k,lpg,0,0,,,1,lC+Obstruen,c*alp-ke,c*alp.k*e,lp-k,lpk*
Jalp-ke,짧게,짧께,Jalp.ge,lp-k,lpg,0,0,,,1,lC+Obstruen,c*alp-ke,c*alp.k*e,lp-k,lpk*
Jalp-ke,짧게,짧께,Jalp.ge,lp-k,lpg,0,0,,,1,lC+Obstruen,c*alp-ke,c*alp.k*e,lp-k,lpk*
Jalp-ke,짧게,짧께,Jalp.ge,lp-k,lpg,0,0,,,1,lC+Obstruen,c*alp-ke,c*alp.k*e,lp-k,lpk*
Jalp-ke,짧게,짧께,Jalp.ge,lp-k,lpg,0,0,,,1,lC+Obstruen,c*alp-ke,c*alp.k*e,lp-k,lpk*
Jalp-kenxn,짧게는,짧께는,Jalp.ge.nxn,lp-k,lpg,0,0,,,1,lC+Obstruen,c*alp-kenɨn,c*alp.k*e.nɨn,lp-k,lpk*
Jalp-kenxn,짧게는,짧께는,Jalp.ge.nxn,lp-k,lpg,0,0,,,1,lC+Obstruen,c*alp-kenɨn,c*alp.k*e.nɨn,lp-k,lpk*
Jalp-kenxn,짧게는,짧께는,Jalp.ge.nxn,lp-k,lpg,0,0,,,1,lC+Obstruen,c*alp-kenɨn,c*alp.k*e.nɨn,lp-k,lpk*
Jalp-ko,짧고,짧꼬,Jalp.go,lp-k,lpg,0,0,,,1,lC+Obstruen,c*alp-ko,c*alp.k*o,lp-k,lpk*
Jalp-ko,짧고,짧꼬,Jalp.go,lp-k,lpg,0,0,,,1,lC+Obstruen,c*alp-ko,c*alp.k*o,lp-k,lpk*
Jalp-ko,짧고,짧꼬,Jalp.go,lp-k,lpg,0,0,,,1,lC+Obstruen,c*alp-ko,c*alp.k*o,lp-k,lpk*
Jalp-tamyvn,짧다면,짧따면,Jalp.da.myvn,lp-t,lpd,0,0,,,1,lC+Obstruen,c*alp-tamjʌn,c*alp.t*a.mjʌn,lp-t,lpt*
Jalp-canha,짧잖아,짧짜나,Jalp.Ja.na,lp-c,lpJ,0,0,,,1,lC+Obstruen,c*alp-canha,c*alp.c*a.na,lp-c,lpc*
Jalp-cin,짧진,짧찐,Jalp.Jin,lp-c,lpJ,0,0,,,1,lC+Obstruen,c*alp-cin,c*alp.c*in,lp-c,lpc*
Jalp-ke,짧게,짭께,Jap.ge,lp-k,pg,0,1,,,1,lC+Obstruen,c*alp-ke,c*ap.k*e,lp-k,pk*
Jalp-ke,짧게,짭께,Jap.ge,lp-k,pg,0,1,,,1,lC+Obstruen,c*alp-ke,c*ap.k*e,lp-k,pk*
Jalp-ke,짧게,짭께,Jap.ge,lp-k,pg,0,1,,,1,lC+Obstruen,c*alp-ke,c*ap.k*e,lp-k,pk*
Jalp-ke,짧게,짭께,Jap.ge,lp-k,pg,0,1,,,1,lC+Obstruen,c*alp-ke,c*ap.k*e,lp-k,pk*
Jalp-kenama,짧게나마,짭께나마,Jap.ge.na.ma,lp-k,pg,0,1,,,1,lC+Obstruen,c*alp-kenama,c*ap.k*e.na.ma,lp-k,pk*
Jalp-ko,짧고,짭꼬,Jap.go,lp-k,pg,0,1,,,1,lC+Obstruen,c*alp-ko,c*ap.k*o,lp-k,pk*
Jalp-ko,짧고,짭꼬,Jap.go,lp-k,pg,0,1,,,1,lC+Obstruen,c*alp-ko,c*ap.k*o,lp-k,pk*
Jalp-kito,짧기도,짭끼도,Jap.gi.to,lp-k,pg,0,1,,,1,lC+Obstruen,c*alp-kito,c*ap.k*i.to,lp-k,pk*
Jalp-cito,짧지도,짭찌도,Jap.Ji.to,lp-c,pJ,0,1,,,1,lC+Obstruen,c*alp-cito,c*ap.c*i.to,lp-c,pc*
Poknvlp-ke,폭넓게,폭널께,Pok.nvl.ge,lp-k,lg,1,0,,,1,lC+Obstruen,pʰoknʌlp-ke,pʰok.nʌl.k*e,lp-k,lk*
Poknvlp-ke,폭넓게,폭널께,Pok.nvl.ge,lp-k,lg,1,0,,,1,lC+Obstruen,pʰoknʌlp-ke,pʰok.nʌl.k*e,lp-k,lk*
Poknvlp-ke,폭넓게,폭널께,Pok.nvl.ge,lp-k,lg,1,0,,,1,lC+Obstruen,pʰoknʌlp-ke,pʰok.nʌl.k*e,lp-k,lk*
Poknvlp-ke,폭넓게,폭널께,Pok.nvl.ge,lp-k,lg,1,0,,,1,lC+Obstruen,pʰoknʌlp-ke,pʰok.nʌl.k*e,lp-k,lk*
Poknvlp-ke,폭넓게,폭널께,Pok.nvl.ge,lp-k,lg,1,0,,,1,lC+Obstruen,pʰoknʌlp-ke,pʰok.nʌl.k*e,lp-k,lk*
Poknvlp-ke,폭넓게,폭널께,Pok.nvl.ge,lp-k,lg,1,0,,,1,lC+Obstruen,pʰoknʌlp-ke,pʰok.nʌl.k*e,lp-k,lk*
Poknvlp-ke,폭넓게,폭넓께,Pok.nvlp.ge,lp-k,lpg,0,0,,,1,lC+Obstruen,pʰoknʌlp-ke,pʰok.nʌlp.k*e,lp-k,lpk*
halT-ke,핥게,할께,hal.ge,lT-k,lg,1,0,,,1,lC+Obstruen,haltʰ-ke,hal.k*e,ltʰ-k,lk*
halT-ko,핥고,할꼬,hal.go,lT-k,lg,1,0,,,1,lC+Obstruen,haltʰ-ko,hal.k*o,ltʰ-k,lk*
halT-ko,핥고,할꼬,hal.go,lT-k,lg,1,0,,,1,lC+Obstruen,haltʰ-ko,hal.k*o,ltʰ-k,lk*
hemalk-tvn,해맑던,해말떤,he.mal.dvn,lk-t,ld,1,0,,,1,lC+Obstruen,hemalk-tʌn,he.mal.t*ʌn,lk-t,lt*
hemalk-tako,해맑다고,해맑따고,he.malk.da.ko,lk-t,lkd,0,0,,,1,lC+Obstruen,hemalk-tako,he.malk.t*a.ko,lk-t,lkt*
hulT-ko,훑고,훌코,hul.Ko,lT-k,lK,1,0,,,0,lC+Obstruen,hultʰ-ko,hul.kʰo,ltʰ-k,lkʰ
talm-ko,닮고,담꼬,tam.go,lm-k,mg,0,1,,,1,lC+Obstruen,talm-ko,tam.k*o,lm-k,mk*
palk-ko,밝고,밝꼬,palk.go,lk-k,lkg,0,0,,,1,lC+Obstruen,palk-ko,palk.k*o,lk-k,lkk*
Jalp-ta,짧다,짧따,Jalp.da,lp-t,lpd,0,0,,,1,lC+Obstruen,c*alp-ta,c*alp.t*a,lp-t,lpt*
Jalp-talanxn,짧다라는,짤떠라는,Jal.dv.la.nxn,lp-t,ld,1,0,,,1,lC+Obstruen,c*alp-talanɨn,c*al.t*ʌ.la.nɨn,lp-t,lt*
kvThalT-kisikxlo,겉핥기식으로,거탈끼시그로,kv.Tal.gi.si.kx.lo,lT-k,lg,1,0,,,1,lC+Obstruen,kʌtʰhaltʰ-kisikɨlo,kʌ.tʰal.k*i.si.kɨ.lo,ltʰ-k,lk*
kvThalT-kisikxlo,겉핥기식으로,거탈끼시그로,kv.Tal.gi.si.kx.lo,lT-k,lg,1,0,,,1,lC+Obstruen,kʌtʰhaltʰ-kisikɨlo,kʌ.tʰal.k*i.si.kɨ.lo,ltʰ-k,lk*
Jalp-ke,짧게,짧께,Jalp.ge,lp-k,lpg,0,0,,,1,lC+Obstruen,c*alp-ke,c*alp.k*e,lp-k,lpk*
kvThalT-kilo,겉핥기로,걷탈끼로,kvt.Tal.gi.lo,lT-k,lg,1,0,,,1,lC+Obstruen,kʌtʰhaltʰ-kilo,kʌt.tʰal.k*i.lo,ltʰ-k,lk*
talm-ko,닮고,담꼬,tam.go,lm-k,mg,0,1,,,1,lC+Obstruen,talm-ko,tam.k*o,lm-k,mk*
Jalp-tvlakoyo,짧더라고요,짤떠라고요,Jal.dv.la.ko.yo,lp-t,ld,1,0,,,1,lC+Obstruen,c*alp-tʌlakojo,c*al.t*ʌ.la.ko.jo,lp-t,lt*
kvThalT-kisikxlo,겉핥기식으로,걷탈기시그로,kvt.Tal.ki.si.kx.lo,lT-k,lk,1,0,,,0,lC+Obstruen,kʌtʰhaltʰ-kisikɨlo,kʌt.tʰal.ki.si.kɨ.lo,ltʰ-k,lk
kulm-ko,굶고,굶꼬,kulm.go,lm-k,lmg,0,0,,,1,lC+Obstruen,kulm-ko,kulm.k*o,lm-k,lmk*
kvThalT-kisikxlo,겉핥기식으로,거탈기시그로,kv.Tal.ki.si.kx.lo,lT-k,lk,1,0,,,0,lC+Obstruen,kʌtʰhaltʰ-kisikɨlo,kʌ.tʰal.ki.si.kɨ.lo,ltʰ-k,lk
kvThalT-kisikxlo,겉핥기식으로,거탈끼시그로,kv.Tal.gi.si.kx.lo,lT-k,lg,1,0,,,1,lC+Obstruen,kʌtʰhaltʰ-kisikɨlo,kʌ.tʰal.k*i.si.kɨ.lo,ltʰ-k,lk*
ilk-ko,읽고,일꼬,il.go,lk-k,lg,1,0,,,1,lC+Obstruen,ilk-ko,il.k*o,lk-k,lk*
palk-ko,밝고,밝꼬,palk.go,lk-k,lkg,0,0,,,1,lC+Obstruen,palk-ko,palk.k*o,lk-k,lkk*
yalp-ke,얇게,얄께,yal.ge,lp-k,lg,1,0,,,1,lC+Obstruen,jalp-ke,jal.k*e,lp-k,lk*
kxlk-canha,긁잖아,글자나,kxl.ca.na,lk-c,lc,1,0,,,0,lC+Obstruen,kɨlk-canha,kɨl.ca.na,lk-c,lc
kxlk-canha,긁잖아,긁짜나,kxlk.Ja.na,lk-c,lkJ,0,0,,,1,lC+Obstruen,kɨlk-canha,kɨlk.c*a.na,lk-c,lkc*
malk-tvlakoyo,맑더라고요,막떠라고요,mak.dv.la.ko.yo,lk-t,kd,0,1,,,1,lC+Obstruen,malk-tʌlakojo,mak.t*ʌ.la.ko.jo,lk-t,kt*
nvlp-ko,넓고,넑꼬,nvlk.go,lp-k,lkg,0,0,,,1,lC+Obstruen,nʌlp-ko,nʌlk.k*o,lp-k,lkk*
palp-ko,밟고,박꼬,pak.go,lp-k,kg,0,1,,,1,lC+Obstruen,palp-ko,pak.k*o,lp-k,kk*
nvlp-tan,넓단,넓딴,nvlp.dan,lp-t,lpd,0,0,,,1,lC+Obstruen,nʌlp-tan,nʌlp.t*an,lp-t,lpt*
kulm-ko,굶고,굶꼬,kulm.go,lm-k,lmg,0,0,,,1,lC+Obstruen,kulm-ko,kulm.k*o,lm-k,lmk*
palp-ko,밟고,밟꼬,palp.go,lp-k,lpg,0,0,,,1,lC+Obstruen,palp-ko,palp.k*o,lp-k,lpk*
nvlpkito,넓기도,넑끼도,nvlk.gi.to,lk-g,lkg,0,0,,,1,lC+Obstruen,nʌlpkito,nʌlk.k*i.to,lk-k*,lkk*
palk-ko,밝고,밝꼬,palk.go,lk-k,lkg,0,0,,,1,lC+Obstruen,palk-ko,palk.k*o,lk-k,lkk*
palk-tvla,밝더라,발떠라,pal.dv.la,lk-t,ld,1,0,,,1,lC+Obstruen,palk-tʌla,pal.t*ʌ.la,lk-t,lt*
nvlp-ko,넓고,넓꼬,nvlp.go,lp-k,lpg,0,0,,,1,lC+Obstruen,nʌlp-ko,nʌlp.k*o,lp-k,lpk*
kulk-ko,굵고,굵꼬,kulk.go,lk-k,lkg,0,0,,,1,lC+Obstruen,kulk-ko,kulk.k*o,lk-k,lkk*
kulk-ko,굵고,굵꼬,kulk.go,lk-k,lkg,0,0,,,1,lC+Obstruen,kulk-ko,kulk.k*o,lk-k,lkk*
kulk-cikkulkcikhake,굵직굵직하게,굵찍굵찍카게,kulk.Jik.kulk.Jik.Ka.ke,lk-c,lkJ,0,0,,,1,lC+Obstruen,kulk-cikkulkcikhake,kulk.c*ik.kulk.c*ik.kʰa.ke,lk-c,lkc*
kulm-ko,굶고,굼꼬,kum.go,lm-k,mg,0,1,,,1,lC+Obstruen,kulm-ko,kum.k*o,lm-k,mk*
kulm-ko,굶고,굼꾸,kum.gu,lm-k,mg,0,1,,,1,lC+Obstruen,kulm-ko,kum.k*u,lm-k,mk*
kulm-ko,굶고,굼꾸,kum.gu,lm-k,mg,0,1,,,1,lC+Obstruen,kulm-ko,kum.k*u,lm-k,mk*
kulm-ko,굶고,굼꼬,kum.go,lm-k,mg,0,1,,,1,lC+Obstruen,kulm-ko,kum.k*o,lm-k,mk*
kulm-konxn,굶고는,굼꾸는,kum.gu.nxn,lm-k,mg,0,1,,,1,lC+Obstruen,kulm-konɨn,kum.k*u.nɨn,lm-k,mk*
kulm-txnci,굶든지,굼뜬지,kum.dxn.ci,lm-t,md,0,1,,,1,lC+Obstruen,kulm-tɨnci,kum.t*ɨn.ci,lm-t,mt*
kulm-ci,굶지,굼찌,kum.Ji,lm-c,mJ,0,1,,,1,lC+Obstruen,kulm-ci,kum.c*i,lm-c,mc*
Jalp-ke,짧게,짧께,Jalp.ge,lp-k,lpg,0,0,,,1,lC+Obstruen,c*alp-ke,c*alp.k*e,lp-k,lpk*
Jalp-ke,짧게,짥께,Jalk.ge,lp-k,lkg,0,0,,,1,lC+Obstruen,c*alp-ke,c*alk.k*e,lp-k,lkk*
ilk-ta,읽다,읽따,ilk.da,lk-t,lkd,0,0,,,1,lC+Obstruen,ilk-ta,ilk.t*a,lk-t,lkt*
ilk-ta,읽다,익따,ik.da,lk-t,kd,0,1,,,1,lC+Obstruen,ilk-ta,ik.t*a,lk-t,kt*
ilk-ko,읽고,일꼬,il.go,lk-k,lg,1,0,,,1,lC+Obstruen,ilk-ko,il.k*o,lk-k,lk*
Jalp-ko,짧고,짤꼬,Jal.go,lp-k,lg,1,0,,,1,lC+Obstruen,c*alp-ko,c*al.k*o,lp-k,lk*
ilk-ko,읽고,일꼬,il.go,lk-k,lg,1,0,,,1,lC+Obstruen,ilk-ko,il.k*o,lk-k,lk*
cvlm-tanxn,젊다는,젊따는,cvlm.da.nxn,lm-t,md,0,1,,,1,lC+Obstruen,cʌlm-tanɨn,cʌlm.t*a.nɨn,lm-t,mt*
yalp-ke,얇게,얄께,yal.ge,lp-k,lg,1,0,,,1,lC+Obstruen,jalp-ke,jal.k*e,lp-k,lk*
palp-ci,밟지,발찌,pal.Ji,lp-c,lJ,1,0,,,1,lC+Obstruen,palp-ci,pal.c*i,lp-c,lc*
ilk-ci,읽지,일찌,il.Ji,lk-c,lJ,1,0,,,1,lC+Obstruen,ilk-ci,il.c*i,lk-c,lc*
ilk-ko,읽고,일꼬,il.go,lk-k,lg,1,0,,,1,lC+Obstruen,ilk-ko,il.k*o,lk-k,lk*
ilk-ko,읽고,일꼬,il.go,lk-k,lg,1,0,,,1,lC+Obstruen,ilk-ko,il.k*o,lk-k,lk*
nvlp-ko,넓고,널꼬,nvl.go,lp-k,lg,1,0,,,1,lC+Obstruen,nʌlp-ko,nʌl.k*o,lp-k,lk*
ilk-ko,읽고,일꼬,il.go,lk-k,lg,1,0,,,1,lC+Obstruen,ilk-ko,il.k*o,lk-k,lk*
palp-ko,밟고,발꼬,pal.go,lp-k,lg,1,0,,,1,lC+Obstruen,palp-ko,pal.k*o,lp-k,lk*
Jalp-ke,짧게,짥께,Jalk.ge,lp-k,lkg,0,0,,,1,lC+Obstruen,c*alp-ke,c*alk.k*e,lp-k,lkk*
kvThalT-kisikxlo,겉핥기식으로,걷탈끼시그로,kvt.Tal.gi.si.kx.lo,lT-k,lg,1,0,,,0,lC+Obstruen,kʌtʰhaltʰ-kisikɨlo,kʌt.tʰal.k*i.si.kɨ.lo,ltʰ-k,lk*
talm-ko,닮고,담꼬,tam.go,lm-k,mg,0,1,,,1,lC+Obstruen,talm-ko,tam.k*o,lm-k,mk*
palk-ke,밝게,밝께,palk.ge,lk-k,lkg,0,0,,,1,lC+Obstruen,palk-ke,palk.k*e,lk-k,lkk*
pulk-ke,붉게,붉께,pulk.ge,lk-k,lkg,0,0,,,1,lC+Obstruen,pulk-ke,pulk.k*e,lk-k,lkk*
ilk-ci,읽지,읽찌,ilk.Ji,lk-c,lkJ,0,0,,,1,lC+Obstruen,ilk-ci,ilk.c*i,lk-c,lkc*
nvlp-ci,넓지,넓찌,nvlp.Ji,lp-c,lpJ,0,0,,,1,lC+Obstruen,nʌlp-ci,nʌlp.c*i,lp-c,lpc*
palk-ke,밝게,밝께,palk.ge,lk-k,lkg,0,0,,,1,lC+Obstruen,palk-ke,palk.k*e,lk-k,lkk*
yalp-ke,얇게,얅께,yalk.ge,lp-k,lkg,0,0,,,1,lC+Obstruen,jalp-ke,jalk.k*e,lp-k,lkk*
Jalp-ta,짧다,짤따,Jal.da,lp-t,ld,1,0,,,1,lC+Obstruen,c*alp-ta,c*al.t*a,lp-t,lt*
Jalp-ke,짧게,짥께,Jalk.ge,lp-k,lkg,0,0,,,1,lC+Obstruen,c*alp-ke,c*alk.k*e,lp-k,lkk*
Jalp-keto,짧게도,짤께도,Jal.ge.to,lp-k,lg,1,0,,,1,lC+Obstruen,c*alp-keto,c*al.k*e.to,lp-k,lk*
Jalp-ke,짧게,짤께,Jal.ge,lp-k,lg,1,0,,,1,lC+Obstruen,c*alp-ke,c*al.k*e,lp-k,lk*
ilk-ke,읽게,일께,il.ge,lk-k,lg,1,0,,,1,lC+Obstruen,ilk-ke,il.k*e,lk-k,lk*
ilk-ci,읽지,일찌,il.Ji,lk-c,lJ,1,0,,,1,lC+Obstruen,ilk-ci,il.c*i,lk-c,lc*
palk-ke,밝게,밝께,palk.ge,lk-k,lkg,0,0,,,1,lC+Obstruen,palk-ke,palk.k*e,lk-k,lkk*
talm-ko,닮고,담꼬,tam.go,lm-k,mg,0,1,,,1,lC+Obstruen,talm-ko,tam.k*o,lm-k,mk*
ilk-ko,읽고,읽꼬,ilk.go,lk-k,lkg,0,0,,,1,lC+Obstruen,ilk-ko,ilk.k*o,lk-k,lkk*
ilk-ko,읽고,일꼬,il.go,lk-k,lg,1,0,,,1,lC+Obstruen,ilk-ko,il.k*o,lk-k,lk*
Jalp-ke,짧게,짤께,Jal.ge,lp-k,lg,1,0,,,1,lC+Obstruen,c*alp-ke,c*al.k*e,lp-k,lk*
nvlp-kin,넓긴,넓낀,nvlp.gin,lp-k,lpg,0,0,,,1,lC+Obstruen,nʌlp-kin,nʌlp.k*in,lp-k,lpk*
Jalp-ke,짧게,짥께,Jalk.ge,lp-k,lkg,0,0,,,1,lC+Obstruen,c*alp-ke,c*alk.k*e,lp-k,lkk*
ilk-ko,읽고,일꼬,il.go,lk-k,lg,1,0,,,1,lC+Obstruen,ilk-ko,il.k*o,lk-k,lk*
Jalp-taka,짧다가,짤따가,Jal.da.ka,lp-t,ld,1,0,,,1,lC+Obstruen,c*alp-taka,c*al.t*a.ka,lp-t,lt*
Jalp-ke,짧게,짧께,Jalp.ge,lp-k,lpg,0,0,,,1,lC+Obstruen,c*alp-ke,c*alp.k*e,lp-k,lpk*
Jalp-ke,짧게,짧께,Jalp.ge,lp-k,lpg,0,0,,,1,lC+Obstruen,c*alp-ke,c*alp.k*e,lp-k,lpk*
Jalp-ke,짧게,짤께,Jal.ge,lp-k,lg,1,0,,,1,lC+Obstruen,c*alp-ke,c*al.k*e,lp-k,lk*
ilk-ko,읽고,일꼬,il.go,lk-k,lg,1,0,,,1,lC+Obstruen,ilk-ko,il.k*o,lk-k,lk*
nvlp-ta,넓다,널따,nvl.da,lp-t,ld,1,0,,,1,lC+Obstruen,nʌlp-ta,nʌl.t*a,lp-t,lt*
Jalp-ke,짧게,짧께,Jalp.ge,lp-k,lpg,0,0,,,1,lC+Obstruen,c*alp-ke,c*alp.k*e,lp-k,lpk*
malk-sxpniga,맑습니까,말씀니까,mal.Sxm.ni.ga,lk-s,lS,1,0,,,1,lC+Obstruen,malk-sɨpnik*a,mal.s*ɨm.ni.k*a,lk-s,ls*
nxlk-ko,늙고,늑꾸,nxk.gu,lk-k,kg,0,1,,,1,lC+Obstruen,nɨlk-ko,nɨk.k*u,lk-k,kk*
talm-ko,닮고,담꼬,tam.go,lm-k,mg,0,1,,,1,lC+Obstruen,talm-ko,tam.k*o,lm-k,mk*
cvlm-ko,젊고,젊꼬,cvlm.go,lm-k,lmg,0,0,,,1,lC+Obstruen,cʌlm-ko,cʌlm.k*o,lm-k,lmk*
Jalp-ke,짧게,짧께,Jalp.ge,lp-k,lpg,0,0,,,1,lC+Obstruen,c*alp-ke,c*alp.k*e,lp-k,lpk*
palk-ko,밝고,발꼬,pal.go,lk-k,lg,1,0,,,1,lC+Obstruen,palk-ko,pal.k*o,lk-k,lk*
hulT-kito,훑기도,훌끼도,hul.gi.to,lT-k,lg,1,0,,,1,lC+Obstruen,hultʰ-kito,hul.k*i.to,ltʰ-k,lk*
ilk-kvna,읽거나,일꺼나,il.gv.na,lk-k,lg,1,0,,,1,lC+Obstruen,ilk-kʌna,il.k*ʌ.na,lk-k,lk*
Jalp-ke,짧게,짤께,Jal.ge,lp-k,lg,1,0,,,1,lC+Obstruen,c*alp-ke,c*al.k*e,lp-k,lk*
ilk-ko,읽고,일꼬,il.go,lk-k,lg,1,0,,,1,lC+Obstruen,ilk-ko,il.k*o,lk-k,lk*
Jalp-ke,짧게,짥께,Jalk.ge,lp-k,lkg,0,0,,,1,lC+Obstruen,c*alp-ke,c*alk.k*e,lp-k,lkk*
talm-ci,닮지,담찌,tam.Ji,lm-c,mJ,0,1,,,1,lC+Obstruen,talm-ci,tam.c*i,lm-c,mc*
talm-ko,닮고,닮꼬,talm.go,lm-k,lmg,0,0,,,1,lC+Obstruen,talm-ko,talm.k*o,lm-k,lmk*
Jalp-ke,짧게,짤께,Jal.ge,lp-k,lg,1,0,,,1,lC+Obstruen,c*alp-ke,c*al.k*e,lp-k,lk*
Poknvlp-ke,폭넓게,퐁넉께,PoN.nvk.ge,lp-k,kg,0,1,,,1,lC+Obstruen,pʰoknʌlp-ke,pʰoŋ.nʌk.k*e,lp-k,kk*
Poknvlp-ke,폭넓게,퐁넓께,PoN.nvlp.ge,lp-k,lpg,0,0,,,1,lC+Obstruen,pʰoknʌlp-ke,pʰoŋ.nʌlp.k*e,lp-k,lpk*
Jalp-ke,짧게,짧께,Jalp.ge,lp-k,lpg,0,0,,,1,lC+Obstruen,c*alp-ke,c*alp.k*e,lp-k,lpk*
Poknvlp-ke,폭넓게,퐁널께,PoN.nvl.ge,lp-k,lg,1,0,,,1,lC+Obstruen,pʰoknʌlp-ke,pʰoŋ.nʌl.k*e,lp-k,lk*
ilk-kin,읽긴,읽낀,ilk.gin,lk-k,lkg,0,0,,,1,lC+Obstruen,ilk-kin,ilk.k*in,lk-k,lkk*
yalp-ke,얇게,얄께,yal.ge,lp-k,lg,1,0,,,1,lC+Obstruen,jalp-ke,jal.k*e,lp-k,lk*
talm-ko,닮고,담꼬,tam.go,lm-k,mg,0,1,,,1,lC+Obstruen,talm-ko,tam.k*o,lm-k,mk*
palk-ko,밝고,발꼬,pal.go,lk-k,lg,1,0,,,1,lC+Obstruen,palk-ko,pal.k*o,lk-k,lk*
Jalp-ke,짧게,짤께,Jal.ge,lp-k,lg,1,0,,,1,lC+Obstruen,c*alp-ke,c*al.k*e,lp-k,lk*
cvlm-ko,젊고,젊꼬,cvlm.go,lm-k,lmg,0,0,,,1,lC+Obstruen,cʌlm-ko,cʌlm.k*o,lm-k,lmk*
Jalp-ke,짧게,짧께,Jalp.ge,lp-k,lpg,0,0,,,1,lC+Obstruen,c*alp-ke,c*alp.k*e,lp-k,lpk*
palp-kito,밟기도,발끼도,pal.gi.to,lp-k,lg,1,0,,,1,lC+Obstruen,palp-kito,pal.k*i.to,lp-k,lk*
ilk-ko,읽고,읽꼬,ilk.go,lk-k,lkg,0,0,,,1,lC+Obstruen,ilk-ko,ilk.k*o,lk-k,lkk*
Jalp-ke,짧게,짤께,Jal.ge,lp-k,lg,1,0,,,1,lC+Obstruen,c*alp-ke,c*al.k*e,lp-k,lk*
cvlm-canhayo,젊잖아요,점짜나요,cvm.Ja.na.yo,lm-c,mJ,0,1,,,1,lC+Obstruen,cʌlm-canhajo,cʌm.c*a.na.jo,lm-c,mc*
talm-kin,닮긴,담낀,tam.gin,lm-k,mg,0,1,,,1,lC+Obstruen,talm-kin,tam.k*in,lm-k,mk*
palp-ko,밟고,발꼬,pal.go,lp-k,lg,1,0,,,1,lC+Obstruen,palp-ko,pal.k*o,lp-k,lk*
talm-ko,닮고,당꼬,taN.go,lm-k,Ng,0,1,,,1,lC+Obstruen,talm-ko,taŋ.k*o,lm-k,ŋk*
Jalp-ke,짧게,짤께,Jal.ge,lp-k,lg,1,0,,,1,lC+Obstruen,c*alp-ke,c*al.k*e,lp-k,lk*
cvlm-ki,젊기,점끼,cvm.gi,lm-k,mg,0,1,,,1,lC+Obstruen,cʌlm-ki,cʌm.k*i,lm-k,mk*
talm-ko,닮고,담꾸,tam.gu,lm-k,mg,0,1,,,1,lC+Obstruen,talm-ko,tam.k*u,lm-k,mk*
Jalp-ke,짧게,짤께,Jal.ge,lp-k,lg,1,0,,,1,lC+Obstruen,c*alp-ke,c*al.k*e,lp-k,lk*
Jalp-ke,짧게,짤께,Jal.ge,lp-k,lg,1,0,,,1,lC+Obstruen,c*alp-ke,c*al.k*e,lp-k,lk*
Jalp-ke,짧게,짧께,Jalp.ge,lp-k,lpg,0,0,,,1,lC+Obstruen,c*alp-ke,c*alp.k*e,lp-k,lpk*
ilk-ko,읽고,일꼬,il.go,lk-k,lg,1,0,,,1,lC+Obstruen,ilk-ko,il.k*o,lk-k,lk*
Jalp-kelato,짧게라도,짧께라도,Jalp.ge.la.to,lp-k,lpg,0,0,,,1,lC+Obstruen,c*alp-kelato,c*alp.k*e.la.to,lp-k,lpk*
nvlp-cin,넓진,넙찐,nvp.Jin,lp-c,pJ,0,1,,,1,lC+Obstruen,nʌlp-cin,nʌp.c*in,lp-c,pc*
cvlm-ke,젊게,젋께,cvlp.ge,lm-k,lmg,0,0,,,1,lC+Obstruen,cʌlm-ke,cʌlp.k*e,lm-k,lmk*
nvlp-ko,넓고,넘꼬,nvm.go,lp-k,mg,0,1,,,1,lC+Obstruen,nʌlp-ko,nʌm.k*o,lp-k,mk*
Jalp-ke,짧게,짧께,Jalp.ge,lp-k,lpg,0,0,,,1,lC+Obstruen,c*alp-ke,c*alp.k*e,lp-k,lpk*
Jalp-kegacinxn,짧게까지는,짥께까지는,Jalk.ge.ga.ci.nxn,lp-k,lkg,0,0,,,1,lC+Obstruen,c*alp-kek*acinɨn,c*alk.k*e.k*a.ci.nɨn,lp-k,lkk*
Jalp-ko,짧고,짧꼬,Jalp.go,lp-k,lpg,0,0,,,1,lC+Obstruen,c*alp-ko,c*alp.k*o,lp-k,lpk*
nvlp-ke,넓게,넓께,nvlp.ge,lp-k,lpg,0,0,,,1,lC+Obstruen,nʌlp-ke,nʌlp.k*e,lp-k,lpk*
kulm-ko,굶고,굼꼬,kum.go,lm-k,mg,0,1,,,1,lC+Obstruen,kulm-ko,kum.k*o,lm-k,mk*
yalp-ke,얇게,얄께,yal.ge,lp-k,lg,1,0,,,1,lC+Obstruen,jalp-ke,jal.k*e,lp-k,lk*
Jalp-ko,짧고,짤꼬,Jal.go,lp-k,lg,1,0,,,1,lC+Obstruen,c*alp-ko,c*al.k*o,lp-k,lk*
Jalp-ko,짧고,짥꼬,Jalk.go,lp-k,lkg,0,0,,,1,lC+Obstruen,c*alp-ko,c*alk.k*o,lp-k,lkk*
nvlp-ko,넓고,널꾸,nvl.gu,lp-k,lg,1,0,,,1,lC+Obstruen,nʌlp-ko,nʌl.k*u,lp-k,lk*
talm-ta,닮다,닮따,talm.da,lm-t,lmd,0,0,,,1,lC+Obstruen,talm-ta,talm.t*a,lm-t,lmt*
Jalp-ke,짧게,짤께,Jal.ge,lp-k,lg,1,0,,,1,lC+Obstruen,c*alp-ke,c*al.k*e,lp-k,lk*
Jalp-ke,짧게,짤께,Jal.ge,lp-k,lg,1,0,,,1,lC+Obstruen,c*alp-ke,c*al.k*e,lp-k,lk*
Jalp-ki,짧기,짤끼,Jal.gi,lp-k,lg,1,0,,,1,lC+Obstruen,c*alp-ki,c*al.k*i,lp-k,lk*
nvlp-tanxn,넓다는,널따는,nvl.da.nxn,lp-t,ld,1,0,,,1,lC+Obstruen,nʌlp-tanɨn,nʌl.t*a.nɨn,lp-t,lt*
ilk-kosvnxn,읽고서는,일꾸서는,il.gu.sv.nxn,lk-k,lg,1,0,,,1,lC+Obstruen,ilk-kosʌnɨn,il.k*u.sʌ.nɨn,lk-k,lk*
talm-ko,닮고,담꼬,tam.go,lm-k,mg,0,1,,,1,lC+Obstruen,talm-ko,tam.k*o,lm-k,mk*
nvlp-ko,넓고,넓꼬,nvlp.go,lp-k,lpg,0,0,,,1,lC+Obstruen,nʌlp-ko,nʌlp.k*o,lp-k,lpk*
talm-ko,닮고,담꼬,tam.go,lm-k,mg,0,1,,,1,lC+Obstruen,talm-ko,tam.k*o,lm-k,mk*
Jalp-ta,짧다,짤따,Jal.da,lp-t,ld,1,0,,,1,lC+Obstruen,c*alp-ta,c*al.t*a,lp-t,lt*
talm-ko,닮고,당꼬,taN.go,lm-k,Ng,0,1,,,1,lC+Obstruen,talm-ko,taŋ.k*o,lm-k,ŋk*
Jalp-ta,짧다,짧따,Jalp.da,lp-t,lpd,0,0,,,1,lC+Obstruen,c*alp-ta,c*alp.t*a,lp-t,lpt*
ilk-ko,읽고,일꼬,il.go,lk-k,lg,1,0,,,1,lC+Obstruen,ilk-ko,il.k*o,lk-k,lk*
ilk-ki,읽기,일끼,il.gi,lk-k,lg,1,0,,,1,lC+Obstruen,ilk-ki,il.k*i,lk-k,lk*
ilk-ko,읽고,읽꼬,ilk.go,lk-k,lkg,0,0,,,1,lC+Obstruen,ilk-ko,ilk.k*o,lk-k,lkk*
ilk-ko,읽고,익꼬,ik.go,lk-k,kg,0,1,,,1,lC+Obstruen,ilk-ko,ik.k*o,lk-k,kk*
kxlk-ko,긁고,긁꼬,kxlk.go,lk-k,lkg,0,0,,,1,lC+Obstruen,kɨlk-ko,kɨlk.k*o,lk-k,lkk*
kxlk-taka,긁다가,긁따가,kxlk.da.ka,lk-t,lkd,0,0,,,1,lC+Obstruen,kɨlk-taka,kɨlk.t*a.ka,lk-t,lkt*
nvlp-ko,넓고,넓꼬,nvlp.go,lp-k,lpg,0,0,,,1,lC+Obstruen,nʌlp-ko,nʌlp.k*o,lp-k,lpk*
palk-ko,밝고,발꼬,pal.go,lk-k,lg,1,0,,,1,lC+Obstruen,palk-ko,pal.k*o,lk-k,lk*
Jalp-ciman,짧지만,짧찌만,Jalp.Ji.man,lp-c,lpJ,0,0,,,1,lC+Obstruen,c*alp-ciman,c*alp.c*i.man,lp-c,lpc*
Jalp-ke,짧게,짤께,Jal.ge,lp-k,lg,1,0,,,1,lC+Obstruen,c*alp-ke,c*al.k*e,lp-k,lk*
Jalp-ke,짧게,짧께,Jalp.ge,lp-k,lpg,0,0,,,1,lC+Obstruen,c*alp-ke,c*alp.k*e,lp-k,lpk*
Jalp-ko,짧고,짤꼬,Jal.go,lp-k,lg,1,0,,,1,lC+Obstruen,c*alp-ko,c*al.k*o,lp-k,lk*
Jalp-ta,짧다,짧따,Jalp.da,lp-t,lpd,0,0,,,1,lC+Obstruen,c*alp-ta,c*alp.t*a,lp-t,lpt*
palk-ko,밝고,밝꼬,palk.go,lk-k,lkg,0,0,,,1,lC+Obstruen,palk-ko,palk.k*o,lk-k,lkk*
ilk-ko,읽고,일꼬,il.go,lk-k,lg,1,0,,,1,lC+Obstruen,ilk-ko,il.k*o,lk-k,lk*
ilk-ko,읽고,읽고,ilk.ko,lk-k,lkg,0,0,,,0,lC+Obstruen,ilk-ko,ilk.ko,lk-k,lkk*
Jalp-kenxn,짧게는,짤께는,Jal.ge.nxn,lp-k,lg,1,0,,,1,lC+Obstruen,c*alp-kenɨn,c*al.k*e.nɨn,lp-k,lk*
Jalp-cito,짧지도,짧찌도,Jalp.Ji.to,lp-c,lpJ,0,0,,,1,lC+Obstruen,c*alp-cito,c*alp.c*i.to,lp-c,lpc*
palp-ke,밟게,밟께,palp.ge,lp-k,lpg,0,0,,,1,lC+Obstruen,palp-ke,palp.k*e,lp-k,lpk*
Jalp-ko,짧고,짧꼬,Jalp.go,lp-k,lpg,0,0,,,1,lC+Obstruen,c*alp-ko,c*alp.k*o,lp-k,lpk*
ilk-ki,읽기,익끼,ik.gi,lk-k,kg,0,1,,,1,lC+Obstruen,ilk-ki,ik.k*i,lk-k,kk*
Jalp-ke,짧게,짤께,Jal.ge,lp-k,lg,1,0,,,1,lC+Obstruen,c*alp-ke,c*al.k*e,lp-k,lk*
palk-ko,밝고,발꼬,pal.go,lk-k,lg,1,0,,,1,lC+Obstruen,palk-ko,pal.k*o,lk-k,lk*
talm-tvlako,닮더라고,담떠라고,tam.dv.la.ko,lm-t,md,0,1,,,1,lC+Obstruen,talm-tʌlako,tam.t*ʌ.la.ko,lm-t,mt*
malk-ko,맑고,맑꼬,malk.go,lk-k,lkg,0,0,,,1,lC+Obstruen,malk-ko,malk.k*o,lk-k,lkk*
nvlp-kvtxn,넓거든,널꺼든,nvl.gv.txn,lp-k,lg,1,0,,,1,lC+Obstruen,nʌlp-kʌtɨn,nʌl.k*ʌ.tɨn,lp-k,lk*
talm-ko,닮고,닮꼬,talm.go,lm-k,lmg,0,0,,,1,lC+Obstruen,talm-ko,talm.k*o,lm-k,lmk*
cvlm-kvn,젊건,젊껀,cvlm.gvn,lm-k,lmg,0,0,,,1,lC+Obstruen,cʌlm-kʌn,cʌlm.k*ʌn,lm-k,lmk*
nvlp-ko,넓고,넑꾸,nvlk.gu,lp-k,lkg,0,0,,,1,lC+Obstruen,nʌlp-ko,nʌlk.k*u,lp-k,lkk*
talm-ko,닮고,닮꼬,talm.go,lm-k,lmg,0,0,,,1,lC+Obstruen,talm-ko,talm.k*o,lm-k,lmk*
cvlm-tamyvn,젊다면,점따면,cvm.da.myvn,lm-t,md,0,1,,,1,lC+Obstruen,cʌlm-tamjʌn,cʌm.t*a.mjʌn,lm-t,mt*
cvlm-kito,젊기도,점끼도,cvm.gi.to,lm-k,mg,0,1,,,1,lC+Obstruen,cʌlm-kito,cʌm.k*i.to,lm-k,mk*
malk-ke,맑게,말께,mal.ge,lk-k,lg,1,0,,,1,lC+Obstruen,malk-ke,mal.k*e,lk-k,lk*
nvlp-ke,넓게,널께,nvl.ge,lp-k,lg,1,0,,,1,lC+Obstruen,nʌlp-ke,nʌl.k*e,lp-k,lk*
nxlk-ki,늙기,늙끼,nxlk.gi,lk-k,lkg,0,0,,,1,lC+Obstruen,nɨlk-ki,nɨlk.k*i,lk-k,lkk*
malk-ko,맑고,말꼬,mal.go,lk-k,lg,1,0,,,1,lC+Obstruen,malk-ko,mal.k*o,lk-k,lk*
nxlk-ko,늙고,늙꾸,nxlk.gu,lk-k,lkg,0,0,,,1,lC+Obstruen,nɨlk-ko,nɨlk.k*u,lk-k,lkk*
Jalp-kelato,짧게라도,짤께라도,Jal.ge.la.to,lp-k,lg,1,0,,,1,lC+Obstruen,c*alp-kelato,c*al.k*e.la.to,lp-k,lk*
palp-ko,밟고,발꼬,pal.go,lp-k,lg,1,0,,,1,lC+Obstruen,palp-ko,pal.k*o,lp-k,lk*
kulm-ko,굶고,굼꼬,kum.go,lm-k,mg,0,1,,,1,lC+Obstruen,kulm-ko,kum.k*o,lm-k,mk*
Jalp-ke,짧게,짤께,Jal.ge,lp-k,lg,1,0,,,1,lC+Obstruen,c*alp-ke,c*al.k*e,lp-k,lk*
talm-ko,닮고,닮꼬,talm.go,lm-k,lmg,0,0,,,1,lC+Obstruen,talm-ko,talm.k*o,lm-k,lmk*
ilk-ko,읽고,일꼬,il.go,lk-k,lg,1,0,,,1,lC+Obstruen,ilk-ko,il.k*o,lk-k,lk*
nvlp-ke,넓게,넙께,nvp.ge,lp-k,pg,0,1,,,1,lC+Obstruen,nʌlp-ke,nʌp.k*e,lp-k,pk*
nvlp-ta,넓다,널따,nvl.da,lp-t,ld,1,0,,,1,lC+Obstruen,nʌlp-ta,nʌl.t*a,lp-t,lt*
malk-ko,맑고,말꼬,mal.go,lk-k,lg,1,0,,,1,lC+Obstruen,malk-ko,mal.k*o,lk-k,lk*
yalp-ke,얇게,얇께,yalp.ge,lp-k,lpg,0,0,,,1,lC+Obstruen,jalp-ke,jalp.k*e,lp-k,lpk*
Jalp-ke,짧게,짤께,Jal.ge,lp-k,lg,1,0,,,1,lC+Obstruen,c*alp-ke,c*al.k*e,lp-k,lk*
Jalp-ke,짧게,짥께,Jalk.ge,lp-k,lkg,0,0,,,1,lC+Obstruen,c*alp-ke,c*alk.k*e,lp-k,lkk*
Jalp-ke,짧게,짤께,Jal.ge,lp-k,lg,1,0,,,1,lC+Obstruen,c*alp-ke,c*al.k*e,lp-k,lk*
Jalp-ke,짧게,짤께,Jal.ge,lp-k,lg,1,0,,,1,lC+Obstruen,c*alp-ke,c*al.k*e,lp-k,lk*
Jalp-kepage,짧게밖에,짤께,Jal.ge,lp-k,lg,1,0,,,1,lC+Obstruen,c*alp-kepak*e,c*al.k*e,lp-k,lk*
nvlp-ke,넓게,널께,nvl.ge,lp-k,lg,1,0,,,1,lC+Obstruen,nʌlp-ke,nʌl.k*e,lp-k,lk*
nvlp-ke,넓게,널께,nvl.ge,lp-k,lg,1,0,,,1,lC+Obstruen,nʌlp-ke,nʌl.k*e,lp-k,lk*
nvlp-ke,넓게,널께,nvl.ge,lp-k,lg,1,0,,,1,lC+Obstruen,nʌlp-ke,nʌl.k*e,lp-k,lk*
nvlp-ke,넓게,널께,nvl.ge,lp-k,lg,1,0,,,1,lC+Obstruen,nʌlp-ke,nʌl.k*e,lp-k,lk*
nvlp-ko,넓고,널꼬,nvl.go,lp-k,lg,1,0,,,1,lC+Obstruen,nʌlp-ko,nʌl.k*o,lp-k,lk*
nvlp-ko,넓고,넓꾸,nvlp.gu,lp-k,lpg,0,0,,,1,lC+Obstruen,nʌlp-ko,nʌlp.k*u,lp-k,lpk*
nvlp-ko,넓고,널꼬,nvl.go,lp-k,lg,1,0,,,1,lC+Obstruen,nʌlp-ko,nʌl.k*o,lp-k,lk*
nvlp-ko,넓고,널꾸,nvl.gu,lp-k,lg,1,0,,,1,lC+Obstruen,nʌlp-ko,nʌl.k*u,lp-k,lk*
nvlp-ko,넓고,널꼬,nvl.go,lp-k,lg,1,0,,,1,lC+Obstruen,nʌlp-ko,nʌl.k*o,lp-k,lk*
nvlp-ki,넓기,널끼,nvl.gi,lp-k,lg,1,0,,,1,lC+Obstruen,nʌlp-ki,nʌl.k*i,lp-k,lk*
nvlp-ci,넓지,넙찌,nvp.Ji,lp-c,pJ,0,1,,,1,lC+Obstruen,nʌlp-ci,nʌp.c*i,lp-c,pc*
nvlp-ci,넓지,넓찌,nvlp.Ji,lp-c,lpJ,0,0,,,1,lC+Obstruen,nʌlp-ci,nʌlp.c*i,lp-c,lpc*
mulk-ke,묽게,물께,mul.ge,lk-k,lg,1,0,,,1,lC+Obstruen,mulk-ke,mul.k*e,lk-k,lk*
Jalp-keto,짧게도,짤께도,Jal.ge.to,lp-k,lg,1,0,,,1,lC+Obstruen,c*alp-keto,c*al.k*e.to,lp-k,lk*
kulk-canha,굵잖아,국짜나,kuk.Ja.na,lk-c,kJ,0,1,,,1,lC+Obstruen,kulk-canha,kuk.c*a.na,lk-c,kc*
Jalp-ke,짧게,짤께,Jal.ge,lp-k,lg,1,0,,,1,lC+Obstruen,c*alp-ke,c*al.k*e,lp-k,lk*
palk-ko,밝고,발꼬,pal.go,lk-k,lg,1,0,,,1,lC+Obstruen,palk-ko,pal.k*o,lk-k,lk*
palp-ke,밟게,발께,pal.ge,lp-k,lg,1,0,,,1,lC+Obstruen,palp-ke,pal.k*e,lp-k,lk*
ilk-ki,읽기,일끼,il.gi,lk-k,lg,1,0,,,1,lC+Obstruen,ilk-ki,il.k*i,lk-k,lk*
nxlk-ko,늙고,늘꼬,nxl.go,lk-k,lg,1,0,,,1,lC+Obstruen,nɨlk-ko,nɨl.k*o,lk-k,lk*
Jalp-kekvtxnyo,짧게거든요,짧께거든녀,Jalp.ge.kv.txn.nyv,lp-k,lpg,0,0,,,1,lC+Obstruen,c*alp-kekʌtɨnjo,c*alp.k*e.kʌ.tɨn.njʌ,lp-k,lpk*
nxlk-ko,늙고,늘꼬,nxl.go,lk-k,lg,1,0,,,1,lC+Obstruen,nɨlk-ko,nɨl.k*o,lk-k,lk*
nxlk-ko,늙고,늘꼬,nxl.go,lk-k,lg,1,0,,,1,lC+Obstruen,nɨlk-ko,nɨl.k*o,lk-k,lk*
nxlk-ki,늙기,늙끼,nxlk.gi,lk-k,lkg,0,0,,,1,lC+Obstruen,nɨlk-ki,nɨlk.k*i,lk-k,lkk*
nxlk-canhayo,늙잖아요,늘짜나요,nxl.Ja.na.yo,lk-c,lJ,1,0,,,1,lC+Obstruen,nɨlk-canhajo,nɨl.c*a.na.jo,lk-c,lc*
nvlpkito,넓기도,넓끼도,nvlp.gi.to,lk-g,lpg,0,0,,,1,lC+Obstruen,nʌlpkito,nʌlp.k*i.to,lk-k*,lpk*
Jalp-kelanxn,짧게라는,짤께라는,Jal.ge.la.nxn,lp-k,lg,1,0,,,1,lC+Obstruen,c*alp-kelanɨn,c*al.k*e.la.nɨn,lp-k,lk*
cvlm-ko,젊고,점꼬,cvm.go,lm-k,mg,0,1,,,1,lC+Obstruen,cʌlm-ko,cʌm.k*o,lm-k,mk*
Jalp-ke,짧게,짧께,Jalp.ge,lp-k,lpg,0,0,,,1,lC+Obstruen,c*alp-ke,c*alp.k*e,lp-k,lpk*
Jalp-ke,짧게,짧께,Jalp.ge,lp-k,lpg,0,0,,,1,lC+Obstruen,c*alp-ke,c*alp.k*e,lp-k,lpk*
talm-ko,닮고,닮꼬,talm.go,lm-k,lmg,0,0,,,1,lC+Obstruen,talm-ko,talm.k*o,lm-k,lmk*
nvlp-ke,넓게,널께,nvl.ge,lp-k,lg,1,0,,,1,lC+Obstruen,nʌlp-ke,nʌl.k*e,lp-k,lk*
palk-ko,밝고,발꼬,pal.go,lk-k,lg,1,0,,,1,lC+Obstruen,palk-ko,pal.k*o,lk-k,lk*
salm-ko,삶고,삼꼬,sam.go,lm-k,mg,0,1,,,1,lC+Obstruen,salm-ko,sam.k*o,lm-k,mk*
talm-ko,닮고,담꼬,tam.go,lm-k,mg,0,1,,,1,lC+Obstruen,talm-ko,tam.k*o,lm-k,mk*
talm-ko,닮고,담꼬,tam.go,lm-k,mg,0,1,,,1,lC+Obstruen,talm-ko,tam.k*o,lm-k,mk*
talm-ko,닮고,닮꼬,talm.go,lm-k,lmg,0,0,,,1,lC+Obstruen,talm-ko,talm.k*o,lm-k,lmk*
talm-ko,닮고,담꼬,tam.go,lm-k,mg,0,1,,,1,lC+Obstruen,talm-ko,tam.k*o,lm-k,mk*
talm-ko,닮고,담꼬,tam.go,lm-k,mg,0,1,,,1,lC+Obstruen,talm-ko,tam.k*o,lm-k,mk*
talm-ko,닮고,담꼬,tam.go,lm-k,mg,0,1,,,1,lC+Obstruen,talm-ko,tam.k*o,lm-k,mk*
talm-ko,닮고,담꼬,tam.go,lm-k,mg,0,1,,,1,lC+Obstruen,talm-ko,tam.k*o,lm-k,mk*
talm-ko,닮고,담꼬,tam.go,lm-k,mg,0,1,,,1,lC+Obstruen,talm-ko,tam.k*o,lm-k,mk*
talm-ko,닮고,담꼬,tam.go,lm-k,mg,0,1,,,1,lC+Obstruen,talm-ko,tam.k*o,lm-k,mk*
talm-ko,닮고,담꼬,tam.go,lm-k,mg,0,1,,,1,lC+Obstruen,talm-ko,tam.k*o,lm-k,mk*
talm-ko,닮고,닮꼬,talm.go,lm-k,lmg,0,0,,,1,lC+Obstruen,talm-ko,talm.k*o,lm-k,lmk*
talm-ko,닮고,담꾸,tam.gu,lm-k,mg,0,1,,,1,lC+Obstruen,talm-ko,tam.k*u,lm-k,mk*
talm-ko,닮고,담꼬,tam.go,lm-k,mg,0,1,,,1,lC+Obstruen,talm-ko,tam.k*o,lm-k,mk*
talm-ko,닮고,담꼬,tam.go,lm-k,mg,0,1,,,1,lC+Obstruen,talm-ko,tam.k*o,lm-k,mk*
talm-ki,닮기,닮끼,talm.gi,lm-k,lmg,0,0,,,1,lC+Obstruen,talm-ki,talm.k*i,lm-k,lmk*
talm-ci,닮지,담찌,tam.Ji,lm-c,mJ,0,1,,,1,lC+Obstruen,talm-ci,tam.c*i,lm-c,mc*
talm-ko,닮고,닮꼬,talm.go,lm-k,lmg,0,0,,,1,lC+Obstruen,talm-ko,talm.k*o,lm-k,lmk*
ilk-ko,읽고,일꼬,il.go,lk-k,lg,1,0,,,1,lC+Obstruen,ilk-ko,il.k*o,lk-k,lk*
ilk-ko,읽고,일꾸,il.gu,lk-k,lg,1,0,,,1,lC+Obstruen,ilk-ko,il.k*u,lk-k,lk*
nvlp-ke,넓게,널께,nvl.ge,lp-k,lg,1,0,,,1,lC+Obstruen,nʌlp-ke,nʌl.k*e,lp-k,lk*
nvlp-kenxn,넓게는,넓께는,nvlp.ge.nxn,lp-k,lpg,0,0,,,1,lC+Obstruen,nʌlp-kenɨn,nʌlp.k*e.nɨn,lp-k,lpk*
nxlk-ki,늙기,늘끼,nxl.gi,lk-k,lg,1,0,,,1,lC+Obstruen,nɨlk-ki,nɨl.k*i,lk-k,lk*
nxlk-ki,늙기,늘끼,nxl.gi,lk-k,lg,1,0,,,1,lC+Obstruen,nɨlk-ki,nɨl.k*i,lk-k,lk*
nxlk-ki,늙기,늘끼,nxl.gi,lk-k,lg,1,0,,,1,lC+Obstruen,nɨlk-ki,nɨl.k*i,lk-k,lk*
cvlm-ta,젊다,점따,cvm.da,lm-t,md,0,1,,,1,lC+Obstruen,cʌlm-ta,cʌm.t*a,lm-t,mt*
palk-ke,밝게,발께,pal.ge,lk-k,lg,1,0,,,1,lC+Obstruen,palk-ke,pal.k*e,lk-k,lk*
yalp-ke,얇게,얄께,yal.ge,lp-k,lg,1,0,,,1,lC+Obstruen,jalp-ke,jal.k*e,lp-k,lk*
Jalp-ko,짧고,짤꾸,Jal.gu,lp-k,lg,1,0,,,1,lC+Obstruen,c*alp-ko,c*al.k*u,lp-k,lk*
Poknvlp-ke,폭넓게,퐁널께,PoN.nvl.ge,lp-k,lg,1,0,,,1,lC+Obstruen,pʰoknʌlp-ke,pʰoŋ.nʌl.k*e,lp-k,lk*
Jalp-ke,짧게,짤께,Jal.ge,lp-k,lg,1,0,,,1,lC+Obstruen,c*alp-ke,c*al.k*e,lp-k,lk*
ilk-ko,읽고,일꼬,il.go,lk-k,lg,1,0,,,1,lC+Obstruen,ilk-ko,il.k*o,lk-k,lk*
nvlp-ko,넓고,넓꾸,nvlp.gu,lp-k,lpg,0,0,,,1,lC+Obstruen,nʌlp-ko,nʌlp.k*u,lp-k,lpk*
nvlp-kito,넓기도,널끼도,nvl.gi.to,lp-k,lg,1,0,,,1,lC+Obstruen,nʌlp-kito,nʌl.k*i.to,lp-k,lk*
malk-ko,맑고,말꼬,mal.go,lk-k,lg,1,0,,,1,lC+Obstruen,malk-ko,mal.k*o,lk-k,lk*
palk-ko,밝고,발꼬,pal.go,lk-k,lg,1,0,,,1,lC+Obstruen,palk-ko,pal.k*o,lk-k,lk*
Jalp-ta,짧다,짤따,Jal.da,lp-t,ld,1,0,,,1,lC+Obstruen,c*alp-ta,c*al.t*a,lp-t,lt*
nvlp-tvlako,넓더라고,넓떠라고,nvlp.dv.la.ko,lp-t,lpd,0,0,,,1,lC+Obstruen,nʌlp-tʌlako,nʌlp.t*ʌ.la.ko,lp-t,lpt*
ilk-ko,읽고,일꼬,il.go,lk-k,lg,1,0,,,1,lC+Obstruen,ilk-ko,il.k*o,lk-k,lk*
Jalp-canhayo,짧잖아요,짤짜나요,Jal.Ja.na.yo,lp-c,lJ,1,0,,,1,lC+Obstruen,c*alp-canhajo,c*al.c*a.na.jo,lp-c,lc*
nvlp-ki,넓기,널끼,nvl.gi,lp-k,lg,1,0,,,1,lC+Obstruen,nʌlp-ki,nʌl.k*i,lp-k,lk*
palp-ci,밟지,받찌,pat.Ji,lp-c,tJ,0,1,,,1,lC+Obstruen,palp-ci,pat.c*i,lp-c,tc*
ilk-ko,읽고,일꼬,il.go,lk-k,lg,1,0,,,1,lC+Obstruen,ilk-ko,il.k*o,lk-k,lk*
nvlp-cito,넓지도,넓찌도,nvlp.Ji.to,lp-c,lpJ,0,0,,,1,lC+Obstruen,nʌlp-cito,nʌlp.c*i.to,lp-c,lpc*
palk-ke,밝게,발께,pal.ge,lk-k,lg,1,0,,,1,lC+Obstruen,palk-ke,pal.k*e,lk-k,lk*
Jalp-ko,짧고,짧꼬,Jalp.go,lp-k,lpg,0,0,,,1,lC+Obstruen,c*alp-ko,c*alp.k*o,lp-k,lpk*
nvlp-ko,넓고,넓꼬,nvlp.go,lp-k,lpg,0,0,,,1,lC+Obstruen,nʌlp-ko,nʌlp.k*o,lp-k,lpk*
palp-keSte,밟겠대,밟껟때,palp.get.de,lp-k,lpg,0,0,,,1,lC+Obstruen,palp-kes*te,palp.k*et.t*e,lp-k,lpk*
dvlp-ko,떫고,떨꼬,dvl.go,lp-k,lg,1,0,,,1,lC+Obstruen,t*ʌlp-ko,t*ʌl.k*o,lp-k,lk*
nxlk-ko,늙고,늘꼬,nxl.go,lk-k,lg,1,0,,,1,lC+Obstruen,nɨlk-ko,nɨl.k*o,lk-k,lk*
yalp-canha,얇잖아,얍짜나,yap.Ja.na,lp-c,pJ,0,1,,,1,lC+Obstruen,jalp-canha,jap.c*a.na,lp-c,pc*
nvlp-ke,넓게,넓께,nvlp.ge,lp-k,lpg,0,0,,,1,lC+Obstruen,nʌlp-ke,nʌlp.k*e,lp-k,lpk*
talm-ko,닮고,당꼬,taN.go,lm-k,Ng,0,1,,,1,lC+Obstruen,talm-ko,taŋ.k*o,lm-k,ŋk*
talm-ko,닮고,담꼬,tam.go,lm-k,mg,0,1,,,1,lC+Obstruen,talm-ko,tam.k*o,lm-k,mk*
nvlp-ke,넓게,널께,nvl.ge,lp-k,lg,1,0,,,1,lC+Obstruen,nʌlp-ke,nʌl.k*e,lp-k,lk*
nvlp-ke,넓게,넓께,nvlp.ge,lp-k,lpg,0,0,,,1,lC+Obstruen,nʌlp-ke,nʌlp.k*e,lp-k,lpk*
kulm-ke,굶게,굼께,kum.ge,lm-k,mg,0,1,,,1,lC+Obstruen,kulm-ke,kum.k*e,lm-k,mk*
palk-ko,밝고,발꼬,pal.go,lk-k,lg,1,0,,,1,lC+Obstruen,palk-ko,pal.k*o,lk-k,lk*
cvlm-ko,젊고,점꼬,cvm.go,lm-k,mg,0,1,,,1,lC+Obstruen,cʌlm-ko,cʌm.k*o,lm-k,mk*
Jalp-kelato,짧게라도,짤께라도,Jal.ge.la.to,lp-k,lg,1,0,,,1,lC+Obstruen,c*alp-kelato,c*al.k*e.la.to,lp-k,lk*
Poknvlp-cinxn,폭넓지는,퐁넓찌는,PoN.nvlp.Ji.nxn,lp-c,lpJ,0,0,,,1,lC+Obstruen,pʰoknʌlp-cinɨn,pʰoŋ.nʌlp.c*i.nɨn,lp-c,lpc*
nvlp-ko,넓고,널꼬,nvl.go,lp-k,lg,1,0,,,1,lC+Obstruen,nʌlp-ko,nʌl.k*o,lp-k,lk*
palp-ko,밟고,발꼬,pal.go,lp-k,lg,1,0,,,1,lC+Obstruen,palp-ko,pal.k*o,lp-k,lk*
Jalp-ke,짧게,짧께,Jalp.ge,lp-k,lpg,0,0,,,1,lC+Obstruen,c*alp-ke,c*alp.k*e,lp-k,lpk*
Jalp-ke,짧게,짤께,Jal.ge,lp-k,lg,1,0,,,1,lC+Obstruen,c*alp-ke,c*al.k*e,lp-k,lk*
talm-ko,닮고,닮꼬,talm.go,lm-k,lmg,0,0,,,1,lC+Obstruen,talm-ko,talm.k*o,lm-k,lmk*
talm-cinxn,닮지는,담찌는,tam.Ji.nxn,lm-c,mJ,0,1,,,1,lC+Obstruen,talm-cinɨn,tam.c*i.nɨn,lm-c,mc*
talm-cin,닮진,닮찐,talm.Jin,lm-c,lmJ,0,0,,,1,lC+Obstruen,talm-cin,talm.c*in,lm-c,lmc*
ilk-ko,읽고,일꾸,il.gu,lk-k,lg,1,0,,,1,lC+Obstruen,ilk-ko,il.k*u,lk-k,lk*
ilk-ko,읽고,읽꼬,ilk.go,lk-k,lkg,0,0,,,1,lC+Obstruen,ilk-ko,ilk.k*o,lk-k,lkk*
Jalp-ke,짧게,짤께,Jal.ge,lp-k,lg,1,0,,,1,lC+Obstruen,c*alp-ke,c*al.k*e,lp-k,lk*
ilk-ko,읽고,일꾸,il.gu,lk-k,lg,1,0,,,1,lC+Obstruen,ilk-ko,il.k*u,lk-k,lk*
talm-ko,닮고,담꼬,tam.go,lm-k,mg,0,1,,,1,lC+Obstruen,talm-ko,tam.k*o,lm-k,mk*
malk-ko,맑고,말꼬,mal.go,lk-k,lg,1,0,,,1,lC+Obstruen,malk-ko,mal.k*o,lk-k,lk*
malk-ko,맑고,말꼬,mal.go,lk-k,lg,1,0,,,1,lC+Obstruen,malk-ko,mal.k*o,lk-k,lk*
malk-ko,맑고,말꼬,mal.go,lk-k,lg,1,0,,,1,lC+Obstruen,malk-ko,mal.k*o,lk-k,lk*
malk-ko,맑고,말꼬,mal.go,lk-k,lg,1,0,,,1,lC+Obstruen,malk-ko,mal.k*o,lk-k,lk*
malk-ko,맑고,말꼬,mal.go,lk-k,lg,1,0,,,1,lC+Obstruen,malk-ko,mal.k*o,lk-k,lk*
malk-ko,맑고,말꾸,mal.gu,lk-k,lg,1,0,,,1,lC+Obstruen,malk-ko,mal.k*u,lk-k,lk*
malk-ko,맑고,말꼬,mal.go,lk-k,lg,1,0,,,1,lC+Obstruen,malk-ko,mal.k*o,lk-k,lk*
malk-ko,맑고,말꼬,mal.go,lk-k,lg,1,0,,,1,lC+Obstruen,malk-ko,mal.k*o,lk-k,lk*
malk-ko,맑고,말꼬,mal.go,lk-k,lg,1,0,,,1,lC+Obstruen,malk-ko,mal.k*o,lk-k,lk*
malk-ko,맑고,말꼬,mal.go,lk-k,lg,1,0,,,1,lC+Obstruen,malk-ko,mal.k*o,lk-k,lk*
malk-ko,맑고,말꼬,mal.go,lk-k,lg,1,0,,,1,lC+Obstruen,malk-ko,mal.k*o,lk-k,lk*
malk-ko,맑고,말꼬,mal.go,lk-k,lg,1,0,,,1,lC+Obstruen,malk-ko,mal.k*o,lk-k,lk*
ilk-ko,읽고,일꼬,il.go,lk-k,lg,1,0,,,1,lC+Obstruen,ilk-ko,il.k*o,lk-k,lk*
talm-ko,닮고,닮꼬,talm.go,lm-k,lmg,0,0,,,1,lC+Obstruen,talm-ko,talm.k*o,lm-k,lmk*
ilk-ko,읽고,읽꼬,ilk.go,lk-k,lkg,0,0,,,1,lC+Obstruen,ilk-ko,ilk.k*o,lk-k,lkk*
Jalp-ke,짧게,짧께,Jalp.ge,lp-k,lpg,0,0,,,1,lC+Obstruen,c*alp-ke,c*alp.k*e,lp-k,lpk*
Jalp-ko,짧고,짥꼬,Jalk.go,lp-k,lkg,0,0,,,1,lC+Obstruen,c*alp-ko,c*alk.k*o,lp-k,lkk*
salm-ko,삶고,삶꼬,salm.go,lm-k,lmg,0,0,,,1,lC+Obstruen,salm-ko,salm.k*o,lm-k,lmk*
salm-ko,삶고,삼꼬,sam.go,lm-k,mg,0,1,,,1,lC+Obstruen,salm-ko,sam.k*o,lm-k,mk*
salm-ci,삶지,쌂찌,Salm.Ji,lm-c,lmJ,0,0,,,1,lC+Obstruen,salm-ci,s*alm.c*i,lm-c,lmc*
salm-ko,삶고,삶꼬,salm.go,lm-k,lmg,0,0,,,1,lC+Obstruen,salm-ko,salm.k*o,lm-k,lmk*
ilk-ki,읽기,읽끼,ilk.gi,lk-k,lkg,0,0,,,1,lC+Obstruen,ilk-ki,ilk.k*i,lk-k,lkk*
Jalp-ke,짧게,짤께,Jal.ge,lp-k,lg,1,0,,,1,lC+Obstruen,c*alp-ke,c*al.k*e,lp-k,lk*
nvlp-ke,넓게,넓께,nvlp.ge,lp-k,lpg,0,0,,,1,lC+Obstruen,nʌlp-ke,nʌlp.k*e,lp-k,lpk*
nxlk-ko,늙고,늙꼬,nxlk.go,lk-k,lkg,0,0,,,1,lC+Obstruen,nɨlk-ko,nɨlk.k*o,lk-k,lkk*
palp-ko,밟고,발꼬,pal.go,lp-k,lg,1,0,,,1,lC+Obstruen,palp-ko,pal.k*o,lp-k,lk*
cvlm-kito,젊기도,점끼도,cvm.gi.to,lm-k,mg,0,1,,,1,lC+Obstruen,cʌlm-kito,cʌm.k*i.to,lm-k,mk*
cvlm-kito,젊기도,점끼두,cvm.gi.tu,lm-k,mg,0,1,,,1,lC+Obstruen,cʌlm-kito,cʌm.k*i.tu,lm-k,mk*
palp-ko,밟고,발꼬,pal.go,lp-k,lg,1,0,,,1,lC+Obstruen,palp-ko,pal.k*o,lp-k,lk*
nxlk-kito,늙기도,늘끼도,nxl.gi.to,lk-k,lg,1,0,,,1,lC+Obstruen,nɨlk-kito,nɨl.k*i.to,lk-k,lk*
mulk-ci,묽지,묽찌,mulk.Ji,lk-c,lkJ,0,0,,,1,lC+Obstruen,mulk-ci,mulk.c*i,lk-c,lkc*
mulk-ci,묽지,묽찌,mulk.Ji,lk-c,lkJ,0,0,,,1,lC+Obstruen,mulk-ci,mulk.c*i,lk-c,lkc*
Jalp-ko,짧고,짤꼬,Jal.go,lp-k,lg,1,0,,,1,lC+Obstruen,c*alp-ko,c*al.k*o,lp-k,lk*
kulm-kvna,굶거나,굼꺼나,kum.gv.na,lm-k,mg,0,1,,,1,lC+Obstruen,kulm-kʌna,kum.k*ʌ.na,lm-k,mk*
kulk-ke,굵게,굴께,kul.ge,lk-k,lg,1,0,,,1,lC+Obstruen,kulk-ke,kul.k*e,lk-k,lk*
Jalp-ko,짧고,짤꼬,Jal.go,lp-k,lg,1,0,,,1,lC+Obstruen,c*alp-ko,c*al.k*o,lp-k,lk*
palp-ko,밟고,발꼬,pal.go,lp-k,lg,1,0,,,1,lC+Obstruen,palp-ko,pal.k*o,lp-k,lk*
Jalp-ke,짧게,짤께,Jal.ge,lp-k,lg,1,0,,,1,lC+Obstruen,c*alp-ke,c*al.k*e,lp-k,lk*
malk-talako,맑다라고,맑따라고,malk.da.la.ko,lk-t,lkd,0,0,,,1,lC+Obstruen,malk-talako,malk.t*a.la.ko,lk-t,lkt*
palp-kvna,밟거나,발꺼나,pal.gv.na,lp-k,lg,1,0,,,1,lC+Obstruen,palp-kʌna,pal.k*ʌ.na,lp-k,lk*
palk-ko,밝고,밝꼬,palk.go,lk-k,lkg,0,0,,,1,lC+Obstruen,palk-ko,palk.k*o,lk-k,lkk*
Jalp-ko,짧고,짥꼬,Jalk.go,lp-k,lkg,0,0,,,1,lC+Obstruen,c*alp-ko,c*alk.k*o,lp-k,lkk*
Jalp-ke,짧게,짥께,Jalk.ge,lp-k,lkg,0,0,,,1,lC+Obstruen,c*alp-ke,c*alk.k*e,lp-k,lkk*
Jalp-ke,짧게,짤께,Jal.ge,lp-k,lg,1,0,,,1,lC+Obstruen,c*alp-ke,c*al.k*e,lp-k,lk*
Jalp-kenxn,짧게는,짥께는,Jalk.ge.nxn,lp-k,lkg,0,0,,,1,lC+Obstruen,c*alp-kenɨn,c*alk.k*e.nɨn,lp-k,lkk*
Jalp-kenxn,짧게는,짤께는,Jal.ge.nxn,lp-k,lg,1,0,,,1,lC+Obstruen,c*alp-kenɨn,c*al.k*e.nɨn,lp-k,lk*
Jalp-kelato,짧게라도,짤께라도,Jal.ge.la.to,lp-k,lg,1,0,,,1,lC+Obstruen,c*alp-kelato,c*al.k*e.la.to,lp-k,lk*
ilk-kvna,읽거나,일꺼나,il.gv.na,lk-k,lg,1,0,,,1,lC+Obstruen,ilk-kʌna,il.k*ʌ.na,lk-k,lk*
nvlp-ko,넓고,널꼬,nvl.go,lp-k,lg,1,0,,,1,lC+Obstruen,nʌlp-ko,nʌl.k*o,lp-k,lk*
malk-ko,맑고,말꼬,mal.go,lk-k,lg,1,0,,,1,lC+Obstruen,malk-ko,mal.k*o,lk-k,lk*
Jalp-ke,짧게,짧께,Jalp.ge,lp-k,lpg,0,0,,,1,lC+Obstruen,c*alp-ke,c*alp.k*e,lp-k,lpk*
palp-ko,밟고,밝꼬,palk.go,lp-k,lkg,0,0,,,1,lC+Obstruen,palp-ko,palk.k*o,lp-k,lkk*
palp-ki,밟기,발끼,pal.gi,lp-k,lg,1,0,,,1,lC+Obstruen,palp-ki,pal.k*i,lp-k,lk*
yalp-ke,얇게,얇께,yalp.ge,lp-k,lpg,0,0,,,1,lC+Obstruen,jalp-ke,jalp.k*e,lp-k,lpk*
yalp-ta,얇다,얇따,yalp.da,lp-t,lpd,0,0,,,1,lC+Obstruen,jalp-ta,jalp.t*a,lp-t,lpt*
Jalp-ke,짧게,짤께,Jal.ge,lp-k,lg,1,0,,,1,lC+Obstruen,c*alp-ke,c*al.k*e,lp-k,lk*
nvlp-ke,넓게,널께,nvl.ge,lp-k,lg,1,0,,,1,lC+Obstruen,nʌlp-ke,nʌl.k*e,lp-k,lk*
palk-ke,밝게,발께,pal.ge,lk-k,lg,1,0,,,1,lC+Obstruen,palk-ke,pal.k*e,lk-k,lk*
palk-ke,밝게,밝께,palk.ge,lk-k,lkg,0,0,,,1,lC+Obstruen,palk-ke,palk.k*e,lk-k,lkk*
palk-ke,밝게,발께,pal.ge,lk-k,lg,1,0,,,1,lC+Obstruen,palk-ke,pal.k*e,lk-k,lk*
palk-ke,밝게,발께,pal.ge,lk-k,lg,1,0,,,1,lC+Obstruen,palk-ke,pal.k*e,lk-k,lk*
palk-ke,밝게,발께,pal.ge,lk-k,lg,1,0,,,1,lC+Obstruen,palk-ke,pal.k*e,lk-k,lk*
palk-ke,밝게,발께,pal.ge,lk-k,lg,1,0,,,1,lC+Obstruen,palk-ke,pal.k*e,lk-k,lk*
palk-ke,밝게,발께,pal.ge,lk-k,lg,1,0,,,1,lC+Obstruen,palk-ke,pal.k*e,lk-k,lk*
palk-ke,밝게,발께,pal.ge,lk-k,lg,1,0,,,1,lC+Obstruen,palk-ke,pal.k*e,lk-k,lk*
palk-ko,밝고,발꼬,pal.go,lk-k,lg,1,0,,,1,lC+Obstruen,palk-ko,pal.k*o,lk-k,lk*
palk-ko,밝고,발꼬,pal.go,lk-k,lg,1,0,,,1,lC+Obstruen,palk-ko,pal.k*o,lk-k,lk*
palk-ko,밝고,밝꼬,palk.go,lk-k,lkg,0,0,,,1,lC+Obstruen,palk-ko,palk.k*o,lk-k,lkk*
palk-ko,밝고,밝꼬,palk.go,lk-k,lkg,0,0,,,1,lC+Obstruen,palk-ko,palk.k*o,lk-k,lkk*
palk-ko,밝고,발꼬,pal.go,lk-k,lg,1,0,,,1,lC+Obstruen,palk-ko,pal.k*o,lk-k,lk*
palk-ko,밝고,밝꼬,palk.go,lk-k,lkg,0,0,,,1,lC+Obstruen,palk-ko,palk.k*o,lk-k,lkk*
palk-ko,밝고,밝꼬,palk.go,lk-k,lkg,0,0,,,1,lC+Obstruen,palk-ko,palk.k*o,lk-k,lkk*
palk-ko,밝고,발꼬,pal.go,lk-k,lg,1,0,,,1,lC+Obstruen,palk-ko,pal.k*o,lk-k,lk*
palk-ko,밝고,밝꼬,palk.go,lk-k,lkg,0,0,,,1,lC+Obstruen,palk-ko,palk.k*o,lk-k,lkk*
Jalp-ke,짧게,짧께,Jalp.ge,lp-k,lpg,0,0,,,1,lC+Obstruen,c*alp-ke,c*alp.k*e,lp-k,lpk*
palk-ko,밝고,발꼬,pal.go,lk-k,lg,1,0,,,1,lC+Obstruen,palk-ko,pal.k*o,lk-k,lk*
palk-ko,밝고,발꼬,pal.go,lk-k,lg,1,0,,,1,lC+Obstruen,palk-ko,pal.k*o,lk-k,lk*
palk-ko,밝고,발꼬,pal.go,lk-k,lg,1,0,,,1,lC+Obstruen,palk-ko,pal.k*o,lk-k,lk*
palk-ko,밝고,발꼬,pal.go,lk-k,lg,1,0,,,1,lC+Obstruen,palk-ko,pal.k*o,lk-k,lk*
palk-ko,밝고,밝꼬,palk.go,lk-k,lkg,0,0,,,1,lC+Obstruen,palk-ko,palk.k*o,lk-k,lkk*
palk-ko,밝고,밝꼬,palk.go,lk-k,lkg,0,0,,,1,lC+Obstruen,palk-ko,palk.k*o,lk-k,lkk*
palk-ki,밝기,발끼,pal.gi,lk-k,lg,1,0,,,1,lC+Obstruen,palk-ki,pal.k*i,lk-k,lk*
palk-ki,밝기,발끼,pal.gi,lk-k,lg,1,0,,,1,lC+Obstruen,palk-ki,pal.k*i,lk-k,lk*
palk-ta,밝다,발따,pal.da,lk-t,ld,1,0,,,1,lC+Obstruen,palk-ta,pal.t*a,lk-t,lt*
nvlp-ko,넓고,넓꼬,nvlp.go,lp-k,lpg,0,0,,,1,lC+Obstruen,nʌlp-ko,nʌlp.k*o,lp-k,lpk*
palk-ta,밝다,밝따,palk.da,lk-t,lkd,0,0,,,1,lC+Obstruen,palk-ta,palk.t*a,lk-t,lkt*
palk-ko,밝고,밝꼬,palk.go,lk-k,lkg,0,0,,,1,lC+Obstruen,palk-ko,palk.k*o,lk-k,lkk*
palk-cito,밝지도,받찌도,pat.Ji.to,lk-c,tJ,0,1,,,1,lC+Obstruen,palk-cito,pat.c*i.to,lk-c,tc*
palp-ke,밟게,발께,pal.ge,lp-k,lg,1,0,,,1,lC+Obstruen,palp-ke,pal.k*e,lp-k,lk*
ilk-ko,읽고,일꼬,il.go,lk-k,lg,1,0,,,1,lC+Obstruen,ilk-ko,il.k*o,lk-k,lk*
palp-ko,밟고,발꼬,pal.go,lp-k,lg,1,0,,,1,lC+Obstruen,palp-ko,pal.k*o,lp-k,lk*
palp-kosv,밟고서,발꼬서,pal.go.sv,lp-k,lg,1,0,,,1,lC+Obstruen,palp-kosʌ,pal.k*o.sʌ,lp-k,lk*
palp-ki,밟기,발끼,pal.gi,lp-k,lg,1,0,,,1,lC+Obstruen,palp-ki,pal.k*i,lp-k,lk*
palp-kito,밟기도,밟끼도,palp.gi.to,lp-k,lpg,0,0,,,1,lC+Obstruen,palp-kito,palp.k*i.to,lp-k,lpk*
kulm-ko,굶고,굼꼬,kum.go,lm-k,mg,0,1,,,1,lC+Obstruen,kulm-ko,kum.k*o,lm-k,mk*
kulm-ci,굶지,굼찌,kum.Ji,lm-c,mJ,0,1,,,1,lC+Obstruen,kulm-ci,kum.c*i,lm-c,mc*
kulm-ko,굶고,굼꼬,kum.go,lm-k,mg,0,1,,,1,lC+Obstruen,kulm-ko,kum.k*o,lm-k,mk*
palp-ko,밟고,밟꼬,palp.go,lp-k,lpg,0,0,,,1,lC+Obstruen,palp-ko,palp.k*o,lp-k,lpk*
kxlk-ko,긁고,글고,kxl.ko,lk-k,lk,1,0,,,0,lC+Obstruen,kɨlk-ko,kɨl.ko,lk-k,lk
nvlp-cimanxn,넓지마는,널찌마는,nvl.Ji.ma.nxn,lp-c,lJ,1,0,,,1,lC+Obstruen,nʌlp-cimanɨn,nʌl.c*i.ma.nɨn,lp-c,lc*
palp-ko,밟고,밟꼬,palp.go,lp-k,lpg,0,0,,,1,lC+Obstruen,palp-ko,palp.k*o,lp-k,lpk*
Jalp-ciman,짧지만,짤찌만,Jal.Ji.man,lp-c,lJ,1,0,,,1,lC+Obstruen,c*alp-ciman,c*al.c*i.man,lp-c,lc*
ilk-koman,읽고만,읽꼬만,ilk.go.man,lk-k,lkg,0,0,,,0,lC+Obstruen,ilk-koman,ilk.k*o.man,lk-k,lkk*
Jalp-ki,짧기,짧끼,Jalp.gi,lp-k,lpg,0,0,,,1,lC+Obstruen,c*alp-ki,c*alp.k*i,lp-k,lpk*
ilk-ta,읽다,일따,il.da,lk-t,ld,1,0,,,1,lC+Obstruen,ilk-ta,il.t*a,lk-t,lt*
Jalp-ke,짧게,짤께,Jal.ge,lp-k,lg,1,0,,,1,lC+Obstruen,c*alp-ke,c*al.k*e,lp-k,lk*
Jalp-ke,짧게,짤께,Jal.ge,lp-k,lg,1,0,,,1,lC+Obstruen,c*alp-ke,c*al.k*e,lp-k,lk*
Jalp-ko,짧고,짤꼬,Jal.go,lp-k,lg,1,0,,,1,lC+Obstruen,c*alp-ko,c*al.k*o,lp-k,lk*
talm-ko,닮고,담꼬,tam.go,lm-k,mg,0,1,,,1,lC+Obstruen,talm-ko,tam.k*o,lm-k,mk*
palk-ke,밝게,밝께,palk.ge,lk-k,lkg,0,0,,,1,lC+Obstruen,palk-ke,palk.k*e,lk-k,lkk*
yalp-ke,얇게,얇께,yalp.ge,lp-k,lpg,0,0,,,1,lC+Obstruen,jalp-ke,jalp.k*e,lp-k,lpk*
nxlk-ko,늙고,늘꼬,nxl.go,lk-k,lg,1,0,,,1,lC+Obstruen,nɨlk-ko,nɨl.k*o,lk-k,lk*
kulk-ko,굵고,굴꼬,kul.go,lk-k,lg,1,0,,,1,lC+Obstruen,kulk-ko,kul.k*o,lk-k,lk*
palp-ko,밟고,발꼬,pal.go,lp-k,lg,1,0,,,1,lC+Obstruen,palp-ko,pal.k*o,lp-k,lk*
Jalp-canhayo,짧잖아요,짧짜나요,Jalp.Ja.na.yo,lp-c,lpJ,0,0,,,1,lC+Obstruen,c*alp-canhajo,c*alp.c*a.na.jo,lp-c,lpc*
cvlm-ko,젊고,점꼬,cvm.go,lm-k,mg,0,1,,,1,lC+Obstruen,cʌlm-ko,cʌm.k*o,lm-k,mk*
nvlp-ko,넓고,널꼬,nvl.go,lp-k,lg,1,0,,,1,lC+Obstruen,nʌlp-ko,nʌl.k*o,lp-k,lk*
salm-kosv,삶고서,쌈꾸서,Sam.gu.sv,lm-k,mg,0,1,,,1,lC+Obstruen,salm-kosʌ,s*am.k*u.sʌ,lm-k,mk*
nvlp-sxpnita,넓습니다,넓씀니다,nvlp.Sxm.ni.ta,lp-s,lpS,0,0,,,1,lC+Obstruen,nʌlp-sɨpnita,nʌlp.s*ɨm.ni.ta,lp-s,lps*
talm-ko,닮고,담꼬,tam.go,lm-k,mg,0,1,,,1,lC+Obstruen,talm-ko,tam.k*o,lm-k,mk*
Jalp-kenxn,짧게는,짤께는,Jal.ge.nxn,lp-k,lg,1,0,,,1,lC+Obstruen,c*alp-kenɨn,c*al.k*e.nɨn,lp-k,lk*
nvlp-ko,넓고,넑꼬,nvlk.go,lp-k,lkg,0,0,,,1,lC+Obstruen,nʌlp-ko,nʌlk.k*o,lp-k,lkk*
nvlp-ko,넓고,넓꼬,nvlp.go,lp-k,lpg,0,0,,,1,lC+Obstruen,nʌlp-ko,nʌlp.k*o,lp-k,lpk*
palp-ko,밟고,밟꼬,palp.go,lp-k,lpg,0,0,,,1,lC+Obstruen,palp-ko,palp.k*o,lp-k,lpk*
talm-kin,닮긴,달낀,tal.gin,lm-k,lg,1,0,,,1,lC+Obstruen,talm-kin,tal.k*in,lm-k,lk*
palk-ko,밝고,발꼬,pal.go,lk-k,lg,1,0,,,1,lC+Obstruen,palk-ko,pal.k*o,lk-k,lk*
ilk-ko,읽고,읽꼬,ilk.go,lk-k,lkg,0,0,,,1,lC+Obstruen,ilk-ko,ilk.k*o,lk-k,lkk*
nvlp-ke,넓게,널께,nvl.ge,lp-k,lg,1,0,,,1,lC+Obstruen,nʌlp-ke,nʌl.k*e,lp-k,lk*
Jalp-tako,짧다고,짤따고,Jal.da.ko,lp-t,ld,1,0,,,1,lC+Obstruen,c*alp-tako,c*al.t*a.ko,lp-t,lt*
