Morphology_R,Morphology_H,Production_H,Production_R,UR,SR,simplify_delete_obstruent,simplify_delete_lateral,nasalize,lateralize,tensify,Type,n,IPA_Morphology_R,IPA_UR,IPA_SR
Jalp-a,짧아,,,lp-a,lpa,0,0,,,0,lC+Vowel,2,c*alp-a,lp-a,lpa
Jalp-acici,짧아지지,,,lp-a,lpa,0,0,,,0,lC+Vowel,2,c*alp-acici,lp-a,lpa
Jalp-aciko,짧아지고,,,lp-a,lpa,0,0,,,0,lC+Vowel,5,c*alp-aciko,lp-a,lpa
Jalp-aciniga,짧아지니까,,,lp-a,lpa,0,0,,,0,lC+Vowel,3,c*alp-acinik*a,lp-a,lpa
Jalp-acinxn,짧아지는,,,lp-a,lpa,0,0,,,0,lC+Vowel,3,c*alp-acinɨn,lp-a,lpa
Jalp-acinxnteyo,짧아지는데요,,,lp-a,lpa,0,0,,,0,lC+Vowel,1,c*alp-acinɨntejo,lp-a,lpa
Jalp-acin,짧아진,,,lp-a,lpa,0,0,,,0,lC+Vowel,2,c*alp-acin,lp-a,lpa
Jalp-acintanxn,짧아진다는,,,lp-a,lpa,0,0,,,0,lC+Vowel,1,c*alp-acintanɨn,lp-a,lpa
Jalp-acintatxnci,짧아진다든지,,,lp-a,lpa,0,0,,,0,lC+Vowel,1,c*alp-acintatɨnci,lp-a,lpa
Jalp-acyv,짧아져,,,lp-a,lpa,0,0,,,0,lC+Vowel,1,c*alp-acjʌ,lp-a,lpa
Jalp-acyvkaciko,짧아져가지고,,,lp-a,lpa,0,0,,,0,lC+Vowel,2,c*alp-acjʌkaciko,lp-a,lpa
Jalp-acyvsv,짧아져서,,,lp-a,lpa,0,0,,,0,lC+Vowel,2,c*alp-acjʌsʌ,lp-a,lpa
Jalp-acyvSkunalanxn,짧아졌구나라는,,,lp-a,lpa,0,0,,,0,lC+Vowel,1,c*alp-acjʌs*kunalanɨn,lp-a,lpa
Jalp-acyvSnxnte,짧아졌는데,,,lp-a,lpa,0,0,,,0,lC+Vowel,1,c*alp-acjʌs*nɨnte,lp-a,lpa
Jalp-acyvSta,짧아졌다,,,lp-a,lpa,0,0,,,0,lC+Vowel,1,c*alp-acjʌs*ta,lp-a,lpa
Jalp-acyvStako,짧아졌다고,,,lp-a,lpa,0,0,,,0,lC+Vowel,1,c*alp-acjʌs*tako,lp-a,lpa
Jalp-acyvStanxn,짧아졌다는,,,lp-a,lpa,0,0,,,0,lC+Vowel,2,c*alp-acjʌs*tanɨn,lp-a,lpa
Jalp-acyvSxmyvn,짧아졌으면,,,lp-a,lpa,0,0,,,0,lC+Vowel,1,c*alp-acjʌs*ɨmjʌn,lp-a,lpa
Jalp-akaciko,짧아가지고,,,lp-a,lpa,0,0,,,0,lC+Vowel,3,c*alp-akaciko,lp-a,lpa
Jalp-asv,짧아서,,,lp-a,lpa,0,0,,,0,lC+Vowel,20,c*alp-asʌ,lp-a,lpa
Jalp-ato,짧아도,,,lp-a,lpa,0,0,,,0,lC+Vowel,3,c*alp-ato,lp-a,lpa
Jalp-ayo,짧아요,,,lp-a,lpa,0,0,,,0,lC+Vowel,5,c*alp-ajo,lp-a,lpa
Jalp-aSki,짧았기,,,lp-a,lpa,0,0,,,0,lC+Vowel,3,c*alp-as*ki,lp-a,lpa
Jalp-aSkvtxnyo,짧았거든요,,,lp-a,lpa,0,0,,,0,lC+Vowel,2,c*alp-as*kʌtɨnjo,lp-a,lpa
Jalp-aSnxnte,짧았는데,,,lp-a,lpa,0,0,,,0,lC+Vowel,1,c*alp-as*nɨnte,lp-a,lpa
Jalp-aStanxn,짧았다는,,,lp-a,lpa,0,0,,,0,lC+Vowel,1,c*alp-as*tanɨn,lp-a,lpa
Jalp-aStvn,짧았던,,,lp-a,lpa,0,0,,,0,lC+Vowel,4,c*alp-as*tʌn,lp-a,lpa
Jalp-aSvyo,짧았어요,,,lp-a,lpa,0,0,,,0,lC+Vowel,2,c*alp-as*ʌjo,lp-a,lpa
Jalp-x,짧으,,,lp-x,lpx,0,0,,,0,lC+Vowel,1,c*alp-ɨ,lp-ɨ,lpɨ
Jalp-xmyvn,짧으면,,,lp-x,lpx,0,0,,,0,lC+Vowel,8,c*alp-ɨmjʌn,lp-ɨ,lpɨ
Jalp-xniga,짧으니까,,,lp-x,lpx,0,0,,,0,lC+Vowel,5,c*alp-ɨnik*a,lp-ɨ,lpɨ
Jalp-xl,짧을,,,lp-x,lpx,0,0,,,0,lC+Vowel,2,c*alp-ɨl,lp-ɨ,lpɨ
Jalp-xn,짧은,,,lp-x,lpx,0,0,,,0,lC+Vowel,151,c*alp-ɨn,lp-ɨ,lpɨ
Jalp-xnte,짧은데,,,lp-x,lpx,0,0,,,0,lC+Vowel,6,c*alp-ɨnte,lp-ɨ,lpɨ
Jalp-xnteto,짧은데도,,,lp-x,lpx,0,0,,,0,lC+Vowel,1,c*alp-ɨnteto,lp-ɨ,lpɨ
Poknvlp-xn,폭넓은,,,lp-x,lpx,0,0,,,0,lC+Vowel,4,pʰoknʌlp-ɨn,lp-ɨ,lpɨ
cilm-vcikeSta,짊어지겠다,,,lm-v,lmv,0,0,,,0,lC+Vowel,1,cilm-ʌcikes*ta,lm-ʌ,lmʌ
cilm-vciko,짊어지고,,,lm-v,lmv,0,0,,,0,lC+Vowel,11,cilm-ʌciko,lm-ʌ,lmʌ
cilm-vcilyvko,짊어지려고,,,lm-v,lmv,0,0,,,0,lC+Vowel,1,cilm-ʌciljʌko,lm-ʌ,lmʌ
cilm-vcinxn,짊어지는,,,lm-v,lmv,0,0,,,0,lC+Vowel,2,cilm-ʌcinɨn,lm-ʌ,lmʌ
cilm-vcil,짊어질,,,lm-v,lmv,0,0,,,0,lC+Vowel,1,cilm-ʌcil,lm-ʌ,lmʌ
cilm-vcilga,짊어질까,,,lm-v,lmv,0,0,,,0,lC+Vowel,1,cilm-ʌcilk*a,lm-ʌ,lmʌ
cilm-vcyvto,짊어져도,,,lm-v,lmv,0,0,,,0,lC+Vowel,1,cilm-ʌcjʌto,lm-ʌ,lmʌ
cilm-vcyvya,짊어져야,,,lm-v,lmv,0,0,,,0,lC+Vowel,2,cilm-ʌcjʌja,lm-ʌ,lmʌ
cispalp-apvlin,짓밟아버린,,,lp-a,lpa,0,0,,,0,lC+Vowel,1,cispalp-apʌlin,lp-a,lpa
cispalp-aStvn,짓밟았던,,,lp-a,lpa,0,0,,,0,lC+Vowel,1,cispalp-as*tʌn,lp-a,lpa
cvlm-v,젊어,,,lm-v,lmv,0,0,,,0,lC+Vowel,6,cʌlm-ʌ,lm-ʌ,lmʌ
cvlm-vciko,젊어지고,,,lm-v,lmv,0,0,,,0,lC+Vowel,1,cʌlm-ʌciko,lm-ʌ,lmʌ
cvlm-vciniga,젊어지니까,,,lm-v,lmv,0,0,,,0,lC+Vowel,2,cʌlm-ʌcinik*a,lm-ʌ,lmʌ
cvlm-vcinxn,젊어지는,,,lm-v,lmv,0,0,,,0,lC+Vowel,2,cʌlm-ʌcinɨn,lm-ʌ,lmʌ
cvlm-vcin,젊어진,,,lm-v,lmv,0,0,,,0,lC+Vowel,1,cʌlm-ʌcin,lm-ʌ,lmʌ
cvlm-vkaciko,젊어가지고,,,lm-v,lmv,0,0,,,0,lC+Vowel,1,cʌlm-ʌkaciko,lm-ʌ,lmʌ
cvlm-vsv,젊어서,,,lm-v,lmv,0,0,,,0,lC+Vowel,20,cʌlm-ʌsʌ,lm-ʌ,lmʌ
cvlm-vsvnxn,젊어서는,,,lm-v,lmv,0,0,,,0,lC+Vowel,5,cʌlm-ʌsʌnɨn,lm-ʌ,lmʌ
cvlm-vsvpuTv,젊어서부터,,,lm-v,lmv,0,0,,,0,lC+Vowel,1,cʌlm-ʌsʌputʰʌ,lm-ʌ,lmʌ
cvlm-vsvto,젊어서도,,,lm-v,lmv,0,0,,,0,lC+Vowel,2,cʌlm-ʌsʌto,lm-ʌ,lmʌ
cvlm-vyo,젊어요,,,lm-v,lmv,0,0,,,0,lC+Vowel,1,cʌlm-ʌjo,lm-ʌ,lmʌ
cvlm-vS,젊었,,,lm-v,lmv,0,0,,,0,lC+Vowel,1,cʌlm-ʌs*,lm-ʌ,lmʌ
cvlm-vScanhayo,젊었잖아요,,,lm-v,lmv,0,0,,,0,lC+Vowel,1,cʌlm-ʌs*canhajo,lm-ʌ,lmʌ
cvlm-vSkeScyo,젊었겠죠,,,lm-v,lmv,0,0,,,0,lC+Vowel,1,cʌlm-ʌs*kes*cjo,lm-ʌ,lmʌ
cvlm-vSvStvn,젊었었던,,,lm-v,lmv,0,0,,,0,lC+Vowel,1,cʌlm-ʌs*ʌs*tʌn,lm-ʌ,lmʌ
cvlm-vSxmyvn,젊었으면,,,lm-v,lmv,0,0,,,0,lC+Vowel,1,cʌlm-ʌs*ɨmjʌn,lm-ʌ,lmʌ
cvlm-vSxmyvnxn,젊었으면은,,,lm-v,lmv,0,0,,,0,lC+Vowel,2,cʌlm-ʌs*ɨmjʌnɨn,lm-ʌ,lmʌ
cvlm-vSxniga,젊었으니까,,,lm-v,lmv,0,0,,,0,lC+Vowel,2,cʌlm-ʌs*ɨnik*a,lm-ʌ,lmʌ
cvlm-vSxl,젊었을,,,lm-v,lmv,0,0,,,0,lC+Vowel,184,cʌlm-ʌs*ɨl,lm-ʌ,lmʌ
cvlm-x,젊으,,,lm-x,lmx,0,0,,,0,lC+Vowel,1,cʌlm-ɨ,lm-ɨ,lmɨ
cvlm-xna,젊으나,,,lm-x,lmx,0,0,,,0,lC+Vowel,3,cʌlm-ɨna,lm-ɨ,lmɨ
cvlm-xniga,젊으니까,,,lm-x,lmx,0,0,,,0,lC+Vowel,12,cʌlm-ɨnik*a,lm-ɨ,lmɨ
cvlm-xnigan,젊으니깐,,,lm-x,lmx,0,0,,,0,lC+Vowel,2,cʌlm-ɨnik*an,lm-ɨ,lmɨ
cvlm-xsicanhayo,젊으시잖아요,,,lm-x,lmx,0,0,,,0,lC+Vowel,3,cʌlm-ɨsicanhajo,lm-ɨ,lmɨ
cvlm-xsikinxn,젊으시기는,,,lm-x,lmx,0,0,,,0,lC+Vowel,1,cʌlm-ɨsikinɨn,lm-ɨ,lmɨ
cvlm-xsiniga,젊으시니까,,,lm-x,lmx,0,0,,,0,lC+Vowel,1,cʌlm-ɨsinik*a,lm-ɨ,lmɨ
cvlm-xsita,젊으시다,,,lm-x,lmx,0,0,,,0,lC+Vowel,1,cʌlm-ɨsita,lm-ɨ,lmɨ
cvlm-xsil,젊으실,,,lm-x,lmx,0,0,,,0,lC+Vowel,3,cʌlm-ɨsil,lm-ɨ,lmɨ
cvlm-xsin,젊으신,,,lm-x,lmx,0,0,,,0,lC+Vowel,12,cʌlm-ɨsin,lm-ɨ,lmɨ
cvlm-xsinte,젊으신데,,,lm-x,lmx,0,0,,,0,lC+Vowel,2,cʌlm-ɨsinte,lm-ɨ,lmɨ
cvlm-xsyvkaciko,젊으셔가지고,,,lm-x,lmx,0,0,,,0,lC+Vowel,2,cʌlm-ɨsjʌkaciko,lm-ɨ,lmɨ
cvlm-xsyvkacko,젊으셔갖고,,,lm-x,lmx,0,0,,,0,lC+Vowel,1,cʌlm-ɨsjʌkacko,lm-ɨ,lmɨ
cvlm-xsyvsv,젊으셔서,,,lm-x,lmx,0,0,,,0,lC+Vowel,1,cʌlm-ɨsjʌsʌ,lm-ɨ,lmɨ
cvlm-xsyvSkvtxnyo,젊으셨거든요,,,lm-x,lmx,0,0,,,0,lC+Vowel,1,cʌlm-ɨsjʌs*kʌtɨnjo,lm-ɨ,lmɨ
cvlm-xsyvSxl,젊으셨을,,,lm-x,lmx,0,0,,,0,lC+Vowel,1,cʌlm-ɨsjʌs*ɨl,lm-ɨ,lmɨ
cvlm-xl,젊을,,,lm-x,lmx,0,0,,,0,lC+Vowel,43,cʌlm-ɨl,lm-ɨ,lmɨ
cvlm-xm,젊음,,,lm-x,lmx,0,0,,,0,lC+Vowel,1,cʌlm-ɨm,lm-ɨ,lmɨ
cvlm-xmxl,젊음을,,,lm-x,lmx,0,0,,,0,lC+Vowel,4,cʌlm-ɨmɨl,lm-ɨ,lmɨ
cvlm-xn,젊은,,,lm-x,lmx,0,0,,,0,lC+Vowel,520,cʌlm-ɨn,lm-ɨ,lmɨ
cvlm-xnCxNina,젊은층이나,,,lm-x,lmx,0,0,,,0,lC+Vowel,1,cʌlm-ɨncʰɨŋina,lm-ɨ,lmɨ
cvlm-xnCxNxlo,젊은층으로,,,lm-x,lmx,0,0,,,0,lC+Vowel,1,cʌlm-ɨncʰɨŋɨlo,lm-ɨ,lmɨ
cvlm-xnCxNxy,젊은층의,,,lm-x,lmx,0,0,,,0,lC+Vowel,1,cʌlm-ɨncʰɨŋɨj,lm-ɨ,lmɨ
cvlm-xni,젊은이,,,lm-x,lmx,0,0,,,0,lC+Vowel,3,cʌlm-ɨni,lm-ɨ,lmɨ
cvlm-xnika,젊은이가,,,lm-x,lmx,0,0,,,0,lC+Vowel,1,cʌlm-ɨnika,lm-ɨ,lmɨ
cvlm-xnilamyvn,젊은이라면,,,lm-x,lmx,0,0,,,0,lC+Vowel,1,cʌlm-ɨnilamjʌn,lm-ɨ,lmɨ
cvlm-xnilanxn,젊은이라는,,,lm-x,lmx,0,0,,,0,lC+Vowel,1,cʌlm-ɨnilanɨn,lm-ɨ,lmɨ
cvlm-xniman,젊은이만,,,lm-x,lmx,0,0,,,0,lC+Vowel,1,cʌlm-ɨniman,lm-ɨ,lmɨ
cvlm-xniniga,젊은이니까,,,lm-x,lmx,0,0,,,0,lC+Vowel,2,cʌlm-ɨninik*a,lm-ɨ,lmɨ
cvlm-xnita,젊은이다,,,lm-x,lmx,0,0,,,0,lC+Vowel,1,cʌlm-ɨnita,lm-ɨ,lmɨ
cvlm-xnitxl,젊은이들,,,lm-x,lmx,0,0,,,0,lC+Vowel,5,cʌlm-ɨnitɨl,lm-ɨ,lmɨ
cvlm-xnitxle,젊은이들에,,,lm-x,lmx,0,0,,,0,lC+Vowel,1,cʌlm-ɨnitɨle,lm-ɨ,lmɨ
cvlm-xnitxleke,젊은이들에게,,,lm-x,lmx,0,0,,,0,lC+Vowel,2,cʌlm-ɨnitɨleke,lm-ɨ,lmɨ
cvlm-xnitxleketo,젊은이들에게도,,,lm-x,lmx,0,0,,,0,lC+Vowel,1,cʌlm-ɨnitɨleketo,lm-ɨ,lmɨ
cvlm-xnitxlhanTe,젊은이들한테,,,lm-x,lmx,0,0,,,0,lC+Vowel,5,cʌlm-ɨnitɨlhantʰe,lm-ɨ,lmɨ
cvlm-xnitxlhanTeto,젊은이들한테도,,,lm-x,lmx,0,0,,,0,lC+Vowel,1,cʌlm-ɨnitɨlhantʰeto,lm-ɨ,lmɨ
cvlm-xnitxli,젊은이들이,,,lm-x,lmx,0,0,,,0,lC+Vowel,24,cʌlm-ɨnitɨli,lm-ɨ,lmɨ
cvlm-xnitxlina,젊은이들이나,,,lm-x,lmx,0,0,,,0,lC+Vowel,1,cʌlm-ɨnitɨlina,lm-ɨ,lmɨ
cvlm-xnitxlivSxmyvn,젊은이들이었으면,,,lm-x,lmx,0,0,,,0,lC+Vowel,1,cʌlm-ɨnitɨliʌs*ɨmjʌn,lm-ɨ,lmɨ
cvlm-xnitxltapci,젊은이들답지,,,lm-x,lmx,0,0,,,0,lC+Vowel,1,cʌlm-ɨnitɨltapci,lm-ɨ,lmɨ
cvlm-xnitxlto,젊은이들도,,,lm-x,lmx,0,0,,,0,lC+Vowel,1,cʌlm-ɨnitɨlto,lm-ɨ,lmɨ
cvlm-xnitxlxl,젊은이들을,,,lm-x,lmx,0,0,,,0,lC+Vowel,2,cʌlm-ɨnitɨlɨl,lm-ɨ,lmɨ
cvlm-xnitxlxn,젊은이들은,,,lm-x,lmx,0,0,,,0,lC+Vowel,10,cʌlm-ɨnitɨlɨn,lm-ɨ,lmɨ
cvlm-xnitxlxy,젊은이들의,,,lm-x,lmx,0,0,,,0,lC+Vowel,5,cʌlm-ɨnitɨlɨj,lm-ɨ,lmɨ
cvlm-xnixy,젊은이의,,,lm-x,lmx,0,0,,,0,lC+Vowel,2,cʌlm-ɨniɨj,lm-ɨ,lmɨ
cvlm-xnte,젊은데,,,lm-x,lmx,0,0,,,0,lC+Vowel,6,cʌlm-ɨnte,lm-ɨ,lmɨ
halT-acuko,핥아주고,,,lT-a,lTa,0,0,,,0,lC+Vowel,3,haltʰ-acuko,ltʰ-a,ltʰa
halT-acukvna,핥아주거나,,,lT-a,lTa,0,0,,,0,lC+Vowel,1,haltʰ-acukʌna,ltʰ-a,ltʰa
halT-acutvlako,핥아주더라고,,,lT-a,lTa,0,0,,,0,lC+Vowel,1,haltʰ-acutʌlako,ltʰ-a,ltʰa
halT-acuntatxnka,핥아준다든가,,,lT-a,lTa,0,0,,,0,lC+Vowel,1,haltʰ-acuntatɨnka,ltʰ-a,ltʰa
halT-akamyvnsv,핥아가면서,,,lT-a,lTa,0,0,,,0,lC+Vowel,1,haltʰ-akamjʌnsʌ,ltʰ-a,ltʰa
halT-asv,핥아서,,,lT-a,lTa,0,0,,,0,lC+Vowel,3,haltʰ-asʌ,ltʰ-a,ltʰa
halT-ayo,핥아요,,,lT-a,lTa,0,0,,,0,lC+Vowel,3,haltʰ-ajo,ltʰ-a,ltʰa
halT-aSxl,핥았을,,,lT-a,lTa,0,0,,,0,lC+Vowel,1,haltʰ-as*ɨl,ltʰ-a,ltʰa
halT-xmyvn,핥으면,,,lT-x,lTx,0,0,,,0,lC+Vowel,1,haltʰ-ɨmjʌn,ltʰ-ɨ,ltʰɨ
hemalk-xm,해맑음,,,lk-x,lkx,0,0,,,0,lC+Vowel,1,hemalk-ɨm,lk-ɨ,lkɨ
hulT-v,훑어,,,lT-v,lTv,0,0,,,0,lC+Vowel,1,hultʰ-ʌ,ltʰ-ʌ,ltʰʌ
hulT-vpoko,훑어보고,,,lT-v,lTv,0,0,,,0,lC+Vowel,5,hultʰ-ʌpoko,ltʰ-ʌ,ltʰʌ
hulT-vpomyvn,훑어보면,,,lT-v,lTv,0,0,,,0,lC+Vowel,1,hultʰ-ʌpomjʌn,ltʰ-ʌ,ltʰʌ
hulT-vpomyvnsv,훑어보면서,,,lT-v,lTv,0,0,,,0,lC+Vowel,1,hultʰ-ʌpomjʌnsʌ,ltʰ-ʌ,ltʰʌ
hulT-vposin,훑어보신,,,lT-v,lTv,0,0,,,0,lC+Vowel,1,hultʰ-ʌposin,ltʰ-ʌ,ltʰʌ
hulT-vpotaka,훑어보다가,,,lT-v,lTv,0,0,,,0,lC+Vowel,1,hultʰ-ʌpotaka,ltʰ-ʌ,ltʰʌ
hulT-vpotvni,훑어보더니,,,lT-v,lTv,0,0,,,0,lC+Vowel,1,hultʰ-ʌpotʌni,ltʰ-ʌ,ltʰʌ
hulT-vpwaya,훑어봐야,,,lT-v,lTv,0,0,,,0,lC+Vowel,1,hultʰ-ʌpwaja,ltʰ-ʌ,ltʰʌ
ilk-v,읽어,,,lk-v,lkv,0,0,,,0,lC+Vowel,15,ilk-ʌ,lk-ʌ,lkʌ
ilk-vcin,읽어진,,,lk-v,lkv,0,0,,,0,lC+Vowel,1,ilk-ʌcin,lk-ʌ,lkʌ
ilk-vcuca,읽어주자,,,lk-v,lkv,0,0,,,0,lC+Vowel,1,ilk-ʌcuca,lk-ʌ,lkʌ
ilk-vcuke,읽어주게,,,lk-v,lkv,0,0,,,0,lC+Vowel,1,ilk-ʌcuke,lk-ʌ,lkʌ
ilk-vcukin,읽어주긴,,,lk-v,lkv,0,0,,,0,lC+Vowel,1,ilk-ʌcukin,lk-ʌ,lkʌ
ilk-vcuko,읽어주고,,,lk-v,lkv,0,0,,,0,lC+Vowel,2,ilk-ʌcuko,lk-ʌ,lkʌ
ilk-vcukvna,읽어주거나,,,lk-v,lkv,0,0,,,0,lC+Vowel,1,ilk-ʌcukʌna,lk-ʌ,lkʌ
ilk-vcumyvn,읽어주면,,,lk-v,lkv,0,0,,,0,lC+Vowel,1,ilk-ʌcumjʌn,lk-ʌ,lkʌ
ilk-vcumyvnsv,읽어주면서,,,lk-v,lkv,0,0,,,0,lC+Vowel,4,ilk-ʌcumjʌnsʌ,lk-ʌ,lkʌ
ilk-vcunxn,읽어주는,,,lk-v,lkv,0,0,,,0,lC+Vowel,7,ilk-ʌcunɨn,lk-ʌ,lkʌ
ilk-vcunxnte,읽어주는데,,,lk-v,lkv,0,0,,,0,lC+Vowel,1,ilk-ʌcunɨnte,lk-ʌ,lkʌ
ilk-vcusikito,읽어주시기도,,,lk-v,lkv,0,0,,,0,lC+Vowel,1,ilk-ʌcusikito,lk-ʌ,lkʌ
ilk-vcusikvtxn,읽어주시거든,,,lk-v,lkv,0,0,,,0,lC+Vowel,1,ilk-ʌcusikʌtɨn,lk-ʌ,lkʌ
ilk-vcun,읽어준,,,lk-v,lkv,0,0,,,0,lC+Vowel,1,ilk-ʌcun,lk-ʌ,lkʌ
ilk-vcwvSkvtxn,읽어줬거든,,,lk-v,lkv,0,0,,,0,lC+Vowel,1,ilk-ʌcwʌs*kʌtɨn,lk-ʌ,lkʌ
ilk-vcyvsv,읽어져서,,,lk-v,lkv,0,0,,,0,lC+Vowel,1,ilk-ʌcjʌsʌ,lk-ʌ,lkʌ
ilk-vkanxn,읽어가는,,,lk-v,lkv,0,0,,,0,lC+Vowel,1,ilk-ʌkanɨn,lk-ʌ,lkʌ
ilk-vla,읽어라,,,lk-v,lkv,0,0,,,0,lC+Vowel,3,ilk-ʌla,lk-ʌ,lkʌ
ilk-vneko,읽어내고,,,lk-v,lkv,0,0,,,0,lC+Vowel,1,ilk-ʌneko,lk-ʌ,lkʌ
ilk-vnenxn,읽어내는,,,lk-v,lkv,0,0,,,0,lC+Vowel,1,ilk-ʌnenɨn,lk-ʌ,lkʌ
ilk-vpoci,읽어보지,,,lk-v,lkv,0,0,,,0,lC+Vowel,1,ilk-ʌpoci,lk-ʌ,lkʌ
ilk-vpocinxn,읽어보지는,,,lk-v,lkv,0,0,,,0,lC+Vowel,2,ilk-ʌpocinɨn,lk-ʌ,lkʌ
ilk-vpocin,읽어보진,,,lk-v,lkv,0,0,,,0,lC+Vowel,1,ilk-ʌpocin,lk-ʌ,lkʌ
ilk-vpokie,읽어보기에,,,lk-v,lkv,0,0,,,0,lC+Vowel,1,ilk-ʌpokie,lk-ʌ,lkʌ
ilk-vpokinxn,읽어보기는,,,lk-v,lkv,0,0,,,0,lC+Vowel,1,ilk-ʌpokinɨn,lk-ʌ,lkʌ
ilk-vpokin,읽어보긴,,,lk-v,lkv,0,0,,,0,lC+Vowel,1,ilk-ʌpokin,lk-ʌ,lkʌ
ilk-vpoko,읽어보고,,,lk-v,lkv,0,0,,,0,lC+Vowel,2,ilk-ʌpoko,lk-ʌ,lkʌ
ilk-vpokonxn,읽어보고는,,,lk-v,lkv,0,0,,,0,lC+Vowel,1,ilk-ʌpokonɨn,lk-ʌ,lkʌ
ilk-vpolako,읽어보라고,,,lk-v,lkv,0,0,,,0,lC+Vowel,1,ilk-ʌpolako,lk-ʌ,lkʌ
ilk-vpolv,읽어보러,,,lk-v,lkv,0,0,,,0,lC+Vowel,1,ilk-ʌpolʌ,lk-ʌ,lkʌ
ilk-vpomyvn,읽어보면,,,lk-v,lkv,0,0,,,0,lC+Vowel,5,ilk-ʌpomjʌn,lk-ʌ,lkʌ
ilk-vpomyvnsv,읽어보면서,,,lk-v,lkv,0,0,,,0,lC+Vowel,2,ilk-ʌpomjʌnsʌ,lk-ʌ,lkʌ
ilk-vpomyvnxn,읽어보면은,,,lk-v,lkv,0,0,,,0,lC+Vowel,4,ilk-ʌpomjʌnɨn,lk-ʌ,lkʌ
ilk-vponiga,읽어보니까,,,lk-v,lkv,0,0,,,0,lC+Vowel,8,ilk-ʌponik*a,lk-ʌ,lkʌ
ilk-vponxn,읽어보는,,,lk-v,lkv,0,0,,,0,lC+Vowel,1,ilk-ʌponɨn,lk-ʌ,lkʌ
ilk-vposinxn,읽어보시는,,,lk-v,lkv,0,0,,,0,lC+Vowel,1,ilk-ʌposinɨn,lk-ʌ,lkʌ
ilk-vposintako,읽어보신다고,,,lk-v,lkv,0,0,,,0,lC+Vowel,1,ilk-ʌposintako,lk-ʌ,lkʌ
ilk-vposyvScyo,읽어보셨죠,,,lk-v,lkv,0,0,,,0,lC+Vowel,1,ilk-ʌposjʌs*cjo,lk-ʌ,lkʌ
ilk-vposyvSvyo,읽어보셨어요,,,lk-v,lkv,0,0,,,0,lC+Vowel,1,ilk-ʌposjʌs*ʌjo,lk-ʌ,lkʌ
ilk-vposyvSxlgayo,읽어보셨을까요,,,lk-v,lkv,0,0,,,0,lC+Vowel,1,ilk-ʌposjʌs*ɨlk*ajo,lk-ʌ,lkʌ
ilk-vpol,읽어볼,,,lk-v,lkv,0,0,,,0,lC+Vowel,2,ilk-ʌpol,lk-ʌ,lkʌ
ilk-vpon,읽어본,,,lk-v,lkv,0,0,,,0,lC+Vowel,5,ilk-ʌpon,lk-ʌ,lkʌ
ilk-vpwaculke,읽어봐줄게,,,lk-v,lkv,0,0,,,0,lC+Vowel,1,ilk-ʌpwaculke,lk-ʌ,lkʌ
ilk-vpwato,읽어봐도,,,lk-v,lkv,0,0,,,0,lC+Vowel,2,ilk-ʌpwato,lk-ʌ,lkʌ
ilk-vpwaSkoyo,읽어봤고요,,,lk-v,lkv,0,0,,,0,lC+Vowel,1,ilk-ʌpwas*kojo,lk-ʌ,lkʌ
ilk-vpwaSkvtxnyo,읽어봤거든요,,,lk-v,lkv,0,0,,,0,lC+Vowel,1,ilk-ʌpwas*kʌtɨnjo,lk-ʌ,lkʌ
ilk-vpwaSnxnte,읽어봤는데,,,lk-v,lkv,0,0,,,0,lC+Vowel,2,ilk-ʌpwas*nɨnte,lk-ʌ,lkʌ
ilk-vpwaSnxnteyo,읽어봤는데요,,,lk-v,lkv,0,0,,,0,lC+Vowel,3,ilk-ʌpwas*nɨntejo,lk-ʌ,lkʌ
ilk-vpwaStan,읽어봤단,,,lk-v,lkv,0,0,,,0,lC+Vowel,1,ilk-ʌpwas*tan,lk-ʌ,lkʌ
ilk-vpwaStvn,읽어봤던,,,lk-v,lkv,0,0,,,0,lC+Vowel,1,ilk-ʌpwas*tʌn,lk-ʌ,lkʌ
ilk-vpwaSv,읽어봤어,,,lk-v,lkv,0,0,,,0,lC+Vowel,2,ilk-ʌpwas*ʌ,lk-ʌ,lkʌ
ilk-vpwaSvyo,읽어봤어요,,,lk-v,lkv,0,0,,,0,lC+Vowel,1,ilk-ʌpwas*ʌjo,lk-ʌ,lkʌ
ilk-vpwaSxl,읽어봤을,,,lk-v,lkv,0,0,,,0,lC+Vowel,1,ilk-ʌpwas*ɨl,lk-ʌ,lkʌ
ilk-vsv,읽어서,,,lk-v,lkv,0,0,,,0,lC+Vowel,4,ilk-ʌsʌ,lk-ʌ,lkʌ
ilk-vto,읽어도,,,lk-v,lkv,0,0,,,0,lC+Vowel,4,ilk-ʌto,lk-ʌ,lkʌ
ilk-vtxlipni,읽어드립니,,,lk-v,lkv,0,0,,,0,lC+Vowel,1,ilk-ʌtɨlipni,lk-ʌ,lkʌ
ilk-vya,읽어야,,,lk-v,lkv,0,0,,,0,lC+Vowel,8,ilk-ʌja,lk-ʌ,lkʌ
ilk-vyaci,읽어야지,,,lk-v,lkv,0,0,,,0,lC+Vowel,1,ilk-ʌjaci,lk-ʌ,lkʌ
ilk-vyacilako,읽어야지라고,,,lk-v,lkv,0,0,,,0,lC+Vowel,1,ilk-ʌjacilako,lk-ʌ,lkʌ
ilk-vyakeSta,읽어야겠다,,,lk-v,lkv,0,0,,,0,lC+Vowel,2,ilk-ʌjakes*ta,lk-ʌ,lkʌ
ilk-vyo,읽어요,,,lk-v,lkv,0,0,,,0,lC+Vowel,2,ilk-ʌjo,lk-ʌ,lkʌ
ilk-vScanha,읽었잖아,,,lk-v,lkv,0,0,,,0,lC+Vowel,2,ilk-ʌs*canha,lk-ʌ,lkʌ
ilk-vSki,읽었기,,,lk-v,lkv,0,0,,,0,lC+Vowel,1,ilk-ʌs*ki,lk-ʌ,lkʌ
ilk-vSko,읽었고,,,lk-v,lkv,0,0,,,0,lC+Vowel,3,ilk-ʌs*ko,lk-ʌ,lkʌ
ilk-vSkvtxn,읽었거든,,,lk-v,lkv,0,0,,,0,lC+Vowel,1,ilk-ʌs*kʌtɨn,lk-ʌ,lkʌ
ilk-vSkvtxnyo,읽었거든요,,,lk-v,lkv,0,0,,,0,lC+Vowel,1,ilk-ʌs*kʌtɨnjo,lk-ʌ,lkʌ
ilk-vSnxnte,읽었는데,,,lk-v,lkv,0,0,,,0,lC+Vowel,14,ilk-ʌs*nɨnte,lk-ʌ,lkʌ
ilk-vSnxnteyo,읽었는데요,,,lk-v,lkv,0,0,,,0,lC+Vowel,1,ilk-ʌs*nɨntejo,lk-ʌ,lkʌ
ilk-vSta,읽었다,,,lk-v,lkv,0,0,,,0,lC+Vowel,1,ilk-ʌs*ta,lk-ʌ,lkʌ
ilk-vStako,읽었다고,,,lk-v,lkv,0,0,,,0,lC+Vowel,1,ilk-ʌs*tako,lk-ʌ,lkʌ
ilk-vStvn,읽었던,,,lk-v,lkv,0,0,,,0,lC+Vowel,14,ilk-ʌs*tʌn,lk-ʌ,lkʌ
ilk-vSv,읽었어,,,lk-v,lkv,0,0,,,0,lC+Vowel,2,ilk-ʌs*ʌ,lk-ʌ,lkʌ
ilk-vSvyo,읽었어요,,,lk-v,lkv,0,0,,,0,lC+Vowel,4,ilk-ʌs*ʌjo,lk-ʌ,lkʌ
ilk-vSvSkvtxn,읽었었거든,,,lk-v,lkv,0,0,,,0,lC+Vowel,1,ilk-ʌs*ʌs*kʌtɨn,lk-ʌ,lkʌ
ilk-vSvSkvtxnyo,읽었었거든요,,,lk-v,lkv,0,0,,,0,lC+Vowel,1,ilk-ʌs*ʌs*kʌtɨnjo,lk-ʌ,lkʌ
ilk-vSvSnxn,읽었었는,,,lk-v,lkv,0,0,,,0,lC+Vowel,1,ilk-ʌs*ʌs*nɨn,lk-ʌ,lkʌ
ilk-vSvSnxnte,읽었었는데,,,lk-v,lkv,0,0,,,0,lC+Vowel,2,ilk-ʌs*ʌs*nɨnte,lk-ʌ,lkʌ
ilk-vSvSnxnteyo,읽었었는데요,,,lk-v,lkv,0,0,,,0,lC+Vowel,1,ilk-ʌs*ʌs*nɨntejo,lk-ʌ,lkʌ
ilk-vSvSsxpnita,읽었었습니다,,,lk-v,lkv,0,0,,,0,lC+Vowel,1,ilk-ʌs*ʌs*sɨpnita,lk-ʌ,lkʌ
ilk-vSx,읽었으,,,lk-v,lkv,0,0,,,0,lC+Vowel,1,ilk-ʌs*ɨ,lk-ʌ,lkʌ
ilk-vSxl,읽었을,,,lk-v,lkv,0,0,,,0,lC+Vowel,4,ilk-ʌs*ɨl,lk-ʌ,lkʌ
ilk-xla,읽으라,,,lk-x,lkx,0,0,,,0,lC+Vowel,1,ilk-ɨla,lk-ɨ,lkɨ
ilk-xlyvko,읽으려고,,,lk-x,lkx,0,0,,,0,lC+Vowel,2,ilk-ɨljʌko,lk-ɨ,lkɨ
ilk-xmyvn,읽으면,,,lk-x,lkx,0,0,,,0,lC+Vowel,5,ilk-ɨmjʌn,lk-ɨ,lkɨ
ilk-xmyvnsv,읽으면서,,,lk-x,lkx,0,0,,,0,lC+Vowel,19,ilk-ɨmjʌnsʌ,lk-ɨ,lkɨ
ilk-xmyvnsvto,읽으면서도,,,lk-x,lkx,0,0,,,0,lC+Vowel,1,ilk-ɨmjʌnsʌto,lk-ɨ,lkɨ
ilk-xmyvnxn,읽으면은,,,lk-x,lkx,0,0,,,0,lC+Vowel,1,ilk-ɨmjʌnɨn,lk-ɨ,lkɨ
ilk-xniga,읽으니까,,,lk-x,lkx,0,0,,,0,lC+Vowel,5,ilk-ɨnik*a,lk-ɨ,lkɨ
ilk-xseyo,읽으세요,,,lk-x,lkx,0,0,,,0,lC+Vowel,1,ilk-ɨsejo,lk-ɨ,lkɨ
ilk-xsinxn,읽으시는,,,lk-x,lkx,0,0,,,0,lC+Vowel,6,ilk-ɨsinɨn,lk-ɨ,lkɨ
ilk-xsinxnci,읽으시는지,,,lk-x,lkx,0,0,,,0,lC+Vowel,1,ilk-ɨsinɨnci,lk-ɨ,lkɨ
ilk-xsyvsv,읽으셔서,,,lk-x,lkx,0,0,,,0,lC+Vowel,1,ilk-ɨsjʌsʌ,lk-ɨ,lkɨ
ilk-xsyvSkeSvyo,읽으셨겠어요,,,lk-x,lkx,0,0,,,0,lC+Vowel,1,ilk-ɨsjʌs*kes*ʌjo,lk-ɨ,lkɨ
ilk-xl,읽을,,,lk-x,lkx,0,0,,,0,lC+Vowel,18,ilk-ɨl,lk-ɨ,lkɨ
ilk-xn,읽은,,,lk-x,lkx,0,0,,,0,lC+Vowel,17,ilk-ɨn,lk-ɨ,lkɨ
kalk-a,갉아,,,lk-a,lka,0,0,,,0,lC+Vowel,5,kalk-a,lk-a,lka
kalk-amvkko,갉아먹고,,,lk-a,lka,0,0,,,0,lC+Vowel,2,kalk-amʌkko,lk-a,lka
kalk-amvknxn,갉아먹는,,,lk-a,lka,0,0,,,0,lC+Vowel,3,kalk-amʌknɨn,lk-a,lka
kalk-amvkxn,갉아먹은,,,lk-a,lka,0,0,,,0,lC+Vowel,1,kalk-amʌkɨn,lk-a,lka
kolm-a,곪아,,,lm-a,lma,0,0,,,0,lC+Vowel,1,kolm-a,lm-a,lma
kolm-xl,곪을,,,lm-x,lmx,0,0,,,0,lC+Vowel,2,kolm-ɨl,lm-ɨ,lmɨ
kulk-vciko,굵어지고,,,lk-v,lkv,0,0,,,0,lC+Vowel,2,kulk-ʌciko,lk-ʌ,lkʌ
kulk-vSko,굵었고,,,lk-v,lkv,0,0,,,0,lC+Vowel,1,kulk-ʌs*ko,lk-ʌ,lkʌ
kulk-vSvyo,굵었어요,,,lk-v,lkv,0,0,,,0,lC+Vowel,1,kulk-ʌs*ʌjo,lk-ʌ,lkʌ
kulk-xn,굵은,,,lk-x,lkx,0,0,,,0,lC+Vowel,6,kulk-ɨn,lk-ɨ,lkɨ
kulm-v,굶어,,,lm-v,lmv,0,0,,,0,lC+Vowel,13,kulm-ʌ,lm-ʌ,lmʌ
kulm-vkamyvnsv,굶어가면서,,,lm-v,lmv,0,0,,,0,lC+Vowel,1,kulm-ʌkamjʌnsʌ,lm-ʌ,lmʌ
kulm-vsv,굶어서,,,lm-v,lmv,0,0,,,0,lC+Vowel,6,kulm-ʌsʌ,lm-ʌ,lmʌ
kulm-vto,굶어도,,,lm-v,lmv,0,0,,,0,lC+Vowel,1,kulm-ʌto,lm-ʌ,lmʌ
kulm-vya,굶어야,,,lm-v,lmv,0,0,,,0,lC+Vowel,3,kulm-ʌja,lm-ʌ,lmʌ
kulm-vSci,굶었지,,,lm-v,lmv,0,0,,,0,lC+Vowel,1,kulm-ʌs*ci,lm-ʌ,lmʌ
kulm-vSvyo,굶었어요,,,lm-v,lmv,0,0,,,0,lC+Vowel,1,kulm-ʌs*ʌjo,lm-ʌ,lmʌ
kulm-vSxmyvn,굶었으면,,,lm-v,lmv,0,0,,,0,lC+Vowel,1,kulm-ʌs*ɨmjʌn,lm-ʌ,lmʌ
kulm-xmyvn,굶으면,,,lm-x,lmx,0,0,,,0,lC+Vowel,3,kulm-ɨmjʌn,lm-ɨ,lmɨ
kulm-xmyvnsv,굶으면서,,,lm-x,lmx,0,0,,,0,lC+Vowel,5,kulm-ɨmjʌnsʌ,lm-ɨ,lmɨ
kulm-xmyvnxn,굶으면은,,,lm-x,lmx,0,0,,,0,lC+Vowel,1,kulm-ɨmjʌnɨn,lm-ɨ,lmɨ
kulm-xl,굶을,,,lm-x,lmx,0,0,,,0,lC+Vowel,1,kulm-ɨl,lm-ɨ,lmɨ
kxlk-v,긁어,,,lk-v,lkv,0,0,,,0,lC+Vowel,2,kɨlk-ʌ,lk-ʌ,lkʌ
kxlk-vcwvScyo,긁어줬죠,,,lk-v,lkv,0,0,,,0,lC+Vowel,1,kɨlk-ʌcwʌs*cjo,lk-ʌ,lkʌ
kxlk-vcwvSnxnte,긁어줬는데,,,lk-v,lkv,0,0,,,0,lC+Vowel,1,kɨlk-ʌcwʌs*nɨnte,lk-ʌ,lkʌ
kxlk-vmvkko,긁어먹고,,,lk-v,lkv,0,0,,,0,lC+Vowel,1,kɨlk-ʌmʌkko,lk-ʌ,lkʌ
kxlk-vmvktvniman,긁어먹더니만,,,lk-v,lkv,0,0,,,0,lC+Vowel,1,kɨlk-ʌmʌktʌniman,lk-ʌ,lkʌ
kxlk-vsv,긁어서,,,lk-v,lkv,0,0,,,0,lC+Vowel,2,kɨlk-ʌsʌ,lk-ʌ,lkʌ
kxlk-vto,긁어도,,,lk-v,lkv,0,0,,,0,lC+Vowel,1,kɨlk-ʌto,lk-ʌ,lkʌ
kxlk-vyo,긁어요,,,lk-v,lkv,0,0,,,0,lC+Vowel,1,kɨlk-ʌjo,lk-ʌ,lkʌ
kxlk-vStanxn,긁었다는,,,lk-v,lkv,0,0,,,0,lC+Vowel,1,kɨlk-ʌs*tanɨn,lk-ʌ,lkʌ
kxlk-vStvn,긁었던,,,lk-v,lkv,0,0,,,0,lC+Vowel,1,kɨlk-ʌs*tʌn,lk-ʌ,lkʌ
kxlk-xlyvko,긁으려고,,,lk-x,lkx,0,0,,,0,lC+Vowel,1,kɨlk-ɨljʌko,lk-ɨ,lkɨ
kxlk-xmyvn,긁으면,,,lk-x,lkx,0,0,,,0,lC+Vowel,2,kɨlk-ɨmjʌn,lk-ɨ,lkɨ
kxlk-xmyvnsv,긁으면서,,,lk-x,lkx,0,0,,,0,lC+Vowel,2,kɨlk-ɨmjʌnsʌ,lk-ɨ,lkɨ
kxlk-xl,긁을,,,lk-x,lkx,0,0,,,0,lC+Vowel,1,kɨlk-ɨl,lk-ɨ,lkɨ
kxlk-xn,긁은,,,lk-x,lkx,0,0,,,0,lC+Vowel,1,kɨlk-ɨn,lk-ɨ,lkɨ
malk-a,맑아,,,lk-a,lka,0,0,,,0,lC+Vowel,1,malk-a,lk-a,lka
malk-acike,맑아지게,,,lk-a,lka,0,0,,,0,lC+Vowel,1,malk-acike,lk-a,lka
malk-aciko,맑아지고,,,lk-a,lka,0,0,,,0,lC+Vowel,1,malk-aciko,lk-a,lka
malk-acinxn,맑아지는,,,lk-a,lka,0,0,,,0,lC+Vowel,7,malk-acinɨn,lk-a,lka
malk-acin,맑아진,,,lk-a,lka,0,0,,,0,lC+Vowel,1,malk-acin,lk-a,lka
malk-acintako,맑아진다고,,,lk-a,lka,0,0,,,0,lC+Vowel,1,malk-acintako,lk-a,lka
malk-acyvyo,맑아져요,,,lk-a,lka,0,0,,,0,lC+Vowel,1,malk-acjʌjo,lk-a,lka
malk-asv,맑아서,,,lk-a,lka,0,0,,,0,lC+Vowel,3,malk-asʌ,lk-a,lka
malk-ato,맑아도,,,lk-a,lka,0,0,,,0,lC+Vowel,1,malk-ato,lk-a,lka
malk-ayo,맑아요,,,lk-a,lka,0,0,,,0,lC+Vowel,1,malk-ajo,lk-a,lka
malk-aStaka,맑았다가,,,lk-a,lka,0,0,,,0,lC+Vowel,2,malk-as*taka,lk-a,lka
malk-aStvn,맑았던,,,lk-a,lka,0,0,,,0,lC+Vowel,1,malk-as*tʌn,lk-a,lka
malk-aSvSkvtxnyo,맑았었거든요,,,lk-a,lka,0,0,,,0,lC+Vowel,1,malk-as*ʌs*kʌtɨnjo,lk-a,lka
malk-aSxmyvn,맑았으면,,,lk-a,lka,0,0,,,0,lC+Vowel,2,malk-as*ɨmjʌn,lk-a,lka
malk-xmyvn,맑으면,,,lk-x,lkx,0,0,,,0,lC+Vowel,3,malk-ɨmjʌn,lk-ɨ,lkɨ
malk-xmyvnsv,맑으면서,,,lk-x,lkx,0,0,,,0,lC+Vowel,1,malk-ɨmjʌnsʌ,lk-ɨ,lkɨ
malk-xl,맑을,,,lk-x,lkx,0,0,,,0,lC+Vowel,1,malk-ɨl,lk-ɨ,lkɨ
malk-xn,맑은,,,lk-x,lkx,0,0,,,0,lC+Vowel,59,malk-ɨn,lk-ɨ,lkɨ
nalk-a,낡아,,,lk-a,lka,0,0,,,0,lC+Vowel,1,nalk-a,lk-a,lka
nalk-acyvSxl,낡아졌을,,,lk-a,lka,0,0,,,0,lC+Vowel,1,nalk-acjʌs*ɨl,lk-a,lka
nalk-asv,낡아서,,,lk-a,lka,0,0,,,0,lC+Vowel,3,nalk-asʌ,lk-a,lka
nalk-aSko,낡았고,,,lk-a,lka,0,0,,,0,lC+Vowel,1,nalk-as*ko,lk-a,lka
nalk-xn,낡은,,,lk-x,lkx,0,0,,,0,lC+Vowel,8,nalk-ɨn,lk-ɨ,lkɨ
nvlp-idwiki,넓이뛰기,,,lp-i,lpi,0,0,,,0,lC+Vowel,1,nʌlp-it*wiki,lp-i,lpi
nvlp-v,넓어,,,lp-v,lpv,0,0,,,0,lC+Vowel,4,nʌlp-ʌ,lp-ʌ,lpʌ
nvlp-vcikeSta,넓어지겠다,,,lp-v,lpv,0,0,,,0,lC+Vowel,1,nʌlp-ʌcikes*ta,lp-ʌ,lpʌ
nvlp-vciki,넓어지기,,,lp-v,lpv,0,0,,,0,lC+Vowel,1,nʌlp-ʌciki,lp-ʌ,lpʌ
nvlp-vciko,넓어지고,,,lp-v,lpv,0,0,,,0,lC+Vowel,6,nʌlp-ʌciko,lp-ʌ,lpʌ
nvlp-vcimyvn,넓어지면,,,lp-v,lpv,0,0,,,0,lC+Vowel,1,nʌlp-ʌcimjʌn,lp-ʌ,lpʌ
nvlp-vcimyvnsv,넓어지면서,,,lp-v,lpv,0,0,,,0,lC+Vowel,2,nʌlp-ʌcimjʌnsʌ,lp-ʌ,lpʌ
nvlp-vcinxn,넓어지는,,,lp-v,lpv,0,0,,,0,lC+Vowel,3,nʌlp-ʌcinɨn,lp-ʌ,lpʌ
nvlp-vcinxnkuna,넓어지는구나,,,lp-v,lpv,0,0,,,0,lC+Vowel,1,nʌlp-ʌcinɨnkuna,lp-ʌ,lpʌ
nvlp-vcil,넓어질,,,lp-v,lpv,0,0,,,0,lC+Vowel,4,nʌlp-ʌcil,lp-ʌ,lpʌ
nvlp-vcilsulok,넓어질수록,,,lp-v,lpv,0,0,,,0,lC+Vowel,1,nʌlp-ʌcilsulok,lp-ʌ,lpʌ
nvlp-vcin,넓어진,,,lp-v,lpv,0,0,,,0,lC+Vowel,3,nʌlp-ʌcin,lp-ʌ,lpʌ
nvlp-vcinta,넓어진다,,,lp-v,lpv,0,0,,,0,lC+Vowel,1,nʌlp-ʌcinta,lp-ʌ,lpʌ
nvlp-vcintako,넓어진다고,,,lp-v,lpv,0,0,,,0,lC+Vowel,3,nʌlp-ʌcintako,lp-ʌ,lpʌ
nvlp-vcintanxn,넓어진다는,,,lp-v,lpv,0,0,,,0,lC+Vowel,2,nʌlp-ʌcintanɨn,lp-ʌ,lpʌ
nvlp-vcyvSnxnte,넓어졌는데,,,lp-v,lpv,0,0,,,0,lC+Vowel,1,nʌlp-ʌcjʌs*nɨnte,lp-ʌ,lpʌ
nvlp-vcyvSta,넓어졌다,,,lp-v,lpv,0,0,,,0,lC+Vowel,1,nʌlp-ʌcjʌs*ta,lp-ʌ,lpʌ
nvlp-vcyvStako,넓어졌다고,,,lp-v,lpv,0,0,,,0,lC+Vowel,1,nʌlp-ʌcjʌs*tako,lp-ʌ,lpʌ
nvlp-vcyvSvyo,넓어졌어요,,,lp-v,lpv,0,0,,,0,lC+Vowel,1,nʌlp-ʌcjʌs*ʌjo,lp-ʌ,lpʌ
nvlp-vcyvSxmyvn,넓어졌으면,,,lp-v,lpv,0,0,,,0,lC+Vowel,2,nʌlp-ʌcjʌs*ɨmjʌn,lp-ʌ,lpʌ
nvlp-vkaciko,넓어가지고,,,lp-v,lpv,0,0,,,0,lC+Vowel,9,nʌlp-ʌkaciko,lp-ʌ,lpʌ
nvlp-vsv,넓어서,,,lp-v,lpv,0,0,,,0,lC+Vowel,14,nʌlp-ʌsʌ,lp-ʌ,lpʌ
nvlp-vya,넓어야,,,lp-v,lpv,0,0,,,0,lC+Vowel,4,nʌlp-ʌja,lp-ʌ,lpʌ
nvlp-vyaci,넓어야지,,,lp-v,lpv,0,0,,,0,lC+Vowel,1,nʌlp-ʌjaci,lp-ʌ,lpʌ
nvlp-vyo,넓어요,,,lp-v,lpv,0,0,,,0,lC+Vowel,1,nʌlp-ʌjo,lp-ʌ,lpʌ
nvlp-vSci,넓었지,,,lp-v,lpv,0,0,,,0,lC+Vowel,1,nʌlp-ʌs*ci,lp-ʌ,lpʌ
nvlp-vSko,넓었고,,,lp-v,lpv,0,0,,,0,lC+Vowel,2,nʌlp-ʌs*ko,lp-ʌ,lpʌ
nvlp-vSnxnte,넓었는데,,,lp-v,lpv,0,0,,,0,lC+Vowel,1,nʌlp-ʌs*nɨnte,lp-ʌ,lpʌ
nvlp-vSv,넓었어,,,lp-v,lpv,0,0,,,0,lC+Vowel,2,nʌlp-ʌs*ʌ,lp-ʌ,lpʌ
nvlp-vSvsv,넓었어서,,,lp-v,lpv,0,0,,,0,lC+Vowel,1,nʌlp-ʌs*ʌsʌ,lp-ʌ,lpʌ
nvlp-vSxmyvn,넓었으면,,,lp-v,lpv,0,0,,,0,lC+Vowel,1,nʌlp-ʌs*ɨmjʌn,lp-ʌ,lpʌ
nvlp-xmyvn,넓으면,,,lp-x,lpx,0,0,,,0,lC+Vowel,1,nʌlp-ɨmjʌn,lp-ɨ,lpɨ
nvlp-xniga,넓으니까,,,lp-x,lpx,0,0,,,0,lC+Vowel,2,nʌlp-ɨnik*a,lp-ɨ,lpɨ
nvlp-xnigan,넓으니깐,,,lp-x,lpx,0,0,,,0,lC+Vowel,1,nʌlp-ɨnik*an,lp-ɨ,lpɨ
nvlp-xl,넓을,,,lp-x,lpx,0,0,,,0,lC+Vowel,1,nʌlp-ɨl,lp-ɨ,lpɨ
nvlp-xmi,넓음이,,,lp-x,lpx,0,0,,,0,lC+Vowel,1,nʌlp-ɨmi,lp-ɨ,lpɨ
nvlp-xn,넓은,,,lp-x,lpx,0,0,,,0,lC+Vowel,90,nʌlp-ɨn,lp-ɨ,lpɨ
nvlp-xnte,넓은데,,,lp-x,lpx,0,0,,,0,lC+Vowel,9,nʌlp-ɨnte,lp-ɨ,lpɨ
nvlp-xnteto,넓은데도,,,lp-x,lpx,0,0,,,0,lC+Vowel,1,nʌlp-ɨnteto,lp-ɨ,lpɨ
nxlk-v,늙어,,,lk-v,lkv,0,0,,,0,lC+Vowel,7,nɨlk-ʌ,lk-ʌ,lkʌ
nxlk-vci,늙어지,,,lk-v,lkv,0,0,,,0,lC+Vowel,1,nɨlk-ʌci,lk-ʌ,lkʌ
nxlk-vkacanhayo,늙어가잖아요,,,lk-v,lkv,0,0,,,0,lC+Vowel,1,nɨlk-ʌkacanhajo,lk-ʌ,lkʌ
nxlk-vkaciko,늙어가지고,,,lk-v,lkv,0,0,,,0,lC+Vowel,1,nɨlk-ʌkaciko,lk-ʌ,lkʌ
nxlk-vkako,늙어가고,,,lk-v,lkv,0,0,,,0,lC+Vowel,7,nɨlk-ʌkako,lk-ʌ,lkʌ
nxlk-vkamyvnsv,늙어가면서,,,lk-v,lkv,0,0,,,0,lC+Vowel,6,nɨlk-ʌkamjʌnsʌ,lk-ʌ,lkʌ
nxlk-vkaniga,늙어가니까,,,lk-v,lkv,0,0,,,0,lC+Vowel,1,nɨlk-ʌkanik*a,lk-ʌ,lkʌ
nxlk-vkanxn,늙어가는,,,lk-v,lkv,0,0,,,0,lC+Vowel,5,nɨlk-ʌkanɨn,lk-ʌ,lkʌ
nxlk-vkanxnkuna,늙어가는구나,,,lk-v,lkv,0,0,,,0,lC+Vowel,2,nɨlk-ʌkanɨnkuna,lk-ʌ,lkʌ
nxlk-vkanxnkunalanxn,늙어가는구나라는,,,lk-v,lkv,0,0,,,0,lC+Vowel,1,nɨlk-ʌkanɨnkunalanɨn,lk-ʌ,lkʌ
nxlk-vkasiko,늙어가시고,,,lk-v,lkv,0,0,,,0,lC+Vowel,2,nɨlk-ʌkasiko,lk-ʌ,lkʌ
nxlk-vkata,늙어가다,,,lk-v,lkv,0,0,,,0,lC+Vowel,1,nɨlk-ʌkata,lk-ʌ,lkʌ
nxlk-vkacko,늙어갖고,,,lk-v,lkv,0,0,,,0,lC+Vowel,1,nɨlk-ʌkacko,lk-ʌ,lkʌ
nxlk-vkalgapwa,늙어갈까봐,,,lk-v,lkv,0,0,,,0,lC+Vowel,1,nɨlk-ʌkalk*apwa,lk-ʌ,lkʌ
nxlk-vkantanxn,늙어간다는,,,lk-v,lkv,0,0,,,0,lC+Vowel,2,nɨlk-ʌkantanɨn,lk-ʌ,lkʌ
nxlk-vpvlimyvnxn,늙어버리면은,,,lk-v,lkv,0,0,,,0,lC+Vowel,1,nɨlk-ʌpʌlimjʌnɨn,lk-ʌ,lkʌ
nxlk-vsv,늙어서,,,lk-v,lkv,0,0,,,0,lC+Vowel,23,nɨlk-ʌsʌ,lk-ʌ,lkʌ
nxlk-vsvgaci,늙어서까지,,,lk-v,lkv,0,0,,,0,lC+Vowel,2,nɨlk-ʌsʌk*aci,lk-ʌ,lkʌ
nxlk-vsvgacito,늙어서까지도,,,lk-v,lkv,0,0,,,0,lC+Vowel,1,nɨlk-ʌsʌk*acito,lk-ʌ,lkʌ
nxlk-vsvnxn,늙어서는,,,lk-v,lkv,0,0,,,0,lC+Vowel,2,nɨlk-ʌsʌnɨn,lk-ʌ,lkʌ
nxlk-vsvto,늙어서도,,,lk-v,lkv,0,0,,,0,lC+Vowel,6,nɨlk-ʌsʌto,lk-ʌ,lkʌ
nxlk-vto,늙어도,,,lk-v,lkv,0,0,,,0,lC+Vowel,1,nɨlk-ʌto,lk-ʌ,lkʌ
nxlk-vS,늙었,,,lk-v,lkv,0,0,,,0,lC+Vowel,1,nɨlk-ʌs*,lk-ʌ,lkʌ
nxlk-vSciman,늙었지만,,,lk-v,lkv,0,0,,,0,lC+Vowel,1,nɨlk-ʌs*ciman,lk-ʌ,lkʌ
nxlk-vScyo,늙었죠,,,lk-v,lkv,0,0,,,0,lC+Vowel,1,nɨlk-ʌs*cjo,lk-ʌ,lkʌ
nxlk-vSkuna,늙었구나,,,lk-v,lkv,0,0,,,0,lC+Vowel,3,nɨlk-ʌs*kuna,lk-ʌ,lkʌ
nxlk-vSna,늙었나,,,lk-v,lkv,0,0,,,0,lC+Vowel,1,nɨlk-ʌs*na,lk-ʌ,lkʌ
nxlk-vSta,늙었다,,,lk-v,lkv,0,0,,,0,lC+Vowel,2,nɨlk-ʌs*ta,lk-ʌ,lkʌ
nxlk-vStako,늙었다고,,,lk-v,lkv,0,0,,,0,lC+Vowel,1,nɨlk-ʌs*tako,lk-ʌ,lkʌ
nxlk-vStalanxn,늙었다라는,,,lk-v,lkv,0,0,,,0,lC+Vowel,1,nɨlk-ʌs*talanɨn,lk-ʌ,lkʌ
nxlk-vStvlakoyo,늙었더라고요,,,lk-v,lkv,0,0,,,0,lC+Vowel,1,nɨlk-ʌs*tʌlakojo,lk-ʌ,lkʌ
nxlk-vSvyo,늙었어요,,,lk-v,lkv,0,0,,,0,lC+Vowel,1,nɨlk-ʌs*ʌjo,lk-ʌ,lkʌ
nxlk-vSxniga,늙었으니까,,,lk-v,lkv,0,0,,,0,lC+Vowel,1,nɨlk-ʌs*ɨnik*a,lk-ʌ,lkʌ
nxlk-vSxl,늙었을,,,lk-v,lkv,0,0,,,0,lC+Vowel,3,nɨlk-ʌs*ɨl,lk-ʌ,lkʌ
nxlk-xmyvn,늙으면,,,lk-x,lkx,0,0,,,0,lC+Vowel,12,nɨlk-ɨmjʌn,lk-ɨ,lkɨ
nxlk-xmyvnxn,늙으면은,,,lk-x,lkx,0,0,,,0,lC+Vowel,2,nɨlk-ɨmjʌnɨn,lk-ɨ,lkɨ
nxlk-xsyvSnxnte,늙으셨는데,,,lk-x,lkx,0,0,,,0,lC+Vowel,1,nɨlk-ɨsjʌs*nɨnte,lk-ɨ,lkɨ
nxlk-xl,늙을,,,lk-x,lkx,0,0,,,0,lC+Vowel,5,nɨlk-ɨl,lk-ɨ,lkɨ
nxlk-xn,늙은,,,lk-x,lkx,0,0,,,0,lC+Vowel,8,nɨlk-ɨn,lk-ɨ,lkɨ
nxlk-xni,늙은이,,,lk-x,lkx,0,0,,,0,lC+Vowel,1,nɨlk-ɨni,lk-ɨ,lkɨ
olk-amesinxn,옭아매시는,,,lk-a,lka,0,0,,,0,lC+Vowel,1,olk-amesinɨn,lk-a,lka
olk-ameya,옭아매야,,,lk-a,lka,0,0,,,0,lC+Vowel,1,olk-ameja,lk-a,lka
olm-a,옮아,,,lm-a,lma,0,0,,,0,lC+Vowel,1,olm-a,lm-a,lma
olm-akal,옮아갈,,,lm-a,lma,0,0,,,0,lC+Vowel,1,olm-akal,lm-a,lma
olm-awasv,옮아와서,,,lm-a,lma,0,0,,,0,lC+Vowel,1,olm-awasʌ,lm-a,lma
olm-xl,옮을,,,lm-x,lmx,0,0,,,0,lC+Vowel,1,olm-ɨl,lm-ɨ,lmɨ
palk-a,밝아,,,lk-a,lka,0,0,,,0,lC+Vowel,2,palk-a,lk-a,lka
palk-aciko,밝아지고,,,lk-a,lka,0,0,,,0,lC+Vowel,3,palk-aciko,lk-a,lka
palk-acilyvko,밝아지려고,,,lk-a,lka,0,0,,,0,lC+Vowel,1,palk-aciljʌko,lk-a,lka
palk-acimyvnsv,밝아지면서,,,lk-a,lka,0,0,,,0,lC+Vowel,1,palk-acimjʌnsʌ,lk-a,lka
palk-acinxn,밝아지는,,,lk-a,lka,0,0,,,0,lC+Vowel,4,palk-acinɨn,lk-a,lka
palk-acisin,밝아지신,,,lk-a,lka,0,0,,,0,lC+Vowel,2,palk-acisin,lk-a,lka
palk-acin,밝아진,,,lk-a,lka,0,0,,,0,lC+Vowel,3,palk-acin,lk-a,lka
palk-acyvSko,밝아졌고,,,lk-a,lka,0,0,,,0,lC+Vowel,1,palk-acjʌs*ko,lk-a,lka
palk-acyvStako,밝아졌다고,,,lk-a,lka,0,0,,,0,lC+Vowel,2,palk-acjʌs*tako,lk-a,lka
palk-acyvStatxnka,밝아졌다든가,,,lk-a,lka,0,0,,,0,lC+Vowel,1,palk-acjʌs*tatɨnka,lk-a,lka
palk-acyvStvla,밝아졌더라,,,lk-a,lka,0,0,,,0,lC+Vowel,1,palk-acjʌs*tʌla,lk-a,lka
palk-acyvStxnte,밝아졌든데,,,lk-a,lka,0,0,,,0,lC+Vowel,1,palk-acjʌs*tɨnte,lk-a,lka
palk-akaciko,밝아가지고,,,lk-a,lka,0,0,,,0,lC+Vowel,1,palk-akaciko,lk-a,lka
palk-asv,밝아서,,,lk-a,lka,0,0,,,0,lC+Vowel,1,palk-asʌ,lk-a,lka
palk-ayo,밝아요,,,lk-a,lka,0,0,,,0,lC+Vowel,2,palk-ajo,lk-a,lka
palk-aStaka,밝았다가,,,lk-a,lka,0,0,,,0,lC+Vowel,2,palk-as*taka,lk-a,lka
palk-xmyvnsv,밝으면서,,,lk-x,lkx,0,0,,,0,lC+Vowel,2,palk-ɨmjʌnsʌ,lk-ɨ,lkɨ
palk-xniga,밝으니까,,,lk-x,lkx,0,0,,,0,lC+Vowel,1,palk-ɨnik*a,lk-ɨ,lkɨ
palk-xmi,밝음이,,,lk-x,lkx,0,0,,,0,lC+Vowel,2,palk-ɨmi,lk-ɨ,lkɨ
palk-xmilako,밝음이라고,,,lk-x,lkx,0,0,,,0,lC+Vowel,1,palk-ɨmilako,lk-ɨ,lkɨ
palk-xmxl,밝음을,,,lk-x,lkx,0,0,,,0,lC+Vowel,1,palk-ɨmɨl,lk-ɨ,lkɨ
palk-xn,밝은,,,lk-x,lkx,0,0,,,0,lC+Vowel,49,palk-ɨn,lk-ɨ,lkɨ
palk-xnte,밝은데,,,lk-x,lkx,0,0,,,0,lC+Vowel,2,palk-ɨnte,lk-ɨ,lkɨ
palp-a,밟아,,,lp-a,lpa,0,0,,,0,lC+Vowel,4,palp-a,lp-a,lpa
palp-akaciko,밟아가지고,,,lp-a,lpa,0,0,,,0,lC+Vowel,4,palp-akaciko,lp-a,lpa
palp-akamyvnsv,밟아가면서,,,lp-a,lpa,0,0,,,0,lC+Vowel,1,palp-akamjʌnsʌ,lp-a,lpa
palp-anakaya,밟아나가야,,,lp-a,lpa,0,0,,,0,lC+Vowel,1,palp-anakaja,lp-a,lpa
palp-apoko,밟아보고,,,lp-a,lpa,0,0,,,0,lC+Vowel,1,palp-apoko,lp-a,lpa
palp-asv,밟아서,,,lp-a,lpa,0,0,,,0,lC+Vowel,4,palp-asʌ,lp-a,lpa
palp-ato,밟아도,,,lp-a,lpa,0,0,,,0,lC+Vowel,1,palp-ato,lp-a,lpa
palp-aya,밟아야,,,lp-a,lpa,0,0,,,0,lC+Vowel,2,palp-aja,lp-a,lpa
palp-aSnxnte,밟았는데,,,lp-a,lpa,0,0,,,0,lC+Vowel,1,palp-as*nɨnte,lp-a,lpa
palp-aStako,밟았다고,,,lp-a,lpa,0,0,,,0,lC+Vowel,1,palp-as*tako,lp-a,lpa
palp-aStvn,밟았던,,,lp-a,lpa,0,0,,,0,lC+Vowel,2,palp-as*tʌn,lp-a,lpa
palp-aSxl,밟았을,,,lp-a,lpa,0,0,,,0,lC+Vowel,2,palp-as*ɨl,lp-a,lpa
palp-xlyvko,밟으려고,,,lp-x,lpx,0,0,,,0,lC+Vowel,2,palp-ɨljʌko,lp-ɨ,lpɨ
palp-xmyvn,밟으면,,,lp-x,lpx,0,0,,,0,lC+Vowel,4,palp-ɨmjʌn,lp-ɨ,lpɨ
palp-xmyvnsv,밟으면서,,,lp-x,lpx,0,0,,,0,lC+Vowel,5,palp-ɨmjʌnsʌ,lp-ɨ,lpɨ
palp-xmyvnxn,밟으면은,,,lp-x,lpx,0,0,,,0,lC+Vowel,1,palp-ɨmjʌnɨn,lp-ɨ,lpɨ
palp-xsyvkaciko,밟으셔가지고,,,lp-x,lpx,0,0,,,0,lC+Vowel,1,palp-ɨsjʌkaciko,lp-ɨ,lpɨ
palp-xl,밟을,,,lp-x,lpx,0,0,,,0,lC+Vowel,6,palp-ɨl,lp-ɨ,lpɨ
palp-xn,밟은,,,lp-x,lpx,0,0,,,0,lC+Vowel,8,palp-ɨn,lp-ɨ,lpɨ
pulk-xn,붉은,,,lk-x,lkx,0,0,,,0,lC+Vowel,13,pulk-ɨn,lk-ɨ,lkɨ
pulk-xnsek,붉은색,,,lk-x,lkx,0,0,,,0,lC+Vowel,1,pulk-ɨnsek,lk-ɨ,lkɨ
pulk-xnsekkwa,붉은색과,,,lk-x,lkx,0,0,,,0,lC+Vowel,1,pulk-ɨnsekkwa,lk-ɨ,lkɨ
salm-a,삶아,,,lm-a,lma,0,0,,,0,lC+Vowel,5,salm-a,lm-a,lma
salm-acimyvn,삶아지면,,,lm-a,lma,0,0,,,0,lC+Vowel,1,salm-acimjʌn,lm-a,lma
salm-acukvna,삶아주거나,,,lm-a,lma,0,0,,,0,lC+Vowel,1,salm-acukʌna,lm-a,lma
salm-akaciko,삶아가지고,,,lm-a,lma,0,0,,,0,lC+Vowel,8,salm-akaciko,lm-a,lma
salm-akatxnka,삶아가든가,,,lm-a,lma,0,0,,,0,lC+Vowel,1,salm-akatɨnka,lm-a,lma
salm-akacko,삶아갖고,,,lm-a,lma,0,0,,,0,lC+Vowel,2,salm-akacko,lm-a,lma
salm-amvkko,삶아먹고,,,lm-a,lma,0,0,,,0,lC+Vowel,2,salm-amʌkko,lm-a,lma
salm-anohxn,삶아놓은,,,lm-a,lma,0,0,,,0,lC+Vowel,1,salm-anohɨn,lm-a,lma
salm-anwaSv,삶아놨어,,,lm-a,lma,0,0,,,0,lC+Vowel,1,salm-anwas*ʌ,lm-a,lma
salm-asv,삶아서,,,lm-a,lma,0,0,,,0,lC+Vowel,27,salm-asʌ,lm-a,lma
salm-asvto,삶아서도,,,lm-a,lma,0,0,,,0,lC+Vowel,1,salm-asʌto,lm-a,lma
salm-ato,삶아도,,,lm-a,lma,0,0,,,0,lC+Vowel,2,salm-ato,lm-a,lma
salm-aya,삶아야,,,lm-a,lma,0,0,,,0,lC+Vowel,1,salm-aja,lm-a,lma
salm-v,삶어,,,lm-v,lmv,0,0,,,0,lC+Vowel,3,salm-ʌ,lm-ʌ,lmʌ
salm-x,삶으,,,lm-x,lmx,0,0,,,0,lC+Vowel,1,salm-ɨ,lm-ɨ,lmɨ
salm-xla,삶으라,,,lm-x,lmx,0,0,,,0,lC+Vowel,1,salm-ɨla,lm-ɨ,lmɨ
salm-xlako,삶으라고,,,lm-x,lmx,0,0,,,0,lC+Vowel,1,salm-ɨlako,lm-ɨ,lmɨ
salm-xloSv,삶으로써,,,lm-x,lmx,0,0,,,0,lC+Vowel,1,salm-ɨlos*ʌ,lm-ɨ,lmɨ
salm-xmyvn,삶으면,,,lm-x,lmx,0,0,,,0,lC+Vowel,1,salm-ɨmjʌn,lm-ɨ,lmɨ
salm-xmyvnxn,삶으면은,,,lm-x,lmx,0,0,,,0,lC+Vowel,1,salm-ɨmjʌnɨn,lm-ɨ,lmɨ
salm-xsyvkacko,삶으셔갖고,,,lm-x,lmx,0,0,,,0,lC+Vowel,1,salm-ɨsjʌkacko,lm-ɨ,lmɨ
salm-xsyvStamyvnxn,삶으셨다면은,,,lm-x,lmx,0,0,,,0,lC+Vowel,1,salm-ɨsjʌs*tamjʌnɨn,lm-ɨ,lmɨ
salm-xn,삶은,,,lm-x,lmx,0,0,,,0,lC+Vowel,18,salm-ɨn,lm-ɨ,lmɨ
talm-a,닮아,,,lm-a,lma,0,0,,,0,lC+Vowel,6,talm-a,lm-a,lma
talm-acyvStanxn,닮아졌다는,,,lm-a,lma,0,0,,,0,lC+Vowel,1,talm-acjʌs*tanɨn,lm-a,lma
talm-aiSko,닮아있고,,,lm-a,lma,0,0,,,0,lC+Vowel,1,talm-ais*ko,lm-a,lma
talm-aiStako,닮아있다고,,,lm-a,lma,0,0,,,0,lC+Vowel,1,talm-ais*tako,lm-a,lma
talm-akaci,닮아가지,,,lm-a,lma,0,0,,,0,lC+Vowel,1,talm-akaci,lm-a,lma
talm-akaciko,닮아가지고,,,lm-a,lma,0,0,,,0,lC+Vowel,10,talm-akaciko,lm-a,lma
talm-akacimanxn,닮아가지마는,,,lm-a,lma,0,0,,,0,lC+Vowel,1,talm-akacimanɨn,lm-a,lma
talm-akakin,닮아가긴,,,lm-a,lma,0,0,,,0,lC+Vowel,1,talm-akakin,lm-a,lma
talm-akako,닮아가고,,,lm-a,lma,0,0,,,0,lC+Vowel,2,talm-akako,lm-a,lma
talm-akalyvko,닮아가려고,,,lm-a,lma,0,0,,,0,lC+Vowel,1,talm-akaljʌko,lm-a,lma
talm-akanxn,닮아가는,,,lm-a,lma,0,0,,,0,lC+Vowel,2,talm-akanɨn,lm-a,lma
talm-akasv,닮아가서,,,lm-a,lma,0,0,,,0,lC+Vowel,1,talm-akasʌ,lm-a,lma
talm-akatvlakoyo,닮아가더라고요,,,lm-a,lma,0,0,,,0,lC+Vowel,1,talm-akatʌlakojo,lm-a,lma
talm-akal,닮아갈,,,lm-a,lma,0,0,,,0,lC+Vowel,1,talm-akal,lm-a,lma
talm-akan,닮아간,,,lm-a,lma,0,0,,,0,lC+Vowel,1,talm-akan,lm-a,lma
talm-akantako,닮아간다고,,,lm-a,lma,0,0,,,0,lC+Vowel,1,talm-akantako,lm-a,lma
talm-akantalanxn,닮아간다라는,,,lm-a,lma,0,0,,,0,lC+Vowel,1,talm-akantalanɨn,lm-a,lma
talm-akantanxn,닮아간다는,,,lm-a,lma,0,0,,,0,lC+Vowel,2,talm-akantanɨn,lm-a,lma
talm-asv,닮아서,,,lm-a,lma,0,0,,,0,lC+Vowel,29,talm-asʌ,lm-a,lma
talm-aS,닮았,,,lm-a,lma,0,0,,,0,lC+Vowel,2,talm-as*,lm-a,lma
talm-aScimanxn,닮았지마는,,,lm-a,lma,0,0,,,0,lC+Vowel,1,talm-as*cimanɨn,lm-a,lma
talm-aSkeScyo,닮았겠죠,,,lm-a,lma,0,0,,,0,lC+Vowel,1,talm-as*kes*cjo,lm-a,lma
talm-aSko,닮았고,,,lm-a,lma,0,0,,,0,lC+Vowel,11,talm-as*ko,lm-a,lma
talm-aSkuna,닮았구나,,,lm-a,lma,0,0,,,0,lC+Vowel,1,talm-as*kuna,lm-a,lma
talm-aSkvtxnyo,닮았거든요,,,lm-a,lma,0,0,,,0,lC+Vowel,4,talm-as*kʌtɨnjo,lm-a,lma
talm-aSna,닮았나,,,lm-a,lma,0,0,,,0,lC+Vowel,1,talm-as*na,lm-a,lma
talm-aSnayo,닮았나요,,,lm-a,lma,0,0,,,0,lC+Vowel,1,talm-as*najo,lm-a,lma
talm-aSne,닮았네,,,lm-a,lma,0,0,,,0,lC+Vowel,4,talm-as*ne,lm-a,lma
talm-aSnelan,닮았네란,,,lm-a,lma,0,0,,,0,lC+Vowel,1,talm-as*nelan,lm-a,lma
talm-aSnxnci,닮았는지,,,lm-a,lma,0,0,,,0,lC+Vowel,3,talm-as*nɨnci,lm-a,lma
talm-aSnxncinxn,닮았는지는,,,lm-a,lma,0,0,,,0,lC+Vowel,1,talm-as*nɨncinɨn,lm-a,lma
talm-aSnxnte,닮았는데,,,lm-a,lma,0,0,,,0,lC+Vowel,3,talm-as*nɨnte,lm-a,lma
talm-aSnxnteyo,닮았는데요,,,lm-a,lma,0,0,,,0,lC+Vowel,1,talm-as*nɨntejo,lm-a,lma
talm-aSnya,닮았냐,,,lm-a,lma,0,0,,,0,lC+Vowel,2,talm-as*nja,lm-a,lma
talm-aSsxpniga,닮았습니까,,,lm-a,lma,0,0,,,0,lC+Vowel,1,talm-as*sɨpnik*a,lm-a,lma
talm-aSsxpnita,닮았습니다,,,lm-a,lma,0,0,,,0,lC+Vowel,2,talm-as*sɨpnita,lm-a,lma
talm-aSta,닮았다,,,lm-a,lma,0,0,,,0,lC+Vowel,5,talm-as*ta,lm-a,lma
talm-aStaka,닮았다가,,,lm-a,lma,0,0,,,0,lC+Vowel,1,talm-as*taka,lm-a,lma
talm-aStako,닮았다고,,,lm-a,lma,0,0,,,0,lC+Vowel,15,talm-as*tako,lm-a,lma
talm-aStakoto,닮았다고도,,,lm-a,lma,0,0,,,0,lC+Vowel,1,talm-as*takoto,lm-a,lma
talm-aStalako,닮았다라고,,,lm-a,lma,0,0,,,0,lC+Vowel,1,talm-as*talako,lm-a,lma
talm-aStalanxn,닮았다라는,,,lm-a,lma,0,0,,,0,lC+Vowel,2,talm-as*talanɨn,lm-a,lma
talm-aStanxn,닮았다는,,,lm-a,lma,0,0,,,0,lC+Vowel,10,talm-as*tanɨn,lm-a,lma
talm-aStan,닮았단,,,lm-a,lma,0,0,,,0,lC+Vowel,1,talm-as*tan,lm-a,lma
talm-aSteyo,닮았대요,,,lm-a,lma,0,0,,,0,lC+Vowel,3,talm-as*tejo,lm-a,lma
talm-aStvla,닮았더라,,,lm-a,lma,0,0,,,0,lC+Vowel,1,talm-as*tʌla,lm-a,lma
talm-aSv,닮았어,,,lm-a,lma,0,0,,,0,lC+Vowel,4,talm-as*ʌ,lm-a,lma
talm-aSvyo,닮았어요,,,lm-a,lma,0,0,,,0,lC+Vowel,9,talm-as*ʌjo,lm-a,lma
talm-aSxmyvn,닮았으면,,,lm-a,lma,0,0,,,0,lC+Vowel,6,talm-as*ɨmjʌn,lm-a,lma
talm-aSxniga,닮았으니까,,,lm-a,lma,0,0,,,0,lC+Vowel,1,talm-as*ɨnik*a,lm-a,lma
talm-aSxlga,닮았을까,,,lm-a,lma,0,0,,,0,lC+Vowel,1,talm-as*ɨlk*a,lm-a,lma
talm-aSxm,닮았음,,,lm-a,lma,0,0,,,0,lC+Vowel,1,talm-as*ɨm,lm-a,lma
talm-v,닮어,,,lm-v,lmv,0,0,,,0,lC+Vowel,1,talm-ʌ,lm-ʌ,lmʌ
talm-xkin,닮으긴,,,lm-x,lmx,0,0,,,0,lC+Vowel,1,talm-ɨkin,lm-ɨ,lmɨ
talm-xla,닮으라,,,lm-x,lmx,0,0,,,0,lC+Vowel,1,talm-ɨla,lm-ɨ,lmɨ
talm-xlyvko,닮으려고,,,lm-x,lmx,0,0,,,0,lC+Vowel,2,talm-ɨljʌko,lm-ɨ,lmɨ
talm-xniga,닮으니까,,,lm-x,lmx,0,0,,,0,lC+Vowel,1,talm-ɨnik*a,lm-ɨ,lmɨ
talm-xsin,닮으신,,,lm-x,lmx,0,0,,,0,lC+Vowel,2,talm-ɨsin,lm-ɨ,lmɨ
talm-xsyvsv,닮으셔서,,,lm-x,lmx,0,0,,,0,lC+Vowel,1,talm-ɨsjʌsʌ,lm-ɨ,lmɨ
talm-xsyvSnayo,닮으셨나요,,,lm-x,lmx,0,0,,,0,lC+Vowel,2,talm-ɨsjʌs*najo,lm-ɨ,lmɨ
talm-xsyvSta,닮으셨다,,,lm-x,lmx,0,0,,,0,lC+Vowel,1,talm-ɨsjʌs*ta,lm-ɨ,lmɨ
talm-xsyvSvyo,닮으셨어요,,,lm-x,lmx,0,0,,,0,lC+Vowel,2,talm-ɨsjʌs*ʌjo,lm-ɨ,lmɨ
talm-xlga,닮을까,,,lm-x,lmx,0,0,,,0,lC+Vowel,1,talm-ɨlk*a,lm-ɨ,lmɨ
talm-xm,닮음,,,lm-x,lmx,0,0,,,0,lC+Vowel,1,talm-ɨm,lm-ɨ,lmɨ
talm-xn,닮은,,,lm-x,lmx,0,0,,,0,lC+Vowel,70,talm-ɨn,lm-ɨ,lmɨ
txnvlp-xn,드넓은,,,lp-x,lpx,0,0,,,0,lC+Vowel,4,tɨnʌlp-ɨn,lp-ɨ,lpɨ
xlP-vnohko,읊어놓고,,,lP-v,lPv,0,0,,,0,lC+Vowel,1,ɨlpʰ-ʌnohko,lpʰ-ʌ,lpʰʌ
xlP-vpolako,읊어보라고,,,lP-v,lPv,0,0,,,0,lC+Vowel,1,ɨlpʰ-ʌpolako,lpʰ-ʌ,lpʰʌ
xlP-xmyvnsv,읊으면서,,,lP-x,lPx,0,0,,,0,lC+Vowel,1,ɨlpʰ-ɨmjʌnsʌ,lpʰ-ɨ,lpʰɨ
yalp-a,얇아,,,lp-a,lpa,0,0,,,0,lC+Vowel,2,jalp-a,lp-a,lpa
yalp-aciciman,얇아지지만,,,lp-a,lpa,0,0,,,0,lC+Vowel,1,jalp-aciciman,lp-a,lpa
yalp-acinigan,얇아지니깐,,,lp-a,lpa,0,0,,,0,lC+Vowel,1,jalp-acinik*an,lp-a,lpa
yalp-asv,얇아서,,,lp-a,lpa,0,0,,,0,lC+Vowel,2,jalp-asʌ,lp-a,lpa
yalp-ayo,얇아요,,,lp-a,lpa,0,0,,,0,lC+Vowel,1,jalp-ajo,lp-a,lpa
yalp-aSko,얇았고,,,lp-a,lpa,0,0,,,0,lC+Vowel,1,jalp-as*ko,lp-a,lpa
yalp-xn,얇은,,,lp-x,lpx,0,0,,,0,lC+Vowel,31,jalp-ɨn,lp-ɨ,lpɨ
yalp-xnka,얇은가,,,lp-x,lpx,0,0,,,0,lC+Vowel,1,jalp-ɨnka,lp-ɨ,lpɨ
