Morphology_R,Morphology_H,Production_H,Production_R,UR,SR,simplify_delete_obstruent,simplify_delete_lateral,nasalize,lateralize,tensify,Type,n
Jalp-a,짧아,,Jal.pa,lp-a,lpa,0,0,,,0,lC+Vowel,2
Jalp-acici,짧아지지,,Jal.pacici,lp-a,lpa,0,0,,,0,lC+Vowel,2
Jalp-aciko,짧아지고,,Jal.paciko,lp-a,lpa,0,0,,,0,lC+Vowel,5
Jalp-aciniga,짧아지니까,,Jal.paciniga,lp-a,lpa,0,0,,,0,lC+Vowel,3
Jalp-acinxn,짧아지는,,Jal.pacinxn,lp-a,lpa,0,0,,,0,lC+Vowel,3
Jalp-acinxnteyo,짧아지는데요,,Jal.pacinxnteyo,lp-a,lpa,0,0,,,0,lC+Vowel,1
Jalp-acin,짧아진,,Jal.pacin,lp-a,lpa,0,0,,,0,lC+Vowel,2
Jalp-acintanxn,짧아진다는,,Jal.pacintanxn,lp-a,lpa,0,0,,,0,lC+Vowel,1
Jalp-acintatxnci,짧아진다든지,,Jal.pacintatxnci,lp-a,lpa,0,0,,,0,lC+Vowel,1
Jalp-acyv,짧아져,,Jal.pacyv,lp-a,lpa,0,0,,,0,lC+Vowel,1
Jalp-acyvkaciko,짧아져가지고,,Jal.pacyvkaciko,lp-a,lpa,0,0,,,0,lC+Vowel,2
Jalp-acyvsv,짧아져서,,Jal.pacyvsv,lp-a,lpa,0,0,,,0,lC+Vowel,2
Jalp-acyvSkunalanxn,짧아졌구나라는,,Jal.pacyvSkunalanxn,lp-a,lpa,0,0,,,0,lC+Vowel,1
Jalp-acyvSnxnte,짧아졌는데,,Jal.pacyvSnxnte,lp-a,lpa,0,0,,,0,lC+Vowel,1
Jalp-acyvSta,짧아졌다,,Jal.pacyvSta,lp-a,lpa,0,0,,,0,lC+Vowel,1
Jalp-acyvStako,짧아졌다고,,Jal.pacyvStako,lp-a,lpa,0,0,,,0,lC+Vowel,1
Jalp-acyvStanxn,짧아졌다는,,Jal.pacyvStanxn,lp-a,lpa,0,0,,,0,lC+Vowel,2
Jalp-acyvSxmyvn,짧아졌으면,,Jal.pacyvSxmyvn,lp-a,lpa,0,0,,,0,lC+Vowel,1
Jalp-akaciko,짧아가지고,,Jal.pakaciko,lp-a,lpa,0,0,,,0,lC+Vowel,3
Jalp-asv,짧아서,,Jal.pasv,lp-a,lpa,0,0,,,0,lC+Vowel,20
Jalp-ato,짧아도,,Jal.pato,lp-a,lpa,0,0,,,0,lC+Vowel,3
Jalp-ayo,짧아요,,Jal.payo,lp-a,lpa,0,0,,,0,lC+Vowel,5
Jalp-aSki,짧았기,,Jal.paSki,lp-a,lpa,0,0,,,0,lC+Vowel,3
Jalp-aSkvtxnyo,짧았거든요,,Jal.paSkvtxnyo,lp-a,lpa,0,0,,,0,lC+Vowel,2
Jalp-aSnxnte,짧았는데,,Jal.paSnxnte,lp-a,lpa,0,0,,,0,lC+Vowel,1
Jalp-aStanxn,짧았다는,,Jal.paStanxn,lp-a,lpa,0,0,,,0,lC+Vowel,1
Jalp-aStvn,짧았던,,Jal.paStvn,lp-a,lpa,0,0,,,0,lC+Vowel,4
Jalp-aSvyo,짧았어요,,Jal.paSvyo,lp-a,lpa,0,0,,,0,lC+Vowel,2
Jalp-x,짧으,,Jal.px,lp-x,lpx,0,0,,,0,lC+Vowel,1
Jalp-xmyvn,짧으면,,Jal.pxmyvn,lp-x,lpx,0,0,,,0,lC+Vowel,8
Jalp-xniga,짧으니까,,Jal.pxniga,lp-x,lpx,0,0,,,0,lC+Vowel,5
Jalp-xl,짧을,,Jal.pxl,lp-x,lpx,0,0,,,0,lC+Vowel,2
Jalp-xn,짧은,,Jal.pxn,lp-x,lpx,0,0,,,0,lC+Vowel,151
Jalp-xnte,짧은데,,Jal.pxnte,lp-x,lpx,0,0,,,0,lC+Vowel,6
Jalp-xnteto,짧은데도,,Jal.pxnteto,lp-x,lpx,0,0,,,0,lC+Vowel,1
Poknvlp-xn,폭넓은,,Poknvl.pxn,lp-x,lpx,0,0,,,0,lC+Vowel,4
cilm-vcikeSta,짊어지겠다,,cil.mvcikeSta,lm-v,lmv,0,0,,,0,lC+Vowel,1
cilm-vciko,짊어지고,,cil.mvciko,lm-v,lmv,0,0,,,0,lC+Vowel,11
cilm-vcilyvko,짊어지려고,,cil.mvcilyvko,lm-v,lmv,0,0,,,0,lC+Vowel,1
cilm-vcinxn,짊어지는,,cil.mvcinxn,lm-v,lmv,0,0,,,0,lC+Vowel,2
cilm-vcil,짊어질,,cil.mvcil,lm-v,lmv,0,0,,,0,lC+Vowel,1
cilm-vcilga,짊어질까,,cil.mvcilga,lm-v,lmv,0,0,,,0,lC+Vowel,1
cilm-vcyvto,짊어져도,,cil.mvcyvto,lm-v,lmv,0,0,,,0,lC+Vowel,1
cilm-vcyvya,짊어져야,,cil.mvcyvya,lm-v,lmv,0,0,,,0,lC+Vowel,2
cispalp-apvlin,짓밟아버린,,cispal.papvlin,lp-a,lpa,0,0,,,0,lC+Vowel,1
cispalp-aStvn,짓밟았던,,cispal.paStvn,lp-a,lpa,0,0,,,0,lC+Vowel,1
cvlm-v,젊어,,cvl.mv,lm-v,lmv,0,0,,,0,lC+Vowel,6
cvlm-vciko,젊어지고,,cvl.mvciko,lm-v,lmv,0,0,,,0,lC+Vowel,1
cvlm-vciniga,젊어지니까,,cvl.mvciniga,lm-v,lmv,0,0,,,0,lC+Vowel,2
cvlm-vcinxn,젊어지는,,cvl.mvcinxn,lm-v,lmv,0,0,,,0,lC+Vowel,2
cvlm-vcin,젊어진,,cvl.mvcin,lm-v,lmv,0,0,,,0,lC+Vowel,1
cvlm-vkaciko,젊어가지고,,cvl.mvkaciko,lm-v,lmv,0,0,,,0,lC+Vowel,1
cvlm-vsv,젊어서,,cvl.mvsv,lm-v,lmv,0,0,,,0,lC+Vowel,20
cvlm-vsvnxn,젊어서는,,cvl.mvsvnxn,lm-v,lmv,0,0,,,0,lC+Vowel,5
cvlm-vsvpuTv,젊어서부터,,cvl.mvsvpuTv,lm-v,lmv,0,0,,,0,lC+Vowel,1
cvlm-vsvto,젊어서도,,cvl.mvsvto,lm-v,lmv,0,0,,,0,lC+Vowel,2
cvlm-vyo,젊어요,,cvl.mvyo,lm-v,lmv,0,0,,,0,lC+Vowel,1
cvlm-vS,젊었,,cvl.mvS,lm-v,lmv,0,0,,,0,lC+Vowel,1
cvlm-vScanhayo,젊었잖아요,,cvl.mvScanhayo,lm-v,lmv,0,0,,,0,lC+Vowel,1
cvlm-vSkeScyo,젊었겠죠,,cvl.mvSkeScyo,lm-v,lmv,0,0,,,0,lC+Vowel,1
cvlm-vSvStvn,젊었었던,,cvl.mvSvStvn,lm-v,lmv,0,0,,,0,lC+Vowel,1
cvlm-vSxmyvn,젊었으면,,cvl.mvSxmyvn,lm-v,lmv,0,0,,,0,lC+Vowel,1
cvlm-vSxmyvnxn,젊었으면은,,cvl.mvSxmyvnxn,lm-v,lmv,0,0,,,0,lC+Vowel,2
cvlm-vSxniga,젊었으니까,,cvl.mvSxniga,lm-v,lmv,0,0,,,0,lC+Vowel,2
cvlm-vSxl,젊었을,,cvl.mvSxl,lm-v,lmv,0,0,,,0,lC+Vowel,184
cvlm-x,젊으,,cvl.mx,lm-x,lmx,0,0,,,0,lC+Vowel,1
cvlm-xna,젊으나,,cvl.mxna,lm-x,lmx,0,0,,,0,lC+Vowel,3
cvlm-xniga,젊으니까,,cvl.mxniga,lm-x,lmx,0,0,,,0,lC+Vowel,12
cvlm-xnigan,젊으니깐,,cvl.mxnigan,lm-x,lmx,0,0,,,0,lC+Vowel,2
cvlm-xsicanhayo,젊으시잖아요,,cvl.mxsicanhayo,lm-x,lmx,0,0,,,0,lC+Vowel,3
cvlm-xsikinxn,젊으시기는,,cvl.mxsikinxn,lm-x,lmx,0,0,,,0,lC+Vowel,1
cvlm-xsiniga,젊으시니까,,cvl.mxsiniga,lm-x,lmx,0,0,,,0,lC+Vowel,1
cvlm-xsita,젊으시다,,cvl.mxsita,lm-x,lmx,0,0,,,0,lC+Vowel,1
cvlm-xsil,젊으실,,cvl.mxsil,lm-x,lmx,0,0,,,0,lC+Vowel,3
cvlm-xsin,젊으신,,cvl.mxsin,lm-x,lmx,0,0,,,0,lC+Vowel,12
cvlm-xsinte,젊으신데,,cvl.mxsinte,lm-x,lmx,0,0,,,0,lC+Vowel,2
cvlm-xsyvkaciko,젊으셔가지고,,cvl.mxsyvkaciko,lm-x,lmx,0,0,,,0,lC+Vowel,2
cvlm-xsyvkacko,젊으셔갖고,,cvl.mxsyvkacko,lm-x,lmx,0,0,,,0,lC+Vowel,1
cvlm-xsyvsv,젊으셔서,,cvl.mxsyvsv,lm-x,lmx,0,0,,,0,lC+Vowel,1
cvlm-xsyvSkvtxnyo,젊으셨거든요,,cvl.mxsyvSkvtxnyo,lm-x,lmx,0,0,,,0,lC+Vowel,1
cvlm-xsyvSxl,젊으셨을,,cvl.mxsyvSxl,lm-x,lmx,0,0,,,0,lC+Vowel,1
cvlm-xl,젊을,,cvl.mxl,lm-x,lmx,0,0,,,0,lC+Vowel,43
cvlm-xm,젊음,,cvl.mxm,lm-x,lmx,0,0,,,0,lC+Vowel,1
cvlm-xmxl,젊음을,,cvl.mxmxl,lm-x,lmx,0,0,,,0,lC+Vowel,4
cvlm-xn,젊은,,cvl.mxn,lm-x,lmx,0,0,,,0,lC+Vowel,520
cvlm-xnCxNina,젊은층이나,,cvl.mxnCxNina,lm-x,lmx,0,0,,,0,lC+Vowel,1
cvlm-xnCxNxlo,젊은층으로,,cvl.mxnCxNxlo,lm-x,lmx,0,0,,,0,lC+Vowel,1
cvlm-xnCxNxy,젊은층의,,cvl.mxnCxNxy,lm-x,lmx,0,0,,,0,lC+Vowel,1
cvlm-xni,젊은이,,cvl.mxni,lm-x,lmx,0,0,,,0,lC+Vowel,3
cvlm-xnika,젊은이가,,cvl.mxnika,lm-x,lmx,0,0,,,0,lC+Vowel,1
cvlm-xnilamyvn,젊은이라면,,cvl.mxnilamyvn,lm-x,lmx,0,0,,,0,lC+Vowel,1
cvlm-xnilanxn,젊은이라는,,cvl.mxnilanxn,lm-x,lmx,0,0,,,0,lC+Vowel,1
cvlm-xniman,젊은이만,,cvl.mxniman,lm-x,lmx,0,0,,,0,lC+Vowel,1
cvlm-xniniga,젊은이니까,,cvl.mxniniga,lm-x,lmx,0,0,,,0,lC+Vowel,2
cvlm-xnita,젊은이다,,cvl.mxnita,lm-x,lmx,0,0,,,0,lC+Vowel,1
cvlm-xnitxl,젊은이들,,cvl.mxnitxl,lm-x,lmx,0,0,,,0,lC+Vowel,5
cvlm-xnitxle,젊은이들에,,cvl.mxnitxle,lm-x,lmx,0,0,,,0,lC+Vowel,1
cvlm-xnitxleke,젊은이들에게,,cvl.mxnitxleke,lm-x,lmx,0,0,,,0,lC+Vowel,2
cvlm-xnitxleketo,젊은이들에게도,,cvl.mxnitxleketo,lm-x,lmx,0,0,,,0,lC+Vowel,1
cvlm-xnitxlhanTe,젊은이들한테,,cvl.mxnitxlhanTe,lm-x,lmx,0,0,,,0,lC+Vowel,5
cvlm-xnitxlhanTeto,젊은이들한테도,,cvl.mxnitxlhanTeto,lm-x,lmx,0,0,,,0,lC+Vowel,1
cvlm-xnitxli,젊은이들이,,cvl.mxnitxli,lm-x,lmx,0,0,,,0,lC+Vowel,24
cvlm-xnitxlina,젊은이들이나,,cvl.mxnitxlina,lm-x,lmx,0,0,,,0,lC+Vowel,1
cvlm-xnitxlivSxmyvn,젊은이들이었으면,,cvl.mxnitxlivSxmyvn,lm-x,lmx,0,0,,,0,lC+Vowel,1
cvlm-xnitxltapci,젊은이들답지,,cvl.mxnitxltapci,lm-x,lmx,0,0,,,0,lC+Vowel,1
cvlm-xnitxlto,젊은이들도,,cvl.mxnitxlto,lm-x,lmx,0,0,,,0,lC+Vowel,1
cvlm-xnitxlxl,젊은이들을,,cvl.mxnitxlxl,lm-x,lmx,0,0,,,0,lC+Vowel,2
cvlm-xnitxlxn,젊은이들은,,cvl.mxnitxlxn,lm-x,lmx,0,0,,,0,lC+Vowel,10
cvlm-xnitxlxy,젊은이들의,,cvl.mxnitxlxy,lm-x,lmx,0,0,,,0,lC+Vowel,5
cvlm-xnixy,젊은이의,,cvl.mxnixy,lm-x,lmx,0,0,,,0,lC+Vowel,2
cvlm-xnte,젊은데,,cvl.mxnte,lm-x,lmx,0,0,,,0,lC+Vowel,6
halT-acuko,핥아주고,,hal.Tacuko,lT-a,lTa,0,0,,,0,lC+Vowel,3
halT-acukvna,핥아주거나,,hal.Tacukvna,lT-a,lTa,0,0,,,0,lC+Vowel,1
halT-acutvlako,핥아주더라고,,hal.Tacutvlako,lT-a,lTa,0,0,,,0,lC+Vowel,1
halT-acuntatxnka,핥아준다든가,,hal.Tacuntatxnka,lT-a,lTa,0,0,,,0,lC+Vowel,1
halT-akamyvnsv,핥아가면서,,hal.Takamyvnsv,lT-a,lTa,0,0,,,0,lC+Vowel,1
halT-asv,핥아서,,hal.Tasv,lT-a,lTa,0,0,,,0,lC+Vowel,3
halT-ayo,핥아요,,hal.Tayo,lT-a,lTa,0,0,,,0,lC+Vowel,3
halT-aSxl,핥았을,,hal.TaSxl,lT-a,lTa,0,0,,,0,lC+Vowel,1
halT-xmyvn,핥으면,,hal.Txmyvn,lT-x,lTx,0,0,,,0,lC+Vowel,1
hemalk-xm,해맑음,,hemal.kxm,lk-x,lkx,0,0,,,0,lC+Vowel,1
hulT-v,훑어,,hul.Tv,lT-v,lTv,0,0,,,0,lC+Vowel,1
hulT-vpoko,훑어보고,,hul.Tvpoko,lT-v,lTv,0,0,,,0,lC+Vowel,5
hulT-vpomyvn,훑어보면,,hul.Tvpomyvn,lT-v,lTv,0,0,,,0,lC+Vowel,1
hulT-vpomyvnsv,훑어보면서,,hul.Tvpomyvnsv,lT-v,lTv,0,0,,,0,lC+Vowel,1
hulT-vposin,훑어보신,,hul.Tvposin,lT-v,lTv,0,0,,,0,lC+Vowel,1
hulT-vpotaka,훑어보다가,,hul.Tvpotaka,lT-v,lTv,0,0,,,0,lC+Vowel,1
hulT-vpotvni,훑어보더니,,hul.Tvpotvni,lT-v,lTv,0,0,,,0,lC+Vowel,1
hulT-vpwaya,훑어봐야,,hul.Tvpwaya,lT-v,lTv,0,0,,,0,lC+Vowel,1
ilk-v,읽어,,il.kv,lk-v,lkv,0,0,,,0,lC+Vowel,15
ilk-vcin,읽어진,,il.kvcin,lk-v,lkv,0,0,,,0,lC+Vowel,1
ilk-vcuca,읽어주자,,il.kvcuca,lk-v,lkv,0,0,,,0,lC+Vowel,1
ilk-vcuke,읽어주게,,il.kvcuke,lk-v,lkv,0,0,,,0,lC+Vowel,1
ilk-vcukin,읽어주긴,,il.kvcukin,lk-v,lkv,0,0,,,0,lC+Vowel,1
ilk-vcuko,읽어주고,,il.kvcuko,lk-v,lkv,0,0,,,0,lC+Vowel,2
ilk-vcukvna,읽어주거나,,il.kvcukvna,lk-v,lkv,0,0,,,0,lC+Vowel,1
ilk-vcumyvn,읽어주면,,il.kvcumyvn,lk-v,lkv,0,0,,,0,lC+Vowel,1
ilk-vcumyvnsv,읽어주면서,,il.kvcumyvnsv,lk-v,lkv,0,0,,,0,lC+Vowel,4
ilk-vcunxn,읽어주는,,il.kvcunxn,lk-v,lkv,0,0,,,0,lC+Vowel,7
ilk-vcunxnte,읽어주는데,,il.kvcunxnte,lk-v,lkv,0,0,,,0,lC+Vowel,1
ilk-vcusikito,읽어주시기도,,il.kvcusikito,lk-v,lkv,0,0,,,0,lC+Vowel,1
ilk-vcusikvtxn,읽어주시거든,,il.kvcusikvtxn,lk-v,lkv,0,0,,,0,lC+Vowel,1
ilk-vcun,읽어준,,il.kvcun,lk-v,lkv,0,0,,,0,lC+Vowel,1
ilk-vcwvSkvtxn,읽어줬거든,,il.kvcwvSkvtxn,lk-v,lkv,0,0,,,0,lC+Vowel,1
ilk-vcyvsv,읽어져서,,il.kvcyvsv,lk-v,lkv,0,0,,,0,lC+Vowel,1
ilk-vkanxn,읽어가는,,il.kvkanxn,lk-v,lkv,0,0,,,0,lC+Vowel,1
ilk-vla,읽어라,,il.kvla,lk-v,lkv,0,0,,,0,lC+Vowel,3
ilk-vneko,읽어내고,,il.kvneko,lk-v,lkv,0,0,,,0,lC+Vowel,1
ilk-vnenxn,읽어내는,,il.kvnenxn,lk-v,lkv,0,0,,,0,lC+Vowel,1
ilk-vpoci,읽어보지,,il.kvpoci,lk-v,lkv,0,0,,,0,lC+Vowel,1
ilk-vpocinxn,읽어보지는,,il.kvpocinxn,lk-v,lkv,0,0,,,0,lC+Vowel,2
ilk-vpocin,읽어보진,,il.kvpocin,lk-v,lkv,0,0,,,0,lC+Vowel,1
ilk-vpokie,읽어보기에,,il.kvpokie,lk-v,lkv,0,0,,,0,lC+Vowel,1
ilk-vpokinxn,읽어보기는,,il.kvpokinxn,lk-v,lkv,0,0,,,0,lC+Vowel,1
ilk-vpokin,읽어보긴,,il.kvpokin,lk-v,lkv,0,0,,,0,lC+Vowel,1
ilk-vpoko,읽어보고,,il.kvpoko,lk-v,lkv,0,0,,,0,lC+Vowel,2
ilk-vpokonxn,읽어보고는,,il.kvpokonxn,lk-v,lkv,0,0,,,0,lC+Vowel,1
ilk-vpolako,읽어보라고,,il.kvpolako,lk-v,lkv,0,0,,,0,lC+Vowel,1
ilk-vpolv,읽어보러,,il.kvpolv,lk-v,lkv,0,0,,,0,lC+Vowel,1
ilk-vpomyvn,읽어보면,,il.kvpomyvn,lk-v,lkv,0,0,,,0,lC+Vowel,5
ilk-vpomyvnsv,읽어보면서,,il.kvpomyvnsv,lk-v,lkv,0,0,,,0,lC+Vowel,2
ilk-vpomyvnxn,읽어보면은,,il.kvpomyvnxn,lk-v,lkv,0,0,,,0,lC+Vowel,4
ilk-vponiga,읽어보니까,,il.kvponiga,lk-v,lkv,0,0,,,0,lC+Vowel,8
ilk-vponxn,읽어보는,,il.kvponxn,lk-v,lkv,0,0,,,0,lC+Vowel,1
ilk-vposinxn,읽어보시는,,il.kvposinxn,lk-v,lkv,0,0,,,0,lC+Vowel,1
ilk-vposintako,읽어보신다고,,il.kvposintako,lk-v,lkv,0,0,,,0,lC+Vowel,1
ilk-vposyvScyo,읽어보셨죠,,il.kvposyvScyo,lk-v,lkv,0,0,,,0,lC+Vowel,1
ilk-vposyvSvyo,읽어보셨어요,,il.kvposyvSvyo,lk-v,lkv,0,0,,,0,lC+Vowel,1
ilk-vposyvSxlgayo,읽어보셨을까요,,il.kvposyvSxlgayo,lk-v,lkv,0,0,,,0,lC+Vowel,1
ilk-vpol,읽어볼,,il.kvpol,lk-v,lkv,0,0,,,0,lC+Vowel,2
ilk-vpon,읽어본,,il.kvpon,lk-v,lkv,0,0,,,0,lC+Vowel,5
ilk-vpwaculke,읽어봐줄게,,il.kvpwaculke,lk-v,lkv,0,0,,,0,lC+Vowel,1
ilk-vpwato,읽어봐도,,il.kvpwato,lk-v,lkv,0,0,,,0,lC+Vowel,2
ilk-vpwaSkoyo,읽어봤고요,,il.kvpwaSkoyo,lk-v,lkv,0,0,,,0,lC+Vowel,1
ilk-vpwaSkvtxnyo,읽어봤거든요,,il.kvpwaSkvtxnyo,lk-v,lkv,0,0,,,0,lC+Vowel,1
ilk-vpwaSnxnte,읽어봤는데,,il.kvpwaSnxnte,lk-v,lkv,0,0,,,0,lC+Vowel,2
ilk-vpwaSnxnteyo,읽어봤는데요,,il.kvpwaSnxnteyo,lk-v,lkv,0,0,,,0,lC+Vowel,3
ilk-vpwaStan,읽어봤단,,il.kvpwaStan,lk-v,lkv,0,0,,,0,lC+Vowel,1
ilk-vpwaStvn,읽어봤던,,il.kvpwaStvn,lk-v,lkv,0,0,,,0,lC+Vowel,1
ilk-vpwaSv,읽어봤어,,il.kvpwaSv,lk-v,lkv,0,0,,,0,lC+Vowel,2
ilk-vpwaSvyo,읽어봤어요,,il.kvpwaSvyo,lk-v,lkv,0,0,,,0,lC+Vowel,1
ilk-vpwaSxl,읽어봤을,,il.kvpwaSxl,lk-v,lkv,0,0,,,0,lC+Vowel,1
ilk-vsv,읽어서,,il.kvsv,lk-v,lkv,0,0,,,0,lC+Vowel,4
ilk-vto,읽어도,,il.kvto,lk-v,lkv,0,0,,,0,lC+Vowel,4
ilk-vtxlipni,읽어드립니,,il.kvtxlipni,lk-v,lkv,0,0,,,0,lC+Vowel,1
ilk-vya,읽어야,,il.kvya,lk-v,lkv,0,0,,,0,lC+Vowel,8
ilk-vyaci,읽어야지,,il.kvyaci,lk-v,lkv,0,0,,,0,lC+Vowel,1
ilk-vyacilako,읽어야지라고,,il.kvyacilako,lk-v,lkv,0,0,,,0,lC+Vowel,1
ilk-vyakeSta,읽어야겠다,,il.kvyakeSta,lk-v,lkv,0,0,,,0,lC+Vowel,2
ilk-vyo,읽어요,,il.kvyo,lk-v,lkv,0,0,,,0,lC+Vowel,2
ilk-vScanha,읽었잖아,,il.kvScanha,lk-v,lkv,0,0,,,0,lC+Vowel,2
ilk-vSki,읽었기,,il.kvSki,lk-v,lkv,0,0,,,0,lC+Vowel,1
ilk-vSko,읽었고,,il.kvSko,lk-v,lkv,0,0,,,0,lC+Vowel,3
ilk-vSkvtxn,읽었거든,,il.kvSkvtxn,lk-v,lkv,0,0,,,0,lC+Vowel,1
ilk-vSkvtxnyo,읽었거든요,,il.kvSkvtxnyo,lk-v,lkv,0,0,,,0,lC+Vowel,1
ilk-vSnxnte,읽었는데,,il.kvSnxnte,lk-v,lkv,0,0,,,0,lC+Vowel,14
ilk-vSnxnteyo,읽었는데요,,il.kvSnxnteyo,lk-v,lkv,0,0,,,0,lC+Vowel,1
ilk-vSta,읽었다,,il.kvSta,lk-v,lkv,0,0,,,0,lC+Vowel,1
ilk-vStako,읽었다고,,il.kvStako,lk-v,lkv,0,0,,,0,lC+Vowel,1
ilk-vStvn,읽었던,,il.kvStvn,lk-v,lkv,0,0,,,0,lC+Vowel,14
ilk-vSv,읽었어,,il.kvSv,lk-v,lkv,0,0,,,0,lC+Vowel,2
ilk-vSvyo,읽었어요,,il.kvSvyo,lk-v,lkv,0,0,,,0,lC+Vowel,4
ilk-vSvSkvtxn,읽었었거든,,il.kvSvSkvtxn,lk-v,lkv,0,0,,,0,lC+Vowel,1
ilk-vSvSkvtxnyo,읽었었거든요,,il.kvSvSkvtxnyo,lk-v,lkv,0,0,,,0,lC+Vowel,1
ilk-vSvSnxn,읽었었는,,il.kvSvSnxn,lk-v,lkv,0,0,,,0,lC+Vowel,1
ilk-vSvSnxnte,읽었었는데,,il.kvSvSnxnte,lk-v,lkv,0,0,,,0,lC+Vowel,2
ilk-vSvSnxnteyo,읽었었는데요,,il.kvSvSnxnteyo,lk-v,lkv,0,0,,,0,lC+Vowel,1
ilk-vSvSsxpnita,읽었었습니다,,il.kvSvSsxpnita,lk-v,lkv,0,0,,,0,lC+Vowel,1
ilk-vSx,읽었으,,il.kvSx,lk-v,lkv,0,0,,,0,lC+Vowel,1
ilk-vSxl,읽었을,,il.kvSxl,lk-v,lkv,0,0,,,0,lC+Vowel,4
ilk-xla,읽으라,,il.kxla,lk-x,lkx,0,0,,,0,lC+Vowel,1
ilk-xlyvko,읽으려고,,il.kxlyvko,lk-x,lkx,0,0,,,0,lC+Vowel,2
ilk-xmyvn,읽으면,,il.kxmyvn,lk-x,lkx,0,0,,,0,lC+Vowel,5
ilk-xmyvnsv,읽으면서,,il.kxmyvnsv,lk-x,lkx,0,0,,,0,lC+Vowel,19
ilk-xmyvnsvto,읽으면서도,,il.kxmyvnsvto,lk-x,lkx,0,0,,,0,lC+Vowel,1
ilk-xmyvnxn,읽으면은,,il.kxmyvnxn,lk-x,lkx,0,0,,,0,lC+Vowel,1
ilk-xniga,읽으니까,,il.kxniga,lk-x,lkx,0,0,,,0,lC+Vowel,5
ilk-xseyo,읽으세요,,il.kxseyo,lk-x,lkx,0,0,,,0,lC+Vowel,1
ilk-xsinxn,읽으시는,,il.kxsinxn,lk-x,lkx,0,0,,,0,lC+Vowel,6
ilk-xsinxnci,읽으시는지,,il.kxsinxnci,lk-x,lkx,0,0,,,0,lC+Vowel,1
ilk-xsyvsv,읽으셔서,,il.kxsyvsv,lk-x,lkx,0,0,,,0,lC+Vowel,1
ilk-xsyvSkeSvyo,읽으셨겠어요,,il.kxsyvSkeSvyo,lk-x,lkx,0,0,,,0,lC+Vowel,1
ilk-xl,읽을,,il.kxl,lk-x,lkx,0,0,,,0,lC+Vowel,18
ilk-xn,읽은,,il.kxn,lk-x,lkx,0,0,,,0,lC+Vowel,17
kalk-a,갉아,,kal.ka,lk-a,lka,0,0,,,0,lC+Vowel,5
kalk-amvkko,갉아먹고,,kal.kamvkko,lk-a,lka,0,0,,,0,lC+Vowel,2
kalk-amvknxn,갉아먹는,,kal.kamvknxn,lk-a,lka,0,0,,,0,lC+Vowel,3
kalk-amvkxn,갉아먹은,,kal.kamvkxn,lk-a,lka,0,0,,,0,lC+Vowel,1
kolm-a,곪아,,kol.ma,lm-a,lma,0,0,,,0,lC+Vowel,1
kolm-xl,곪을,,kol.mxl,lm-x,lmx,0,0,,,0,lC+Vowel,2
kulk-vciko,굵어지고,,kul.kvciko,lk-v,lkv,0,0,,,0,lC+Vowel,2
kulk-vSko,굵었고,,kul.kvSko,lk-v,lkv,0,0,,,0,lC+Vowel,1
kulk-vSvyo,굵었어요,,kul.kvSvyo,lk-v,lkv,0,0,,,0,lC+Vowel,1
kulk-xn,굵은,,kul.kxn,lk-x,lkx,0,0,,,0,lC+Vowel,6
kulm-v,굶어,,kul.mv,lm-v,lmv,0,0,,,0,lC+Vowel,13
kulm-vkamyvnsv,굶어가면서,,kul.mvkamyvnsv,lm-v,lmv,0,0,,,0,lC+Vowel,1
kulm-vsv,굶어서,,kul.mvsv,lm-v,lmv,0,0,,,0,lC+Vowel,6
kulm-vto,굶어도,,kul.mvto,lm-v,lmv,0,0,,,0,lC+Vowel,1
kulm-vya,굶어야,,kul.mvya,lm-v,lmv,0,0,,,0,lC+Vowel,3
kulm-vSci,굶었지,,kul.mvSci,lm-v,lmv,0,0,,,0,lC+Vowel,1
kulm-vSvyo,굶었어요,,kul.mvSvyo,lm-v,lmv,0,0,,,0,lC+Vowel,1
kulm-vSxmyvn,굶었으면,,kul.mvSxmyvn,lm-v,lmv,0,0,,,0,lC+Vowel,1
kulm-xmyvn,굶으면,,kul.mxmyvn,lm-x,lmx,0,0,,,0,lC+Vowel,3
kulm-xmyvnsv,굶으면서,,kul.mxmyvnsv,lm-x,lmx,0,0,,,0,lC+Vowel,5
kulm-xmyvnxn,굶으면은,,kul.mxmyvnxn,lm-x,lmx,0,0,,,0,lC+Vowel,1
kulm-xl,굶을,,kul.mxl,lm-x,lmx,0,0,,,0,lC+Vowel,1
kxlk-v,긁어,,kxl.kv,lk-v,lkv,0,0,,,0,lC+Vowel,2
kxlk-vcwvScyo,긁어줬죠,,kxl.kvcwvScyo,lk-v,lkv,0,0,,,0,lC+Vowel,1
kxlk-vcwvSnxnte,긁어줬는데,,kxl.kvcwvSnxnte,lk-v,lkv,0,0,,,0,lC+Vowel,1
kxlk-vmvkko,긁어먹고,,kxl.kvmvkko,lk-v,lkv,0,0,,,0,lC+Vowel,1
kxlk-vmvktvniman,긁어먹더니만,,kxl.kvmvktvniman,lk-v,lkv,0,0,,,0,lC+Vowel,1
kxlk-vsv,긁어서,,kxl.kvsv,lk-v,lkv,0,0,,,0,lC+Vowel,2
kxlk-vto,긁어도,,kxl.kvto,lk-v,lkv,0,0,,,0,lC+Vowel,1
kxlk-vyo,긁어요,,kxl.kvyo,lk-v,lkv,0,0,,,0,lC+Vowel,1
kxlk-vStanxn,긁었다는,,kxl.kvStanxn,lk-v,lkv,0,0,,,0,lC+Vowel,1
kxlk-vStvn,긁었던,,kxl.kvStvn,lk-v,lkv,0,0,,,0,lC+Vowel,1
kxlk-xlyvko,긁으려고,,kxl.kxlyvko,lk-x,lkx,0,0,,,0,lC+Vowel,1
kxlk-xmyvn,긁으면,,kxl.kxmyvn,lk-x,lkx,0,0,,,0,lC+Vowel,2
kxlk-xmyvnsv,긁으면서,,kxl.kxmyvnsv,lk-x,lkx,0,0,,,0,lC+Vowel,2
kxlk-xl,긁을,,kxl.kxl,lk-x,lkx,0,0,,,0,lC+Vowel,1
kxlk-xn,긁은,,kxl.kxn,lk-x,lkx,0,0,,,0,lC+Vowel,1
malk-a,맑아,,mal.ka,lk-a,lka,0,0,,,0,lC+Vowel,1
malk-acike,맑아지게,,mal.kacike,lk-a,lka,0,0,,,0,lC+Vowel,1
malk-aciko,맑아지고,,mal.kaciko,lk-a,lka,0,0,,,0,lC+Vowel,1
malk-acinxn,맑아지는,,mal.kacinxn,lk-a,lka,0,0,,,0,lC+Vowel,7
malk-acin,맑아진,,mal.kacin,lk-a,lka,0,0,,,0,lC+Vowel,1
malk-acintako,맑아진다고,,mal.kacintako,lk-a,lka,0,0,,,0,lC+Vowel,1
malk-acyvyo,맑아져요,,mal.kacyvyo,lk-a,lka,0,0,,,0,lC+Vowel,1
malk-asv,맑아서,,mal.kasv,lk-a,lka,0,0,,,0,lC+Vowel,3
malk-ato,맑아도,,mal.kato,lk-a,lka,0,0,,,0,lC+Vowel,1
malk-ayo,맑아요,,mal.kayo,lk-a,lka,0,0,,,0,lC+Vowel,1
malk-aStaka,맑았다가,,mal.kaStaka,lk-a,lka,0,0,,,0,lC+Vowel,2
malk-aStvn,맑았던,,mal.kaStvn,lk-a,lka,0,0,,,0,lC+Vowel,1
malk-aSvSkvtxnyo,맑았었거든요,,mal.kaSvSkvtxnyo,lk-a,lka,0,0,,,0,lC+Vowel,1
malk-aSxmyvn,맑았으면,,mal.kaSxmyvn,lk-a,lka,0,0,,,0,lC+Vowel,2
malk-xmyvn,맑으면,,mal.kxmyvn,lk-x,lkx,0,0,,,0,lC+Vowel,3
malk-xmyvnsv,맑으면서,,mal.kxmyvnsv,lk-x,lkx,0,0,,,0,lC+Vowel,1
malk-xl,맑을,,mal.kxl,lk-x,lkx,0,0,,,0,lC+Vowel,1
malk-xn,맑은,,mal.kxn,lk-x,lkx,0,0,,,0,lC+Vowel,59
nalk-a,낡아,,nal.ka,lk-a,lka,0,0,,,0,lC+Vowel,1
nalk-acyvSxl,낡아졌을,,nal.kacyvSxl,lk-a,lka,0,0,,,0,lC+Vowel,1
nalk-asv,낡아서,,nal.kasv,lk-a,lka,0,0,,,0,lC+Vowel,3
nalk-aSko,낡았고,,nal.kaSko,lk-a,lka,0,0,,,0,lC+Vowel,1
nalk-xn,낡은,,nal.kxn,lk-x,lkx,0,0,,,0,lC+Vowel,8
nvlp-idwiki,넓이뛰기,,nvl.pidwiki,lp-i,lpi,0,0,,,0,lC+Vowel,1
nvlp-v,넓어,,nvl.pv,lp-v,lpv,0,0,,,0,lC+Vowel,4
nvlp-vcikeSta,넓어지겠다,,nvl.pvcikeSta,lp-v,lpv,0,0,,,0,lC+Vowel,1
nvlp-vciki,넓어지기,,nvl.pvciki,lp-v,lpv,0,0,,,0,lC+Vowel,1
nvlp-vciko,넓어지고,,nvl.pvciko,lp-v,lpv,0,0,,,0,lC+Vowel,6
nvlp-vcimyvn,넓어지면,,nvl.pvcimyvn,lp-v,lpv,0,0,,,0,lC+Vowel,1
nvlp-vcimyvnsv,넓어지면서,,nvl.pvcimyvnsv,lp-v,lpv,0,0,,,0,lC+Vowel,2
nvlp-vcinxn,넓어지는,,nvl.pvcinxn,lp-v,lpv,0,0,,,0,lC+Vowel,3
nvlp-vcinxnkuna,넓어지는구나,,nvl.pvcinxnkuna,lp-v,lpv,0,0,,,0,lC+Vowel,1
nvlp-vcil,넓어질,,nvl.pvcil,lp-v,lpv,0,0,,,0,lC+Vowel,4
nvlp-vcilsulok,넓어질수록,,nvl.pvcilsulok,lp-v,lpv,0,0,,,0,lC+Vowel,1
nvlp-vcin,넓어진,,nvl.pvcin,lp-v,lpv,0,0,,,0,lC+Vowel,3
nvlp-vcinta,넓어진다,,nvl.pvcinta,lp-v,lpv,0,0,,,0,lC+Vowel,1
nvlp-vcintako,넓어진다고,,nvl.pvcintako,lp-v,lpv,0,0,,,0,lC+Vowel,3
nvlp-vcintanxn,넓어진다는,,nvl.pvcintanxn,lp-v,lpv,0,0,,,0,lC+Vowel,2
nvlp-vcyvSnxnte,넓어졌는데,,nvl.pvcyvSnxnte,lp-v,lpv,0,0,,,0,lC+Vowel,1
nvlp-vcyvSta,넓어졌다,,nvl.pvcyvSta,lp-v,lpv,0,0,,,0,lC+Vowel,1
nvlp-vcyvStako,넓어졌다고,,nvl.pvcyvStako,lp-v,lpv,0,0,,,0,lC+Vowel,1
nvlp-vcyvSvyo,넓어졌어요,,nvl.pvcyvSvyo,lp-v,lpv,0,0,,,0,lC+Vowel,1
nvlp-vcyvSxmyvn,넓어졌으면,,nvl.pvcyvSxmyvn,lp-v,lpv,0,0,,,0,lC+Vowel,2
nvlp-vkaciko,넓어가지고,,nvl.pvkaciko,lp-v,lpv,0,0,,,0,lC+Vowel,9
nvlp-vsv,넓어서,,nvl.pvsv,lp-v,lpv,0,0,,,0,lC+Vowel,14
nvlp-vya,넓어야,,nvl.pvya,lp-v,lpv,0,0,,,0,lC+Vowel,4
nvlp-vyaci,넓어야지,,nvl.pvyaci,lp-v,lpv,0,0,,,0,lC+Vowel,1
nvlp-vyo,넓어요,,nvl.pvyo,lp-v,lpv,0,0,,,0,lC+Vowel,1
nvlp-vSci,넓었지,,nvl.pvSci,lp-v,lpv,0,0,,,0,lC+Vowel,1
nvlp-vSko,넓었고,,nvl.pvSko,lp-v,lpv,0,0,,,0,lC+Vowel,2
nvlp-vSnxnte,넓었는데,,nvl.pvSnxnte,lp-v,lpv,0,0,,,0,lC+Vowel,1
nvlp-vSv,넓었어,,nvl.pvSv,lp-v,lpv,0,0,,,0,lC+Vowel,2
nvlp-vSvsv,넓었어서,,nvl.pvSvsv,lp-v,lpv,0,0,,,0,lC+Vowel,1
nvlp-vSxmyvn,넓었으면,,nvl.pvSxmyvn,lp-v,lpv,0,0,,,0,lC+Vowel,1
nvlp-xmyvn,넓으면,,nvl.pxmyvn,lp-x,lpx,0,0,,,0,lC+Vowel,1
nvlp-xniga,넓으니까,,nvl.pxniga,lp-x,lpx,0,0,,,0,lC+Vowel,2
nvlp-xnigan,넓으니깐,,nvl.pxnigan,lp-x,lpx,0,0,,,0,lC+Vowel,1
nvlp-xl,넓을,,nvl.pxl,lp-x,lpx,0,0,,,0,lC+Vowel,1
nvlp-xmi,넓음이,,nvl.pxmi,lp-x,lpx,0,0,,,0,lC+Vowel,1
nvlp-xn,넓은,,nvl.pxn,lp-x,lpx,0,0,,,0,lC+Vowel,90
nvlp-xnte,넓은데,,nvl.pxnte,lp-x,lpx,0,0,,,0,lC+Vowel,9
nvlp-xnteto,넓은데도,,nvl.pxnteto,lp-x,lpx,0,0,,,0,lC+Vowel,1
nxlk-v,늙어,,nxl.kv,lk-v,lkv,0,0,,,0,lC+Vowel,7
nxlk-vci,늙어지,,nxl.kvci,lk-v,lkv,0,0,,,0,lC+Vowel,1
nxlk-vkacanhayo,늙어가잖아요,,nxl.kvkacanhayo,lk-v,lkv,0,0,,,0,lC+Vowel,1
nxlk-vkaciko,늙어가지고,,nxl.kvkaciko,lk-v,lkv,0,0,,,0,lC+Vowel,1
nxlk-vkako,늙어가고,,nxl.kvkako,lk-v,lkv,0,0,,,0,lC+Vowel,7
nxlk-vkamyvnsv,늙어가면서,,nxl.kvkamyvnsv,lk-v,lkv,0,0,,,0,lC+Vowel,6
nxlk-vkaniga,늙어가니까,,nxl.kvkaniga,lk-v,lkv,0,0,,,0,lC+Vowel,1
nxlk-vkanxn,늙어가는,,nxl.kvkanxn,lk-v,lkv,0,0,,,0,lC+Vowel,5
nxlk-vkanxnkuna,늙어가는구나,,nxl.kvkanxnkuna,lk-v,lkv,0,0,,,0,lC+Vowel,2
nxlk-vkanxnkunalanxn,늙어가는구나라는,,nxl.kvkanxnkunalanxn,lk-v,lkv,0,0,,,0,lC+Vowel,1
nxlk-vkasiko,늙어가시고,,nxl.kvkasiko,lk-v,lkv,0,0,,,0,lC+Vowel,2
nxlk-vkata,늙어가다,,nxl.kvkata,lk-v,lkv,0,0,,,0,lC+Vowel,1
nxlk-vkacko,늙어갖고,,nxl.kvkacko,lk-v,lkv,0,0,,,0,lC+Vowel,1
nxlk-vkalgapwa,늙어갈까봐,,nxl.kvkalgapwa,lk-v,lkv,0,0,,,0,lC+Vowel,1
nxlk-vkantanxn,늙어간다는,,nxl.kvkantanxn,lk-v,lkv,0,0,,,0,lC+Vowel,2
nxlk-vpvlimyvnxn,늙어버리면은,,nxl.kvpvlimyvnxn,lk-v,lkv,0,0,,,0,lC+Vowel,1
nxlk-vsv,늙어서,,nxl.kvsv,lk-v,lkv,0,0,,,0,lC+Vowel,23
nxlk-vsvgaci,늙어서까지,,nxl.kvsvgaci,lk-v,lkv,0,0,,,0,lC+Vowel,2
nxlk-vsvgacito,늙어서까지도,,nxl.kvsvgacito,lk-v,lkv,0,0,,,0,lC+Vowel,1
nxlk-vsvnxn,늙어서는,,nxl.kvsvnxn,lk-v,lkv,0,0,,,0,lC+Vowel,2
nxlk-vsvto,늙어서도,,nxl.kvsvto,lk-v,lkv,0,0,,,0,lC+Vowel,6
nxlk-vto,늙어도,,nxl.kvto,lk-v,lkv,0,0,,,0,lC+Vowel,1
nxlk-vS,늙었,,nxl.kvS,lk-v,lkv,0,0,,,0,lC+Vowel,1
nxlk-vSciman,늙었지만,,nxl.kvSciman,lk-v,lkv,0,0,,,0,lC+Vowel,1
nxlk-vScyo,늙었죠,,nxl.kvScyo,lk-v,lkv,0,0,,,0,lC+Vowel,1
nxlk-vSkuna,늙었구나,,nxl.kvSkuna,lk-v,lkv,0,0,,,0,lC+Vowel,3
nxlk-vSna,늙었나,,nxl.kvSna,lk-v,lkv,0,0,,,0,lC+Vowel,1
nxlk-vSta,늙었다,,nxl.kvSta,lk-v,lkv,0,0,,,0,lC+Vowel,2
nxlk-vStako,늙었다고,,nxl.kvStako,lk-v,lkv,0,0,,,0,lC+Vowel,1
nxlk-vStalanxn,늙었다라는,,nxl.kvStalanxn,lk-v,lkv,0,0,,,0,lC+Vowel,1
nxlk-vStvlakoyo,늙었더라고요,,nxl.kvStvlakoyo,lk-v,lkv,0,0,,,0,lC+Vowel,1
nxlk-vSvyo,늙었어요,,nxl.kvSvyo,lk-v,lkv,0,0,,,0,lC+Vowel,1
nxlk-vSxniga,늙었으니까,,nxl.kvSxniga,lk-v,lkv,0,0,,,0,lC+Vowel,1
nxlk-vSxl,늙었을,,nxl.kvSxl,lk-v,lkv,0,0,,,0,lC+Vowel,3
nxlk-xmyvn,늙으면,,nxl.kxmyvn,lk-x,lkx,0,0,,,0,lC+Vowel,12
nxlk-xmyvnxn,늙으면은,,nxl.kxmyvnxn,lk-x,lkx,0,0,,,0,lC+Vowel,2
nxlk-xsyvSnxnte,늙으셨는데,,nxl.kxsyvSnxnte,lk-x,lkx,0,0,,,0,lC+Vowel,1
nxlk-xl,늙을,,nxl.kxl,lk-x,lkx,0,0,,,0,lC+Vowel,5
nxlk-xn,늙은,,nxl.kxn,lk-x,lkx,0,0,,,0,lC+Vowel,8
nxlk-xni,늙은이,,nxl.kxni,lk-x,lkx,0,0,,,0,lC+Vowel,1
olk-amesinxn,옭아매시는,,ol.kamesinxn,lk-a,lka,0,0,,,0,lC+Vowel,1
olk-ameya,옭아매야,,ol.kameya,lk-a,lka,0,0,,,0,lC+Vowel,1
olm-a,옮아,,ol.ma,lm-a,lma,0,0,,,0,lC+Vowel,1
olm-akal,옮아갈,,ol.makal,lm-a,lma,0,0,,,0,lC+Vowel,1
olm-awasv,옮아와서,,ol.mawasv,lm-a,lma,0,0,,,0,lC+Vowel,1
olm-xl,옮을,,ol.mxl,lm-x,lmx,0,0,,,0,lC+Vowel,1
palk-a,밝아,,pal.ka,lk-a,lka,0,0,,,0,lC+Vowel,2
palk-aciko,밝아지고,,pal.kaciko,lk-a,lka,0,0,,,0,lC+Vowel,3
palk-acilyvko,밝아지려고,,pal.kacilyvko,lk-a,lka,0,0,,,0,lC+Vowel,1
palk-acimyvnsv,밝아지면서,,pal.kacimyvnsv,lk-a,lka,0,0,,,0,lC+Vowel,1
palk-acinxn,밝아지는,,pal.kacinxn,lk-a,lka,0,0,,,0,lC+Vowel,4
palk-acisin,밝아지신,,pal.kacisin,lk-a,lka,0,0,,,0,lC+Vowel,2
palk-acin,밝아진,,pal.kacin,lk-a,lka,0,0,,,0,lC+Vowel,3
palk-acyvSko,밝아졌고,,pal.kacyvSko,lk-a,lka,0,0,,,0,lC+Vowel,1
palk-acyvStako,밝아졌다고,,pal.kacyvStako,lk-a,lka,0,0,,,0,lC+Vowel,2
palk-acyvStatxnka,밝아졌다든가,,pal.kacyvStatxnka,lk-a,lka,0,0,,,0,lC+Vowel,1
palk-acyvStvla,밝아졌더라,,pal.kacyvStvla,lk-a,lka,0,0,,,0,lC+Vowel,1
palk-acyvStxnte,밝아졌든데,,pal.kacyvStxnte,lk-a,lka,0,0,,,0,lC+Vowel,1
palk-akaciko,밝아가지고,,pal.kakaciko,lk-a,lka,0,0,,,0,lC+Vowel,1
palk-asv,밝아서,,pal.kasv,lk-a,lka,0,0,,,0,lC+Vowel,1
palk-ayo,밝아요,,pal.kayo,lk-a,lka,0,0,,,0,lC+Vowel,2
palk-aStaka,밝았다가,,pal.kaStaka,lk-a,lka,0,0,,,0,lC+Vowel,2
palk-xmyvnsv,밝으면서,,pal.kxmyvnsv,lk-x,lkx,0,0,,,0,lC+Vowel,2
palk-xniga,밝으니까,,pal.kxniga,lk-x,lkx,0,0,,,0,lC+Vowel,1
palk-xmi,밝음이,,pal.kxmi,lk-x,lkx,0,0,,,0,lC+Vowel,2
palk-xmilako,밝음이라고,,pal.kxmilako,lk-x,lkx,0,0,,,0,lC+Vowel,1
palk-xmxl,밝음을,,pal.kxmxl,lk-x,lkx,0,0,,,0,lC+Vowel,1
palk-xn,밝은,,pal.kxn,lk-x,lkx,0,0,,,0,lC+Vowel,49
palk-xnte,밝은데,,pal.kxnte,lk-x,lkx,0,0,,,0,lC+Vowel,2
palp-a,밟아,,pal.pa,lp-a,lpa,0,0,,,0,lC+Vowel,4
palp-akaciko,밟아가지고,,pal.pakaciko,lp-a,lpa,0,0,,,0,lC+Vowel,4
palp-akamyvnsv,밟아가면서,,pal.pakamyvnsv,lp-a,lpa,0,0,,,0,lC+Vowel,1
palp-anakaya,밟아나가야,,pal.panakaya,lp-a,lpa,0,0,,,0,lC+Vowel,1
palp-apoko,밟아보고,,pal.papoko,lp-a,lpa,0,0,,,0,lC+Vowel,1
palp-asv,밟아서,,pal.pasv,lp-a,lpa,0,0,,,0,lC+Vowel,4
palp-ato,밟아도,,pal.pato,lp-a,lpa,0,0,,,0,lC+Vowel,1
palp-aya,밟아야,,pal.paya,lp-a,lpa,0,0,,,0,lC+Vowel,2
palp-aSnxnte,밟았는데,,pal.paSnxnte,lp-a,lpa,0,0,,,0,lC+Vowel,1
palp-aStako,밟았다고,,pal.paStako,lp-a,lpa,0,0,,,0,lC+Vowel,1
palp-aStvn,밟았던,,pal.paStvn,lp-a,lpa,0,0,,,0,lC+Vowel,2
palp-aSxl,밟았을,,pal.paSxl,lp-a,lpa,0,0,,,0,lC+Vowel,2
palp-xlyvko,밟으려고,,pal.pxlyvko,lp-x,lpx,0,0,,,0,lC+Vowel,2
palp-xmyvn,밟으면,,pal.pxmyvn,lp-x,lpx,0,0,,,0,lC+Vowel,4
palp-xmyvnsv,밟으면서,,pal.pxmyvnsv,lp-x,lpx,0,0,,,0,lC+Vowel,5
palp-xmyvnxn,밟으면은,,pal.pxmyvnxn,lp-x,lpx,0,0,,,0,lC+Vowel,1
palp-xsyvkaciko,밟으셔가지고,,pal.pxsyvkaciko,lp-x,lpx,0,0,,,0,lC+Vowel,1
palp-xl,밟을,,pal.pxl,lp-x,lpx,0,0,,,0,lC+Vowel,6
palp-xn,밟은,,pal.pxn,lp-x,lpx,0,0,,,0,lC+Vowel,8
pulk-xn,붉은,,pul.kxn,lk-x,lkx,0,0,,,0,lC+Vowel,13
pulk-xnsek,붉은색,,pul.kxnsek,lk-x,lkx,0,0,,,0,lC+Vowel,1
pulk-xnsekkwa,붉은색과,,pul.kxnsekkwa,lk-x,lkx,0,0,,,0,lC+Vowel,1
salm-a,삶아,,sal.ma,lm-a,lma,0,0,,,0,lC+Vowel,5
salm-acimyvn,삶아지면,,sal.macimyvn,lm-a,lma,0,0,,,0,lC+Vowel,1
salm-acukvna,삶아주거나,,sal.macukvna,lm-a,lma,0,0,,,0,lC+Vowel,1
salm-akaciko,삶아가지고,,sal.makaciko,lm-a,lma,0,0,,,0,lC+Vowel,8
salm-akatxnka,삶아가든가,,sal.makatxnka,lm-a,lma,0,0,,,0,lC+Vowel,1
salm-akacko,삶아갖고,,sal.makacko,lm-a,lma,0,0,,,0,lC+Vowel,2
salm-amvkko,삶아먹고,,sal.mamvkko,lm-a,lma,0,0,,,0,lC+Vowel,2
salm-anohxn,삶아놓은,,sal.manohxn,lm-a,lma,0,0,,,0,lC+Vowel,1
salm-anwaSv,삶아놨어,,sal.manwaSv,lm-a,lma,0,0,,,0,lC+Vowel,1
salm-asv,삶아서,,sal.masv,lm-a,lma,0,0,,,0,lC+Vowel,27
salm-asvto,삶아서도,,sal.masvto,lm-a,lma,0,0,,,0,lC+Vowel,1
salm-ato,삶아도,,sal.mato,lm-a,lma,0,0,,,0,lC+Vowel,2
salm-aya,삶아야,,sal.maya,lm-a,lma,0,0,,,0,lC+Vowel,1
salm-v,삶어,,sal.mv,lm-v,lmv,0,0,,,0,lC+Vowel,3
salm-x,삶으,,sal.mx,lm-x,lmx,0,0,,,0,lC+Vowel,1
salm-xla,삶으라,,sal.mxla,lm-x,lmx,0,0,,,0,lC+Vowel,1
salm-xlako,삶으라고,,sal.mxlako,lm-x,lmx,0,0,,,0,lC+Vowel,1
salm-xloSv,삶으로써,,sal.mxloSv,lm-x,lmx,0,0,,,0,lC+Vowel,1
salm-xmyvn,삶으면,,sal.mxmyvn,lm-x,lmx,0,0,,,0,lC+Vowel,1
salm-xmyvnxn,삶으면은,,sal.mxmyvnxn,lm-x,lmx,0,0,,,0,lC+Vowel,1
salm-xsyvkacko,삶으셔갖고,,sal.mxsyvkacko,lm-x,lmx,0,0,,,0,lC+Vowel,1
salm-xsyvStamyvnxn,삶으셨다면은,,sal.mxsyvStamyvnxn,lm-x,lmx,0,0,,,0,lC+Vowel,1
salm-xn,삶은,,sal.mxn,lm-x,lmx,0,0,,,0,lC+Vowel,18
talm-a,닮아,,tal.ma,lm-a,lma,0,0,,,0,lC+Vowel,6
talm-acyvStanxn,닮아졌다는,,tal.macyvStanxn,lm-a,lma,0,0,,,0,lC+Vowel,1
talm-aiSko,닮아있고,,tal.maiSko,lm-a,lma,0,0,,,0,lC+Vowel,1
talm-aiStako,닮아있다고,,tal.maiStako,lm-a,lma,0,0,,,0,lC+Vowel,1
talm-akaci,닮아가지,,tal.makaci,lm-a,lma,0,0,,,0,lC+Vowel,1
talm-akaciko,닮아가지고,,tal.makaciko,lm-a,lma,0,0,,,0,lC+Vowel,10
talm-akacimanxn,닮아가지마는,,tal.makacimanxn,lm-a,lma,0,0,,,0,lC+Vowel,1
talm-akakin,닮아가긴,,tal.makakin,lm-a,lma,0,0,,,0,lC+Vowel,1
talm-akako,닮아가고,,tal.makako,lm-a,lma,0,0,,,0,lC+Vowel,2
talm-akalyvko,닮아가려고,,tal.makalyvko,lm-a,lma,0,0,,,0,lC+Vowel,1
talm-akanxn,닮아가는,,tal.makanxn,lm-a,lma,0,0,,,0,lC+Vowel,2
talm-akasv,닮아가서,,tal.makasv,lm-a,lma,0,0,,,0,lC+Vowel,1
talm-akatvlakoyo,닮아가더라고요,,tal.makatvlakoyo,lm-a,lma,0,0,,,0,lC+Vowel,1
talm-akal,닮아갈,,tal.makal,lm-a,lma,0,0,,,0,lC+Vowel,1
talm-akan,닮아간,,tal.makan,lm-a,lma,0,0,,,0,lC+Vowel,1
talm-akantako,닮아간다고,,tal.makantako,lm-a,lma,0,0,,,0,lC+Vowel,1
talm-akantalanxn,닮아간다라는,,tal.makantalanxn,lm-a,lma,0,0,,,0,lC+Vowel,1
talm-akantanxn,닮아간다는,,tal.makantanxn,lm-a,lma,0,0,,,0,lC+Vowel,2
talm-asv,닮아서,,tal.masv,lm-a,lma,0,0,,,0,lC+Vowel,29
talm-aS,닮았,,tal.maS,lm-a,lma,0,0,,,0,lC+Vowel,2
talm-aScimanxn,닮았지마는,,tal.maScimanxn,lm-a,lma,0,0,,,0,lC+Vowel,1
talm-aSkeScyo,닮았겠죠,,tal.maSkeScyo,lm-a,lma,0,0,,,0,lC+Vowel,1
talm-aSko,닮았고,,tal.maSko,lm-a,lma,0,0,,,0,lC+Vowel,11
talm-aSkuna,닮았구나,,tal.maSkuna,lm-a,lma,0,0,,,0,lC+Vowel,1
talm-aSkvtxnyo,닮았거든요,,tal.maSkvtxnyo,lm-a,lma,0,0,,,0,lC+Vowel,4
talm-aSna,닮았나,,tal.maSna,lm-a,lma,0,0,,,0,lC+Vowel,1
talm-aSnayo,닮았나요,,tal.maSnayo,lm-a,lma,0,0,,,0,lC+Vowel,1
talm-aSne,닮았네,,tal.maSne,lm-a,lma,0,0,,,0,lC+Vowel,4
talm-aSnelan,닮았네란,,tal.maSnelan,lm-a,lma,0,0,,,0,lC+Vowel,1
talm-aSnxnci,닮았는지,,tal.maSnxnci,lm-a,lma,0,0,,,0,lC+Vowel,3
talm-aSnxncinxn,닮았는지는,,tal.maSnxncinxn,lm-a,lma,0,0,,,0,lC+Vowel,1
talm-aSnxnte,닮았는데,,tal.maSnxnte,lm-a,lma,0,0,,,0,lC+Vowel,3
talm-aSnxnteyo,닮았는데요,,tal.maSnxnteyo,lm-a,lma,0,0,,,0,lC+Vowel,1
talm-aSnya,닮았냐,,tal.maSnya,lm-a,lma,0,0,,,0,lC+Vowel,2
talm-aSsxpniga,닮았습니까,,tal.maSsxpniga,lm-a,lma,0,0,,,0,lC+Vowel,1
talm-aSsxpnita,닮았습니다,,tal.maSsxpnita,lm-a,lma,0,0,,,0,lC+Vowel,2
talm-aSta,닮았다,,tal.maSta,lm-a,lma,0,0,,,0,lC+Vowel,5
talm-aStaka,닮았다가,,tal.maStaka,lm-a,lma,0,0,,,0,lC+Vowel,1
talm-aStako,닮았다고,,tal.maStako,lm-a,lma,0,0,,,0,lC+Vowel,15
talm-aStakoto,닮았다고도,,tal.maStakoto,lm-a,lma,0,0,,,0,lC+Vowel,1
talm-aStalako,닮았다라고,,tal.maStalako,lm-a,lma,0,0,,,0,lC+Vowel,1
talm-aStalanxn,닮았다라는,,tal.maStalanxn,lm-a,lma,0,0,,,0,lC+Vowel,2
talm-aStanxn,닮았다는,,tal.maStanxn,lm-a,lma,0,0,,,0,lC+Vowel,10
talm-aStan,닮았단,,tal.maStan,lm-a,lma,0,0,,,0,lC+Vowel,1
talm-aSteyo,닮았대요,,tal.maSteyo,lm-a,lma,0,0,,,0,lC+Vowel,3
talm-aStvla,닮았더라,,tal.maStvla,lm-a,lma,0,0,,,0,lC+Vowel,1
talm-aSv,닮았어,,tal.maSv,lm-a,lma,0,0,,,0,lC+Vowel,4
talm-aSvyo,닮았어요,,tal.maSvyo,lm-a,lma,0,0,,,0,lC+Vowel,9
talm-aSxmyvn,닮았으면,,tal.maSxmyvn,lm-a,lma,0,0,,,0,lC+Vowel,6
talm-aSxniga,닮았으니까,,tal.maSxniga,lm-a,lma,0,0,,,0,lC+Vowel,1
talm-aSxlga,닮았을까,,tal.maSxlga,lm-a,lma,0,0,,,0,lC+Vowel,1
talm-aSxm,닮았음,,tal.maSxm,lm-a,lma,0,0,,,0,lC+Vowel,1
talm-v,닮어,,tal.mv,lm-v,lmv,0,0,,,0,lC+Vowel,1
talm-xkin,닮으긴,,tal.mxkin,lm-x,lmx,0,0,,,0,lC+Vowel,1
talm-xla,닮으라,,tal.mxla,lm-x,lmx,0,0,,,0,lC+Vowel,1
talm-xlyvko,닮으려고,,tal.mxlyvko,lm-x,lmx,0,0,,,0,lC+Vowel,2
talm-xniga,닮으니까,,tal.mxniga,lm-x,lmx,0,0,,,0,lC+Vowel,1
talm-xsin,닮으신,,tal.mxsin,lm-x,lmx,0,0,,,0,lC+Vowel,2
talm-xsyvsv,닮으셔서,,tal.mxsyvsv,lm-x,lmx,0,0,,,0,lC+Vowel,1
talm-xsyvSnayo,닮으셨나요,,tal.mxsyvSnayo,lm-x,lmx,0,0,,,0,lC+Vowel,2
talm-xsyvSta,닮으셨다,,tal.mxsyvSta,lm-x,lmx,0,0,,,0,lC+Vowel,1
talm-xsyvSvyo,닮으셨어요,,tal.mxsyvSvyo,lm-x,lmx,0,0,,,0,lC+Vowel,2
talm-xlga,닮을까,,tal.mxlga,lm-x,lmx,0,0,,,0,lC+Vowel,1
talm-xm,닮음,,tal.mxm,lm-x,lmx,0,0,,,0,lC+Vowel,1
talm-xn,닮은,,tal.mxn,lm-x,lmx,0,0,,,0,lC+Vowel,70
txnvlp-xn,드넓은,,txnvl.pxn,lp-x,lpx,0,0,,,0,lC+Vowel,4
xlP-vnohko,읊어놓고,,xl.Pvnohko,lP-v,lPv,0,0,,,0,lC+Vowel,1
xlP-vpolako,읊어보라고,,xl.Pvpolako,lP-v,lPv,0,0,,,0,lC+Vowel,1
xlP-xmyvnsv,읊으면서,,xl.Pxmyvnsv,lP-x,lPx,0,0,,,0,lC+Vowel,1
yalp-a,얇아,,yal.pa,lp-a,lpa,0,0,,,0,lC+Vowel,2
yalp-aciciman,얇아지지만,,yal.paciciman,lp-a,lpa,0,0,,,0,lC+Vowel,1
yalp-acinigan,얇아지니깐,,yal.pacinigan,lp-a,lpa,0,0,,,0,lC+Vowel,1
yalp-asv,얇아서,,yal.pasv,lp-a,lpa,0,0,,,0,lC+Vowel,2
yalp-ayo,얇아요,,yal.payo,lp-a,lpa,0,0,,,0,lC+Vowel,1
yalp-aSko,얇았고,,yal.paSko,lp-a,lpa,0,0,,,0,lC+Vowel,1
yalp-xn,얇은,,yal.pxn,lp-x,lpx,0,0,,,0,lC+Vowel,31
yalp-xnka,얇은가,,yal.pxnka,lp-x,lpx,0,0,,,0,lC+Vowel,1
