Morphology_R,UR,lexome1,lexome2,participant,frequency,origin,predicted,simplify_delete_obstruent,simplify_delete_lateral,nasalize,lateralize,tensify,truth_simplify_delete_obstruent,truth_simplify_delete_lateral,truth_nasalize,truth_lateralize,truth_tensify
kalk-a,lk-a,kalk,a,559474,low,test,kalka,0,0,NA,0,0,0,0,NA,NA,0
kalk-ta,lk-t,kalk,ta,559474,low,test,kalda,1,0,NA,0,1,1,0,NA,NA,1
kvP-ta,P-t,kvP,ta,559474,nonce,test,kvpda,NA,NA,NA,NA,1,NA,NA,NA,NA,1
kvP-v,P-v,kvP,v,559474,nonce,test,kvpv,NA,NA,NA,NA,0,NA,NA,NA,NA,0
kvP-na,P-n,kvP,na,559474,nonce,test,kvmna,NA,NA,1,NA,NA,NA,NA,1,NA,NA
kjvlp-ta,lp-t,kjvlp,ta,559474,nonce,test,kyvlpda,1,0,NA,0,1,1,0,NA,NA,1
kjvlp-na,lp-n,kjvlp,na,559474,nonce,test,kyvlpna,1,0,0,0,NA,1,0,0,0,NA
kjvlp-v,lp-v,kjvlp,v,559474,nonce,test,kyvlpv,1,0,NA,0,0,0,0,NA,NA,0
kulk-v,lk-v,kulk,v,559474,high,test,kulkv,0,0,NA,0,0,0,0,NA,NA,0
kulk-na,lk-n,kulk,na,559474,high,test,kuNna,1,1,1,0,NA,1,0,0,0,NA
kulk-ta,lk-t,kulk,ta,559474,high,test,kulda,1,0,NA,0,1,1,0,NA,NA,1
kxlk-na,lk-n,kxlk,na,559474,low,test,kxNna,1,1,1,0,NA,1,0,0,0,NA
kxlk-v,lk-v,kxlk,v,559474,low,test,kxlkv,0,0,NA,0,0,0,0,NA,NA,0
kxlk-ta,lk-t,kxlk,ta,559474,low,test,kxlkda,0,0,NA,0,1,1,0,NA,NA,1
kxlP-v,lP-v,kxlP,v,559474,nonce,test,kxlpv,1,0,NA,0,0,0,0,NA,NA,0
kxlP-na,lP-n,kxlP,na,559474,nonce,test,kxlmna,1,0,1,0,NA,1,0,0,0,NA
nalk-na,lk-n,nalk,na,559474,high,test,nalkna,0,0,0,0,NA,1,0,0,0,NA
nalk-a,lk-a,nalk,a,559474,high,test,nalka,0,0,NA,0,0,0,0,NA,NA,0
nalk-ta,lk-t,nalk,ta,559474,high,test,nalda,1,0,NA,0,1,1,0,NA,NA,1
nalp-ta,lp-t,nalp,ta,559474,nonce,test,nalpda,0,0,NA,0,1,1,0,NA,NA,1
nalp-a,lp-a,nalp,a,559474,nonce,test,nalpa,0,0,NA,0,0,0,0,NA,NA,0
nalp-na,lp-n,nalp,na,559474,nonce,test,nalmna,1,0,1,0,NA,0,0,1,0,NA
neT-na,T-n,neT,na,559474,nonce,test,nenna,NA,NA,1,NA,NA,NA,NA,1,NA,NA
neT-v,T-v,neT,v,559474,nonce,test,netv,NA,NA,NA,NA,0,NA,NA,NA,NA,0
neT-ta,T-t,neT,ta,559474,nonce,test,netda,NA,NA,NA,NA,1,NA,NA,NA,NA,1
nvlp-v,lp-v,nvlp,v,559474,high,test,nvlpv,0,0,NA,0,0,0,0,NA,NA,0
nvlp-ta,lp-t,nvlp,ta,559474,high,test,nvlda,1,0,NA,0,1,1,0,NA,NA,1
nuk-na,k-n,nuk,na,559474,nonce,test,nuNna,NA,NA,1,NA,NA,NA,NA,1,NA,NA
nuk-v,k-v,nuk,v,559474,nonce,test,nukv,NA,NA,NA,NA,0,NA,NA,NA,NA,0
nuk-ta,k-t,nuk,ta,559474,nonce,test,nukda,NA,NA,NA,NA,1,NA,NA,NA,NA,1
nxlk-ta,lk-t,nxlk,ta,559474,high,test,nxlkda,0,0,NA,0,1,1,0,NA,NA,1
nxlk-na,lk-n,nxlk,na,559474,high,test,nxNna,1,1,1,0,NA,1,0,0,0,NA
nxlk-v,lk-v,nxlk,v,559474,high,test,nxlkv,0,0,NA,0,0,0,0,NA,NA,0
tvlp-v,lp-v,tvlp,v,559474,nonce,test,tvlpv,0,0,NA,0,0,0,0,NA,NA,0
tvlp-ta,lp-t,tvlp,ta,559474,nonce,test,tvlpda,0,0,NA,0,1,0,1,NA,NA,1
tvlp-na,lp-n,tvlp,na,559474,nonce,test,tvlpna,0,0,0,0,NA,1,0,0,0,NA
tok-na,k-n,tok,na,559474,nonce,test,toNna,NA,NA,1,NA,NA,NA,NA,1,NA,NA
tok-a,k-a,tok,a,559474,nonce,test,toka,NA,NA,NA,NA,0,NA,NA,NA,NA,0
tok-ta,k-t,tok,ta,559474,nonce,test,tokda,NA,NA,NA,NA,1,NA,NA,NA,NA,1
tup-na,p-n,tup,na,559474,nonce,test,tumna,NA,NA,1,NA,NA,NA,NA,1,NA,NA
tup-v,p-v,tup,v,559474,nonce,test,tupv,NA,NA,NA,NA,0,NA,NA,NA,NA,0
tup-ta,p-t,tup,ta,559474,nonce,test,tupda,NA,NA,NA,NA,1,NA,NA,NA,NA,1
txlk-ta,lk-t,txlk,ta,559474,nonce,test,txlkda,0,0,NA,0,1,1,0,NA,NA,1
txlk-na,lk-n,txlk,na,559474,nonce,test,txNna,1,1,1,0,NA,1,0,0,0,NA
txlk-v,lk-v,txlk,v,559474,nonce,test,txlkv,0,0,NA,0,0,0,0,NA,NA,0
dvlp-ta,lp-t,dvlp,ta,559474,low,test,dvlpda,0,0,NA,0,1,1,0,NA,NA,1
dvlp-v,lp-v,dvlp,v,559474,low,test,dvlpv,0,0,NA,0,1,0,0,NA,NA,0
dvlp-na,lp-n,dvlp,na,559474,low,test,dvlpna,0,0,0,0,NA,0,0,1,0,NA
mak-na,k-n,mak,na,559474,high,test,maNna,NA,NA,1,NA,NA,NA,NA,1,NA,NA
mak-ta,k-t,mak,ta,559474,high,test,makda,NA,NA,NA,NA,1,NA,NA,NA,NA,1
mak-a,k-a,mak,a,559474,high,test,maka,NA,NA,NA,NA,0,NA,NA,NA,NA,0
malk-na,lk-n,malk,na,559474,high,test,maNna,1,1,1,0,NA,1,0,0,0,NA
malk-ta,lk-t,malk,ta,559474,high,test,malda,1,0,NA,0,1,1,0,NA,NA,1
malk-a,lk-a,malk,a,559474,high,test,malka,0,0,NA,0,0,0,0,NA,NA,0
mvlk-ta,lk-t,mvlk,ta,559474,nonce,test,mvlda,1,0,NA,0,1,1,0,NA,NA,1
mvlk-v,lk-v,mvlk,v,559474,nonce,test,mvlkv,0,0,NA,0,0,0,0,NA,NA,0
mvlk-na,lk-n,mvlk,na,559474,nonce,test,mvlkna,0,0,0,0,NA,1,0,0,0,NA
muk-ta,k-t,muk,ta,559474,low,test,mukda,NA,NA,NA,NA,1,NA,NA,NA,NA,1
muk-v,k-v,muk,v,559474,low,test,mukv,NA,NA,NA,NA,0,NA,NA,NA,NA,0
muk-na,k-n,muk,na,559474,low,test,muNna,NA,NA,1,NA,NA,NA,NA,1,NA,NA
mulk-na,lk-n,mulk,na,559474,low,test,muNna,1,1,1,0,NA,1,0,0,0,NA
mulk-v,lk-v,mulk,v,559474,low,test,mulkv,0,0,NA,0,0,0,0,NA,NA,0
mulk-ta,lk-t,mulk,ta,559474,low,test,mulda,1,0,NA,0,1,1,0,NA,NA,1
pak-ta,k-t,pak,ta,559474,high,test,pakda,NA,NA,NA,NA,1,NA,NA,NA,NA,1
pak-na,k-n,pak,na,559474,high,test,paNna,NA,NA,1,NA,NA,NA,NA,1,NA,NA
pak-a,k-a,pak,a,559474,high,test,paka,NA,NA,NA,NA,0,NA,NA,NA,NA,0
palk-ta,lk-t,palk,ta,559474,high,test,palda,1,0,NA,0,1,1,0,NA,NA,1
palk-a,lk-a,palk,a,559474,high,test,palka,0,0,NA,0,0,0,0,NA,NA,0
palk-na,lk-n,palk,na,559474,high,test,palkna,0,0,0,0,NA,1,0,0,0,NA
palp-ta,lp-t,palp,ta,559474,high,test,palpda,0,0,NA,0,1,1,0,NA,NA,1
palp-a,lp-a,palp,a,559474,high,test,palpa,0,0,NA,0,0,0,0,NA,NA,0
palp-na,lp-n,palp,na,559474,high,test,palpna,0,0,0,0,NA,0,0,1,0,NA
peT-ta,T-t,peT,ta,559474,low,test,petda,NA,NA,NA,NA,1,NA,NA,NA,NA,1
peT-v,T-v,peT,v,559474,low,test,petv,NA,NA,NA,NA,0,NA,NA,NA,NA,0
peT-na,T-n,peT,na,559474,low,test,penna,NA,NA,1,NA,NA,NA,NA,1,NA,NA
kvp-ta,p-t,kvp,ta,559474,nonce,test,pvpda,NA,NA,NA,NA,1,NA,NA,NA,NA,1
kvp-v,p-v,kvp,v,559474,nonce,test,pvpv,NA,NA,NA,NA,0,NA,NA,NA,NA,0
kvp-na,p-n,kvp,na,559474,nonce,test,pvmna,NA,NA,1,NA,NA,NA,NA,1,NA,NA
pulk-na,lk-n,pulk,na,559474,high,test,pulkna,0,0,0,0,NA,1,0,0,0,NA
pulk-v,lk-v,pulk,v,559474,high,test,pulkv,0,0,NA,0,0,0,0,NA,NA,0
pulk-ta,lk-t,pulk,ta,559474,high,test,pulda,1,0,NA,0,1,1,0,NA,NA,1
pulT-na,lT-n,pulT,na,559474,nonce,test,pulna,1,0,0,0,NA,1,0,0,0,NA
pulT-ta,lT-t,pulT,ta,559474,nonce,test,pulda,1,0,NA,0,1,1,0,NA,NA,1
pulT-v,lT-v,pulT,v,559474,nonce,test,pultv,1,0,NA,0,0,0,0,NA,NA,0
bop-na,p-n,bop,na,559474,high,test,bomna,NA,NA,1,NA,NA,NA,NA,1,NA,NA
bop-ta,p-t,bop,ta,559474,high,test,bopda,NA,NA,NA,NA,1,NA,NA,NA,NA,1
bop-a,p-a,bop,a,559474,high,test,bopa,NA,NA,NA,NA,1,NA,NA,NA,NA,0
sok-a,k-a,sok,a,559474,low,test,soka,NA,NA,NA,NA,0,NA,NA,NA,NA,0
sok-ta,k-t,sok,ta,559474,low,test,sokda,NA,NA,NA,NA,1,NA,NA,NA,NA,1
sok-na,k-n,sok,na,559474,low,test,soNna,NA,NA,1,NA,NA,NA,NA,1,NA,NA
sulk-ta,lk-t,sulk,ta,559474,nonce,test,sulda,1,0,NA,0,1,1,0,NA,NA,1
sulk-na,lk-n,sulk,na,559474,nonce,test,suNna,1,1,1,0,NA,1,0,0,0,NA
sulk-v,lk-v,sulk,v,559474,nonce,test,sulkv,0,0,NA,0,0,0,0,NA,NA,0
sik-v,k-v,sik,v,559474,low,test,sikv,NA,NA,NA,NA,0,NA,NA,NA,NA,0
sik-na,k-n,sik,na,559474,low,test,siNna,NA,NA,1,NA,NA,NA,NA,1,NA,NA
sik-ta,k-t,sik,ta,559474,low,test,sikda,NA,NA,NA,NA,1,NA,NA,NA,NA,1
Svk-v,k-v,Svk,v,559474,high,test,Svkv,NA,NA,NA,NA,0,NA,NA,NA,NA,0
Svk-na,k-n,Svk,na,559474,high,test,SvNna,NA,NA,1,NA,NA,NA,NA,1,NA,NA
Svk-ta,k-t,Svk,ta,559474,high,test,Svkda,NA,NA,NA,NA,1,NA,NA,NA,NA,1
Sip-ta,p-t,Sip,ta,559474,high,test,Sipda,NA,NA,NA,NA,1,NA,NA,NA,NA,1
Sip-v,p-v,Sip,v,559474,high,test,Sipv,NA,NA,NA,NA,0,NA,NA,NA,NA,0
Sip-na,p-n,Sip,na,559474,high,test,Simna,NA,NA,1,NA,NA,NA,NA,1,NA,NA
alk-na,lk-n,alk,na,559474,nonce,test,alkna,NA,0,0,0,NA,1,0,0,0,NA
alk-a,lk-a,alk,a,559474,nonce,test,alka,NA,0,NA,0,0,0,0,NA,NA,0
alk-ta,lk-t,alk,ta,559474,nonce,test,alkda,NA,0,NA,0,1,1,0,NA,NA,1
yalp-na,lp-n,yalp,na,559474,low,test,yalmna,1,0,1,0,NA,0,0,1,0,NA
yalp-ta,lp-t,yalp,ta,559474,low,test,yalpda,0,0,NA,0,1,1,0,NA,NA,1
yalp-a,lp-a,yalp,a,559474,low,test,yalpa,0,0,NA,0,0,0,0,NA,NA,0
yaT-a,T-a,yaT,a,559474,low,test,yata,NA,NA,NA,NA,0,NA,NA,NA,NA,0
yaT-ta,T-t,yaT,ta,559474,low,test,yatda,NA,NA,NA,NA,1,NA,NA,NA,NA,1
vlk-v,lk-v,vlk,v,559474,low,test,vlkv,NA,0,NA,0,0,0,0,NA,NA,0
vlk-na,lk-n,vlk,na,559474,low,test,vlkna,NA,0,0,0,NA,1,0,0,0,NA
vlk-ta,lk-t,vlk,ta,559474,low,test,vlkda,NA,0,NA,0,1,1,0,NA,NA,1
vp-ta,p-t,vp,ta,559474,low,test,vpda,NA,NA,NA,NA,1,NA,NA,NA,NA,1
vp-na,p-n,vp,na,559474,low,test,vmna,NA,NA,1,NA,NA,NA,NA,1,NA,NA
vp-v,p-v,vp,v,559474,low,test,vpv,NA,NA,NA,NA,0,NA,NA,NA,NA,0
vP-ta,P-t,vP,ta,559474,low,test,vpda,NA,NA,NA,NA,1,NA,NA,NA,NA,1
vP-v,P-v,vP,v,559474,low,test,vpv,NA,NA,NA,NA,0,NA,NA,NA,NA,0
vP-na,P-n,vP,na,559474,low,test,vmna,NA,NA,1,NA,NA,NA,NA,1,NA,NA
yvlp-ta,lp-t,yvlp,ta,559474,low,test,jvlpda,1,0,NA,0,1,1,0,NA,NA,1
yvlp-v,lp-v,yvlp,v,559474,low,test,jvlpv,1,0,NA,0,0,0,0,NA,NA,0
yvT-na,T-n,yvT,na,559474,low,test,jvnna,NA,NA,1,NA,NA,NA,NA,1,NA,NA
yvT-ta,T-t,yvT,ta,559474,low,test,jvtda,NA,NA,NA,NA,1,NA,NA,NA,NA,1
up-na,p-n,up,na,559474,nonce,test,umna,NA,NA,1,NA,NA,NA,NA,1,NA,NA
up-v,p-v,up,v,559474,nonce,test,upv,NA,NA,NA,NA,0,NA,NA,NA,NA,0
up-ta,p-t,up,ta,559474,nonce,test,upda,NA,NA,NA,NA,1,NA,NA,NA,NA,1
xlP-ta,lP-t,xlP,ta,559474,low,test,xlpda,NA,0,NA,0,1,1,0,NA,NA,1
xlP-na,lP-n,xlP,na,559474,low,test,xmna,NA,1,1,0,NA,0,0,1,0,NA
xlP-v,lP-v,xlP,v,559474,low,test,xlpv,NA,0,NA,0,0,0,0,NA,NA,0
ik-v,k-v,ik,v,559474,low,test,ikv,NA,NA,NA,NA,0,NA,NA,NA,NA,0
ik-ta,k-t,ik,ta,559474,low,test,ikda,NA,NA,NA,NA,1,NA,NA,NA,NA,1
ik-na,k-n,ik,na,559474,low,test,iNna,NA,NA,1,NA,NA,NA,NA,1,NA,NA
ilk-na,lk-n,ilk,na,559474,high,test,iNna,NA,1,1,0,NA,1,0,0,0,NA
ilk-v,lk-v,ilk,v,559474,high,test,ilkv,NA,0,NA,0,0,0,0,NA,NA,0
ilk-ta,lk-t,ilk,ta,559474,high,test,ilkda,NA,0,NA,0,1,1,0,NA,NA,1
ip-v,p-v,ip,v,559474,high,test,ipv,NA,NA,NA,NA,0,NA,NA,NA,NA,0
ip-na,p-n,ip,na,559474,high,test,imna,NA,NA,1,NA,NA,NA,NA,1,NA,NA
ip-ta,p-t,ip,ta,559474,high,test,ipda,NA,NA,NA,NA,1,NA,NA,NA,NA,1
cak-ta,k-t,cak,ta,559474,high,test,cakda,NA,NA,NA,NA,1,NA,NA,NA,NA,1
cak-na,k-n,cak,na,559474,high,test,caNna,NA,NA,1,NA,NA,NA,NA,1,NA,NA
cak-a,k-a,cak,a,559474,high,test,caka,NA,NA,NA,NA,0,NA,NA,NA,NA,0
cvk-v,k-v,cvk,v,559474,high,test,cvkv,NA,NA,NA,NA,0,NA,NA,NA,NA,0
cvk-ta,k-t,cvk,ta,559474,high,test,cvkda,NA,NA,NA,NA,1,NA,NA,NA,NA,0
cvk-na,k-n,cvk,na,559474,high,test,cvNna,NA,NA,1,NA,NA,NA,NA,1,NA,NA
cvp-ta,p-t,cvp,ta,559474,high,test,cvpda,NA,NA,NA,NA,1,NA,NA,NA,NA,1
cvp-na,p-n,cvp,na,559474,high,test,cvmna,NA,NA,1,NA,NA,NA,NA,1,NA,NA
cvp-v,p-v,cvp,v,559474,high,test,cvpv,NA,NA,NA,NA,0,NA,NA,NA,NA,0
cik-na,k-n,cik,na,559474,nonce,test,ciNna,NA,NA,1,NA,NA,NA,NA,1,NA,NA
cik-v,k-v,cik,v,559474,nonce,test,cikv,NA,NA,NA,NA,0,NA,NA,NA,NA,0
cik-ta,k-t,cik,ta,559474,nonce,test,cikda,NA,NA,NA,NA,1,NA,NA,NA,NA,1
cilk-v,lk-v,cilk,v,559474,nonce,test,cilkv,0,0,NA,0,0,0,0,NA,NA,0
cilk-na,lk-n,cilk,na,559474,nonce,test,ciNna,1,1,1,0,NA,1,0,0,0,NA
cilk-ta,lk-t,cilk,ta,559474,nonce,test,cilkda,0,0,NA,0,1,1,0,NA,NA,1
cip-ta,p-t,cip,ta,559474,high,test,cipda,NA,NA,NA,NA,1,NA,NA,NA,NA,1
cip-v,p-v,cip,v,559474,high,test,cipv,NA,NA,NA,NA,0,NA,NA,NA,NA,0
cip-na,p-n,cip,na,559474,high,test,cimna,NA,NA,1,NA,NA,NA,NA,1,NA,NA
Jalp-a,lp-a,Jalp,a,559474,high,test,Jalpa,0,0,NA,0,0,0,0,NA,NA,0
Jalp-ta,lp-t,Jalp,ta,559474,high,test,Jalda,1,0,NA,0,1,1,0,NA,NA,1
Jalp-na,lp-n,Jalp,na,559474,high,test,Jalmna,1,0,1,0,NA,0,0,1,0,NA
Jik-ta,k-t,Jik,ta,559474,low,test,Jikda,NA,NA,NA,NA,1,NA,NA,NA,NA,1
Jik-na,k-n,Jik,na,559474,low,test,JiNna,NA,NA,1,NA,NA,NA,NA,1,NA,NA
Jik-v,k-v,Jik,v,559474,low,test,Jikv,NA,NA,NA,NA,0,NA,NA,NA,NA,0
Cak-na,k-n,Cak,na,559474,nonce,test,CaNna,NA,NA,1,NA,NA,NA,NA,1,NA,NA
Cak-ta,k-t,Cak,ta,559474,nonce,test,Cakda,NA,NA,NA,NA,1,NA,NA,NA,NA,1
Top-na,p-n,Top,na,559474,nonce,test,Tomna,NA,NA,1,NA,NA,NA,NA,1,NA,NA
Top-ta,p-t,Top,ta,559474,nonce,test,Topda,NA,NA,NA,NA,1,NA,NA,NA,NA,1
halT-a,lT-a,halT,a,559474,low,test,halta,1,0,NA,0,0,0,0,NA,NA,0
halT-ta,lT-t,halT,ta,559474,low,test,halda,1,0,NA,0,1,1,0,NA,NA,1
hulT-ta,lT-t,hulT,ta,559474,low,test,hulda,1,0,NA,0,1,1,0,NA,NA,1
hulT-v,lT-v,hulT,v,559474,low,test,hultv,1,0,NA,0,0,0,0,NA,NA,0
kalk-na,lk-n,kalk,na,559679,low,test,kalkna,0,0,0,0,NA,0,1,1,0,NA
kalk-ta,lk-t,kalk,ta,559679,low,test,kalda,1,0,NA,0,1,0,1,NA,NA,1
kalk-a,lk-a,kalk,a,559679,low,test,kalka,0,0,NA,0,0,0,0,NA,NA,0
kvP-v,P-v,kvP,v,559679,nonce,test,kvpv,NA,NA,NA,NA,0,NA,NA,NA,NA,0
kvP-ta,P-t,kvP,ta,559679,nonce,test,kvpda,NA,NA,NA,NA,1,NA,NA,NA,NA,1
kvP-na,P-n,kvP,na,559679,nonce,test,kvmna,NA,NA,1,NA,NA,NA,NA,1,NA,NA
kjvlp-ta,lp-t,kjvlp,ta,559679,nonce,test,kyvlpda,1,0,NA,0,1,0,1,NA,NA,1
kjvlp-v,lp-v,kjvlp,v,559679,nonce,test,kyvlpv,1,0,NA,0,0,0,0,NA,NA,0
kjvlp-na,lp-n,kjvlp,na,559679,nonce,test,kyvlpna,1,0,0,0,NA,0,1,1,0,NA
kulk-ta,lk-t,kulk,ta,559679,high,test,kulda,1,0,NA,0,1,1,0,NA,NA,1
kulk-v,lk-v,kulk,v,559679,high,test,kulkv,0,0,NA,0,0,0,0,NA,NA,0
kulk-na,lk-n,kulk,na,559679,high,test,kuNna,1,1,1,0,NA,0,1,1,0,NA
kxlk-v,lk-v,kxlk,v,559679,low,test,kxlkv,0,0,NA,0,0,0,0,NA,NA,0
kxlk-ta,lk-t,kxlk,ta,559679,low,test,kxlkda,0,0,NA,0,1,0,1,NA,NA,1
kxlk-na,lk-n,kxlk,na,559679,low,test,kxNna,1,1,1,0,NA,0,1,1,0,NA
kxlP-na,lP-n,kxlP,na,559679,nonce,test,kxlmna,1,0,1,0,NA,0,1,1,0,NA
kxlP-ta,lP-t,kxlP,ta,559679,nonce,test,kxlpda,1,0,NA,0,1,1,0,NA,NA,1
kxlP-v,lP-v,kxlP,v,559679,nonce,test,kxlpv,1,0,NA,0,0,0,0,NA,NA,0
nalk-ta,lk-t,nalk,ta,559679,high,test,nalda,1,0,NA,0,1,0,1,NA,NA,1
nalk-a,lk-a,nalk,a,559679,high,test,nalka,0,0,NA,0,0,0,0,NA,NA,0
nalk-na,lk-n,nalk,na,559679,high,test,nalkna,0,0,0,0,NA,0,1,1,0,NA
nalp-ta,lp-t,nalp,ta,559679,nonce,test,nalpda,0,0,NA,0,1,0,0,NA,NA,1
nalp-a,lp-a,nalp,a,559679,nonce,test,nalpa,0,0,NA,0,0,0,0,NA,NA,0
nalp-na,lp-n,nalp,na,559679,nonce,test,nalmna,1,0,1,0,NA,0,1,0,0,NA
neT-v,T-v,neT,v,559679,nonce,test,netv,NA,NA,NA,NA,0,NA,NA,NA,NA,0
neT-ta,T-t,neT,ta,559679,nonce,test,netda,NA,NA,NA,NA,1,NA,NA,NA,NA,1
neT-na,T-n,neT,na,559679,nonce,test,nenna,NA,NA,1,NA,NA,NA,NA,1,NA,NA
nvlp-v,lp-v,nvlp,v,559679,high,test,nvlpv,0,0,NA,0,0,0,0,NA,NA,0
nvlp-na,lp-n,nvlp,na,559679,high,test,nvlpna,0,0,0,0,NA,0,1,0,0,NA
nvlp-ta,lp-t,nvlp,ta,559679,high,test,nvlda,1,0,NA,0,1,0,0,NA,NA,1
nuk-v,k-v,nuk,v,559679,nonce,test,nukv,NA,NA,NA,NA,0,NA,NA,NA,NA,0
nuk-na,k-n,nuk,na,559679,nonce,test,nuNna,NA,NA,1,NA,NA,NA,NA,1,NA,NA
nuk-ta,k-t,nuk,ta,559679,nonce,test,nukda,NA,NA,NA,NA,1,NA,NA,NA,NA,1
nxlk-na,lk-n,nxlk,na,559679,high,test,nxNna,1,1,1,0,NA,0,1,1,0,NA
nxlk-v,lk-v,nxlk,v,559679,high,test,nxlkv,0,0,NA,0,0,0,0,NA,NA,0
nxlk-ta,lk-t,nxlk,ta,559679,high,test,nxlkda,0,0,NA,0,1,0,1,NA,NA,1
tvlp-na,lp-n,tvlp,na,559679,nonce,test,tvlpna,0,0,0,0,NA,0,1,1,0,NA
tvlp-ta,lp-t,tvlp,ta,559679,nonce,test,tvlpda,0,0,NA,0,1,1,0,NA,NA,1
tvlp-v,lp-v,tvlp,v,559679,nonce,test,tvlpv,0,0,NA,0,0,0,0,NA,NA,0
tok-ta,k-t,tok,ta,559679,nonce,test,tokda,NA,NA,NA,NA,1,NA,NA,NA,NA,1
tok-a,k-a,tok,a,559679,nonce,test,toka,NA,NA,NA,NA,0,NA,NA,NA,NA,0
tok-na,k-n,tok,na,559679,nonce,test,toNna,NA,NA,1,NA,NA,NA,NA,1,NA,NA
tup-v,p-v,tup,v,559679,nonce,test,tupv,NA,NA,NA,NA,0,NA,NA,NA,NA,0
tup-ta,p-t,tup,ta,559679,nonce,test,tupda,NA,NA,NA,NA,1,NA,NA,NA,NA,1
tup-na,p-n,tup,na,559679,nonce,test,tumna,NA,NA,1,NA,NA,NA,NA,1,NA,NA
txlk-v,lk-v,txlk,v,559679,nonce,test,txlkv,0,0,NA,0,0,0,0,NA,NA,0
txlk-ta,lk-t,txlk,ta,559679,nonce,test,txlkda,0,0,NA,0,1,0,1,NA,NA,1
txlk-na,lk-n,txlk,na,559679,nonce,test,txNna,1,1,1,0,NA,0,1,1,0,NA
dvlp-v,lp-v,dvlp,v,559679,low,test,dvlpv,0,0,NA,0,1,0,0,NA,NA,0
dvlp-na,lp-n,dvlp,na,559679,low,test,dvlpna,0,0,0,0,NA,0,1,0,0,NA
dvlp-ta,lp-t,dvlp,ta,559679,low,test,dvlpda,0,0,NA,0,1,1,0,NA,NA,1
mak-na,k-n,mak,na,559679,high,test,maNna,NA,NA,1,NA,NA,NA,NA,1,NA,NA
mak-a,k-a,mak,a,559679,high,test,maka,NA,NA,NA,NA,0,NA,NA,NA,NA,0
mak-ta,k-t,mak,ta,559679,high,test,makda,NA,NA,NA,NA,1,NA,NA,NA,NA,1
malk-na,lk-n,malk,na,559679,high,test,maNna,1,1,1,0,NA,0,1,1,0,NA
malk-ta,lk-t,malk,ta,559679,high,test,malda,1,0,NA,0,1,0,1,NA,NA,1
malk-a,lk-a,malk,a,559679,high,test,malka,0,0,NA,0,0,0,0,NA,NA,0
mvlk-na,lk-n,mvlk,na,559679,nonce,test,mvlkna,0,0,0,0,NA,0,1,1,0,NA
mvlk-ta,lk-t,mvlk,ta,559679,nonce,test,mvlda,1,0,NA,0,1,1,0,NA,NA,1
mvlk-v,lk-v,mvlk,v,559679,nonce,test,mvlkv,0,0,NA,0,0,0,0,NA,NA,0
muk-v,k-v,muk,v,559679,low,test,mukv,NA,NA,NA,NA,0,NA,NA,NA,NA,0
muk-ta,k-t,muk,ta,559679,low,test,mukda,NA,NA,NA,NA,1,NA,NA,NA,NA,1
muk-na,k-n,muk,na,559679,low,test,muNna,NA,NA,1,NA,NA,NA,NA,1,NA,NA
mulk-ta,lk-t,mulk,ta,559679,low,test,mulda,1,0,NA,0,1,0,1,NA,NA,1
mulk-v,lk-v,mulk,v,559679,low,test,mulkv,0,0,NA,0,0,0,0,NA,NA,0
mulk-na,lk-n,mulk,na,559679,low,test,muNna,1,1,1,0,NA,0,1,1,0,NA
pak-a,k-a,pak,a,559679,high,test,paka,NA,NA,NA,NA,0,NA,NA,NA,NA,0
pak-na,k-n,pak,na,559679,high,test,paNna,NA,NA,1,NA,NA,NA,NA,1,NA,NA
pak-ta,k-t,pak,ta,559679,high,test,pakda,NA,NA,NA,NA,1,NA,NA,NA,NA,1
palk-ta,lk-t,palk,ta,559679,high,test,palda,1,0,NA,0,1,0,1,NA,NA,1
palk-a,lk-a,palk,a,559679,high,test,palka,0,0,NA,0,0,0,0,NA,NA,0
palk-na,lk-n,palk,na,559679,high,test,palkna,0,0,0,0,NA,0,1,1,0,NA
palp-a,lp-a,palp,a,559679,high,test,palpa,0,0,NA,0,0,0,0,NA,NA,0
palp-na,lp-n,palp,na,559679,high,test,palpna,0,0,0,0,NA,0,1,0,0,NA
palp-ta,lp-t,palp,ta,559679,high,test,palpda,0,0,NA,0,1,0,1,NA,NA,1
peT-na,T-n,peT,na,559679,low,test,penna,NA,NA,1,NA,NA,NA,NA,1,NA,NA
peT-ta,T-t,peT,ta,559679,low,test,petda,NA,NA,NA,NA,1,NA,NA,NA,NA,1
peT-v,T-v,peT,v,559679,low,test,petv,NA,NA,NA,NA,0,NA,NA,NA,NA,0
kvp-na,p-n,kvp,na,559679,nonce,test,pvmna,NA,NA,1,NA,NA,NA,NA,1,NA,NA
kvp-ta,p-t,kvp,ta,559679,nonce,test,pvpda,NA,NA,NA,NA,1,NA,NA,NA,NA,1
kvp-v,p-v,kvp,v,559679,nonce,test,pvpv,NA,NA,NA,NA,0,NA,NA,NA,NA,0
pulk-na,lk-n,pulk,na,559679,high,test,pulkna,0,0,0,0,NA,0,1,1,0,NA
pulk-v,lk-v,pulk,v,559679,high,test,pulkv,0,0,NA,0,0,0,0,NA,NA,0
pulk-ta,lk-t,pulk,ta,559679,high,test,pulda,1,0,NA,0,1,0,1,NA,NA,1
pulT-na,lT-n,pulT,na,559679,nonce,test,pulna,1,0,0,0,NA,0,1,0,0,NA
pulT-v,lT-v,pulT,v,559679,nonce,test,pultv,1,0,NA,0,0,0,1,NA,NA,0
pulT-ta,lT-t,pulT,ta,559679,nonce,test,pulda,1,0,NA,0,1,0,0,NA,NA,1
bop-a,p-a,bop,a,559679,high,test,bopa,NA,NA,NA,NA,1,NA,NA,NA,NA,0
bop-na,p-n,bop,na,559679,high,test,bomna,NA,NA,1,NA,NA,NA,NA,1,NA,NA
bop-ta,p-t,bop,ta,559679,high,test,bopda,NA,NA,NA,NA,1,NA,NA,NA,NA,1
sok-ta,k-t,sok,ta,559679,low,test,sokda,NA,NA,NA,NA,1,NA,NA,NA,NA,1
sok-a,k-a,sok,a,559679,low,test,soka,NA,NA,NA,NA,0,NA,NA,NA,NA,0
sok-na,k-n,sok,na,559679,low,test,soNna,NA,NA,1,NA,NA,NA,NA,1,NA,NA
sulk-v,lk-v,sulk,v,559679,nonce,test,sulkv,0,0,NA,0,0,0,0,NA,NA,0
sulk-na,lk-n,sulk,na,559679,nonce,test,suNna,1,1,1,0,NA,0,1,1,0,NA
sulk-ta,lk-t,sulk,ta,559679,nonce,test,sulda,1,0,NA,0,1,0,1,NA,NA,1
sik-v,k-v,sik,v,559679,low,test,sikv,NA,NA,NA,NA,0,NA,NA,NA,NA,0
sik-ta,k-t,sik,ta,559679,low,test,sikda,NA,NA,NA,NA,1,NA,NA,NA,NA,1
sik-na,k-n,sik,na,559679,low,test,siNna,NA,NA,1,NA,NA,NA,NA,1,NA,NA
Svk-na,k-n,Svk,na,559679,high,test,SvNna,NA,NA,1,NA,NA,NA,NA,1,NA,NA
Svk-ta,k-t,Svk,ta,559679,high,test,Svkda,NA,NA,NA,NA,1,NA,NA,NA,NA,1
Svk-v,k-v,Svk,v,559679,high,test,Svkv,NA,NA,NA,NA,0,NA,NA,NA,NA,0
Sip-v,p-v,Sip,v,559679,high,test,Sipv,NA,NA,NA,NA,0,NA,NA,NA,NA,0
Sip-ta,p-t,Sip,ta,559679,high,test,Sipda,NA,NA,NA,NA,1,NA,NA,NA,NA,1
Sip-na,p-n,Sip,na,559679,high,test,Simna,NA,NA,1,NA,NA,NA,NA,1,NA,NA
alk-na,lk-n,alk,na,559679,nonce,test,alkna,NA,0,0,0,NA,0,1,1,0,NA
alk-ta,lk-t,alk,ta,559679,nonce,test,alkda,NA,0,NA,0,1,0,1,NA,NA,0
alk-a,lk-a,alk,a,559679,nonce,test,alka,NA,0,NA,0,0,0,0,NA,NA,0
yalp-ta,lp-t,yalp,ta,559679,low,test,yalpda,0,0,NA,0,1,1,0,NA,NA,1
yalp-a,lp-a,yalp,a,559679,low,test,yalpa,0,0,NA,0,0,0,0,NA,NA,0
yalp-na,lp-n,yalp,na,559679,low,test,yalmna,1,0,1,0,NA,0,1,0,0,NA
yaT-a,T-a,yaT,a,559679,low,test,yata,NA,NA,NA,NA,0,NA,NA,NA,NA,0
yaT-na,T-n,yaT,na,559679,low,test,yanna,NA,NA,1,NA,NA,NA,NA,1,NA,NA
yaT-ta,T-t,yaT,ta,559679,low,test,yatda,NA,NA,NA,NA,1,NA,NA,NA,NA,1
vlk-na,lk-n,vlk,na,559679,low,test,vlkna,NA,0,0,0,NA,0,1,1,0,NA
vlk-ta,lk-t,vlk,ta,559679,low,test,vlkda,NA,0,NA,0,1,0,1,NA,NA,1
vlk-v,lk-v,vlk,v,559679,low,test,vlkv,NA,0,NA,0,0,0,0,NA,NA,0
vp-na,p-n,vp,na,559679,low,test,vmna,NA,NA,1,NA,NA,NA,NA,1,NA,NA
vp-v,p-v,vp,v,559679,low,test,vpv,NA,NA,NA,NA,0,NA,NA,NA,NA,0
vp-ta,p-t,vp,ta,559679,low,test,vpda,NA,NA,NA,NA,1,NA,NA,NA,NA,1
vP-na,P-n,vP,na,559679,low,test,vmna,NA,NA,1,NA,NA,NA,NA,1,NA,NA
vP-v,P-v,vP,v,559679,low,test,vpv,NA,NA,NA,NA,0,NA,NA,NA,NA,0
vP-ta,P-t,vP,ta,559679,low,test,vpda,NA,NA,NA,NA,1,NA,NA,NA,NA,1
yvlp-ta,lp-t,yvlp,ta,559679,low,test,jvlpda,1,0,NA,0,1,1,0,NA,NA,1
yvlp-v,lp-v,yvlp,v,559679,low,test,jvlpv,1,0,NA,0,0,0,0,NA,NA,0
yvlp-na,lp-n,yvlp,na,559679,low,test,jvlpna,1,0,0,0,NA,0,1,0,0,NA
yvT-na,T-n,yvT,na,559679,low,test,jvnna,NA,NA,1,NA,NA,NA,NA,1,NA,NA
yvT-ta,T-t,yvT,ta,559679,low,test,jvtda,NA,NA,NA,NA,1,NA,NA,NA,NA,1
yvT-v,T-v,yvT,v,559679,low,test,jvtv,NA,NA,NA,NA,0,NA,NA,NA,NA,0
up-na,p-n,up,na,559679,nonce,test,umna,NA,NA,1,NA,NA,NA,NA,1,NA,NA
up-ta,p-t,up,ta,559679,nonce,test,upda,NA,NA,NA,NA,1,NA,NA,NA,NA,1
up-v,p-v,up,v,559679,nonce,test,upv,NA,NA,NA,NA,0,NA,NA,NA,NA,0
xlP-ta,lP-t,xlP,ta,559679,low,test,xlpda,NA,0,NA,0,1,0,1,NA,NA,1
xlP-na,lP-n,xlP,na,559679,low,test,xmna,NA,1,1,0,NA,0,1,1,0,NA
xlP-v,lP-v,xlP,v,559679,low,test,xlpv,NA,0,NA,0,0,0,0,NA,NA,0
ik-ta,k-t,ik,ta,559679,low,test,ikda,NA,NA,NA,NA,1,NA,NA,NA,NA,1
ik-na,k-n,ik,na,559679,low,test,iNna,NA,NA,1,NA,NA,NA,NA,1,NA,NA
ik-v,k-v,ik,v,559679,low,test,ikv,NA,NA,NA,NA,0,NA,NA,NA,NA,0
ilk-na,lk-n,ilk,na,559679,high,test,iNna,NA,1,1,0,NA,0,1,1,0,NA
ilk-v,lk-v,ilk,v,559679,high,test,ilkv,NA,0,NA,0,0,0,0,NA,NA,0
ilk-ta,lk-t,ilk,ta,559679,high,test,ilkda,NA,0,NA,0,1,0,1,NA,NA,1
ip-ta,p-t,ip,ta,559679,high,test,ipda,NA,NA,NA,NA,1,NA,NA,NA,NA,1
ip-v,p-v,ip,v,559679,high,test,ipv,NA,NA,NA,NA,0,NA,NA,NA,NA,0
ip-na,p-n,ip,na,559679,high,test,imna,NA,NA,1,NA,NA,NA,NA,1,NA,NA
cak-na,k-n,cak,na,559679,high,test,caNna,NA,NA,1,NA,NA,NA,NA,1,NA,NA
cak-ta,k-t,cak,ta,559679,high,test,cakda,NA,NA,NA,NA,1,NA,NA,NA,NA,1
cak-a,k-a,cak,a,559679,high,test,caka,NA,NA,NA,NA,0,NA,NA,NA,NA,0
cvk-v,k-v,cvk,v,559679,high,test,cvkv,NA,NA,NA,NA,0,NA,NA,NA,NA,0
cvk-ta,k-t,cvk,ta,559679,high,test,cvkda,NA,NA,NA,NA,1,NA,NA,NA,NA,1
cvk-na,k-n,cvk,na,559679,high,test,cvNna,NA,NA,1,NA,NA,NA,NA,1,NA,NA
cvp-v,p-v,cvp,v,559679,high,test,cvpv,NA,NA,NA,NA,0,NA,NA,NA,NA,0
cvp-na,p-n,cvp,na,559679,high,test,cvmna,NA,NA,1,NA,NA,NA,NA,1,NA,NA
cvp-ta,p-t,cvp,ta,559679,high,test,cvpda,NA,NA,NA,NA,1,NA,NA,NA,NA,1
cik-na,k-n,cik,na,559679,nonce,test,ciNna,NA,NA,1,NA,NA,NA,NA,1,NA,NA
cik-v,k-v,cik,v,559679,nonce,test,cikv,NA,NA,NA,NA,0,NA,NA,NA,NA,0
cik-ta,k-t,cik,ta,559679,nonce,test,cikda,NA,NA,NA,NA,1,NA,NA,NA,NA,1
cilk-v,lk-v,cilk,v,559679,nonce,test,cilkv,0,0,NA,0,0,0,0,NA,NA,0
cilk-ta,lk-t,cilk,ta,559679,nonce,test,cilkda,0,0,NA,0,1,0,0,NA,NA,1
cilk-na,lk-n,cilk,na,559679,nonce,test,ciNna,1,1,1,0,NA,0,1,1,0,NA
cip-na,p-n,cip,na,559679,high,test,cimna,NA,NA,1,NA,NA,NA,NA,1,NA,NA
cip-v,p-v,cip,v,559679,high,test,cipv,NA,NA,NA,NA,0,NA,NA,NA,NA,0
cip-ta,p-t,cip,ta,559679,high,test,cipda,NA,NA,NA,NA,1,NA,NA,NA,NA,1
Jalp-a,lp-a,Jalp,a,559679,high,test,Jalpa,0,0,NA,0,0,0,0,NA,NA,0
Jalp-na,lp-n,Jalp,na,559679,high,test,Jalmna,1,0,1,0,NA,0,1,0,0,NA
Jalp-ta,lp-t,Jalp,ta,559679,high,test,Jalda,1,0,NA,0,1,1,0,NA,NA,1
Jik-ta,k-t,Jik,ta,559679,low,test,Jikda,NA,NA,NA,NA,1,NA,NA,NA,NA,1
Jik-na,k-n,Jik,na,559679,low,test,JiNna,NA,NA,1,NA,NA,NA,NA,1,NA,NA
Jik-v,k-v,Jik,v,559679,low,test,Jikv,NA,NA,NA,NA,0,NA,NA,NA,NA,0
Cak-ta,k-t,Cak,ta,559679,nonce,test,Cakda,NA,NA,NA,NA,1,NA,NA,NA,NA,0
Cak-na,k-n,Cak,na,559679,nonce,test,CaNna,NA,NA,1,NA,NA,NA,NA,1,NA,NA
Cak-a,k-a,Cak,a,559679,nonce,test,Caka,NA,NA,NA,NA,0,NA,NA,NA,NA,0
Top-na,p-n,Top,na,559679,nonce,test,Tomna,NA,NA,1,NA,NA,NA,NA,1,NA,NA
Top-a,p-a,Top,a,559679,nonce,test,Topa,NA,NA,NA,NA,0,NA,NA,NA,NA,0
Top-ta,p-t,Top,ta,559679,nonce,test,Topda,NA,NA,NA,NA,1,NA,NA,NA,NA,1
halT-a,lT-a,halT,a,559679,low,test,halta,1,0,NA,0,0,0,0,NA,NA,0
halT-na,lT-n,halT,na,559679,low,test,halna,1,0,0,0,NA,1,0,0,0,NA
halT-ta,lT-t,halT,ta,559679,low,test,halda,1,0,NA,0,1,1,0,NA,NA,1
hulT-na,lT-n,hulT,na,559679,low,test,hulna,1,0,0,0,NA,1,0,0,0,NA
hulT-v,lT-v,hulT,v,559679,low,test,hultv,1,0,NA,0,0,0,0,NA,NA,0
hulT-ta,lT-t,hulT,ta,559679,low,test,hulda,1,0,NA,0,1,0,1,NA,NA,1
kalk-na,lk-n,kalk,na,567753,low,test,kalkna,0,0,0,0,NA,0,1,0,0,NA
kalk-ta,lk-t,kalk,ta,567753,low,test,kalda,1,0,NA,0,1,1,0,NA,NA,1
kalk-a,lk-a,kalk,a,567753,low,test,kalka,0,0,NA,0,0,0,0,NA,NA,0
kvP-na,P-n,kvP,na,567753,nonce,test,kvmna,NA,NA,1,NA,NA,NA,NA,1,NA,NA
kvP-ta,P-t,kvP,ta,567753,nonce,test,kvpda,NA,NA,NA,NA,1,NA,NA,NA,NA,1
kvP-v,P-v,kvP,v,567753,nonce,test,kvpv,NA,NA,NA,NA,0,NA,NA,NA,NA,0
kjvlp-na,lp-n,kjvlp,na,567753,nonce,test,kyvlpna,1,0,0,0,NA,1,0,0,0,NA
kjvlp-v,lp-v,kjvlp,v,567753,nonce,test,kyvlpv,1,0,NA,0,0,0,0,NA,NA,0
kjvlp-ta,lp-t,kjvlp,ta,567753,nonce,test,kyvlpda,1,0,NA,0,1,0,1,NA,NA,1
kulk-ta,lk-t,kulk,ta,567753,high,test,kulda,1,0,NA,0,1,1,0,NA,NA,1
kulk-v,lk-v,kulk,v,567753,high,test,kulkv,0,0,NA,0,0,0,0,NA,NA,0
kulk-na,lk-n,kulk,na,567753,high,test,kuNna,1,1,1,0,NA,0,1,1,0,NA
kxlk-na,lk-n,kxlk,na,567753,low,test,kxNna,1,1,1,0,NA,0,1,1,0,NA
kxlk-ta,lk-t,kxlk,ta,567753,low,test,kxlkda,0,0,NA,0,1,0,1,NA,NA,1
kxlk-v,lk-v,kxlk,v,567753,low,test,kxlkv,0,0,NA,0,0,0,0,NA,NA,0
kxlP-na,lP-n,kxlP,na,567753,nonce,test,kxlmna,1,0,1,0,NA,0,1,1,0,NA
kxlP-v,lP-v,kxlP,v,567753,nonce,test,kxlpv,1,0,NA,0,0,0,0,NA,NA,0
kxlP-ta,lP-t,kxlP,ta,567753,nonce,test,kxlpda,1,0,NA,0,1,1,0,NA,NA,1
nalk-a,lk-a,nalk,a,567753,high,test,nalka,0,0,NA,0,0,0,0,NA,NA,0
nalk-na,lk-n,nalk,na,567753,high,test,nalkna,0,0,0,0,NA,0,1,1,0,NA
nalk-ta,lk-t,nalk,ta,567753,high,test,nalda,1,0,NA,0,1,1,0,NA,NA,1
nalp-na,lp-n,nalp,na,567753,nonce,test,nalmna,1,0,1,0,NA,0,1,0,0,NA
nalp-ta,lp-t,nalp,ta,567753,nonce,test,nalpda,0,0,NA,0,1,1,0,NA,NA,1
nalp-a,lp-a,nalp,a,567753,nonce,test,nalpa,0,0,NA,0,0,0,0,NA,NA,0
neT-ta,T-t,neT,ta,567753,nonce,test,netda,NA,NA,NA,NA,1,NA,NA,NA,NA,1
neT-na,T-n,neT,na,567753,nonce,test,nenna,NA,NA,1,NA,NA,NA,NA,1,NA,NA
neT-v,T-v,neT,v,567753,nonce,test,netv,NA,NA,NA,NA,0,NA,NA,NA,NA,0
nvlp-na,lp-n,nvlp,na,567753,high,test,nvlpna,0,0,0,0,NA,0,1,0,0,NA
nvlp-v,lp-v,nvlp,v,567753,high,test,nvlpv,0,0,NA,0,0,0,0,NA,NA,0
nvlp-ta,lp-t,nvlp,ta,567753,high,test,nvlda,1,0,NA,0,1,1,0,NA,NA,1
nuk-ta,k-t,nuk,ta,567753,nonce,test,nukda,NA,NA,NA,NA,1,NA,NA,NA,NA,1
nuk-v,k-v,nuk,v,567753,nonce,test,nukv,NA,NA,NA,NA,0,NA,NA,NA,NA,0
nuk-na,k-n,nuk,na,567753,nonce,test,nuNna,NA,NA,1,NA,NA,NA,NA,1,NA,NA
nxlk-ta,lk-t,nxlk,ta,567753,high,test,nxlkda,0,0,NA,0,1,1,0,NA,NA,1
nxlk-na,lk-n,nxlk,na,567753,high,test,nxNna,1,1,1,0,NA,1,0,0,0,NA
nxlk-v,lk-v,nxlk,v,567753,high,test,nxlkv,0,0,NA,0,0,0,0,NA,NA,0
tvlp-na,lp-n,tvlp,na,567753,nonce,test,tvlpna,0,0,0,0,NA,0,1,0,0,NA
tvlp-v,lp-v,tvlp,v,567753,nonce,test,tvlpv,0,0,NA,0,0,0,0,NA,NA,0
tvlp-ta,lp-t,tvlp,ta,567753,nonce,test,tvlpda,0,0,NA,0,1,1,0,NA,NA,1
tok-na,k-n,tok,na,567753,nonce,test,toNna,NA,NA,1,NA,NA,NA,NA,1,NA,NA
tok-ta,k-t,tok,ta,567753,nonce,test,tokda,NA,NA,NA,NA,1,NA,NA,NA,NA,1
tok-a,k-a,tok,a,567753,nonce,test,toka,NA,NA,NA,NA,0,NA,NA,NA,NA,0
tup-na,p-n,tup,na,567753,nonce,test,tumna,NA,NA,1,NA,NA,NA,NA,1,NA,NA
tup-ta,p-t,tup,ta,567753,nonce,test,tupda,NA,NA,NA,NA,1,NA,NA,NA,NA,1
tup-v,p-v,tup,v,567753,nonce,test,tupv,NA,NA,NA,NA,0,NA,NA,NA,NA,0
txlk-v,lk-v,txlk,v,567753,nonce,test,txlkv,0,0,NA,0,0,0,0,NA,NA,0
txlk-na,lk-n,txlk,na,567753,nonce,test,txNna,1,1,1,0,NA,1,0,0,0,NA
txlk-ta,lk-t,txlk,ta,567753,nonce,test,txlkda,0,0,NA,0,1,1,0,NA,NA,1
dvlp-na,lp-n,dvlp,na,567753,low,test,dvlpna,0,0,0,0,NA,0,1,0,0,NA
dvlp-v,lp-v,dvlp,v,567753,low,test,dvlpv,0,0,NA,0,1,0,0,NA,NA,0
dvlp-ta,lp-t,dvlp,ta,567753,low,test,dvlpda,0,0,NA,0,1,1,0,NA,NA,1
mak-a,k-a,mak,a,567753,high,test,maka,NA,NA,NA,NA,0,NA,NA,NA,NA,0
mak-na,k-n,mak,na,567753,high,test,maNna,NA,NA,1,NA,NA,NA,NA,1,NA,NA
mak-ta,k-t,mak,ta,567753,high,test,makda,NA,NA,NA,NA,1,NA,NA,NA,NA,1
malk-na,lk-n,malk,na,567753,high,test,maNna,1,1,1,0,NA,0,1,0,0,NA
malk-ta,lk-t,malk,ta,567753,high,test,malda,1,0,NA,0,1,1,0,NA,NA,1
malk-a,lk-a,malk,a,567753,high,test,malka,0,0,NA,0,0,0,0,NA,NA,0
mvlk-na,lk-n,mvlk,na,567753,nonce,test,mvlkna,0,0,0,0,NA,1,0,0,1,NA
mvlk-ta,lk-t,mvlk,ta,567753,nonce,test,mvlda,1,0,NA,0,1,1,0,NA,NA,1
mvlk-v,lk-v,mvlk,v,567753,nonce,test,mvlkv,0,0,NA,0,0,0,0,NA,NA,0
muk-na,k-n,muk,na,567753,low,test,muNna,NA,NA,1,NA,NA,NA,NA,1,NA,NA
muk-ta,k-t,muk,ta,567753,low,test,mukda,NA,NA,NA,NA,1,NA,NA,NA,NA,1
muk-v,k-v,muk,v,567753,low,test,mukv,NA,NA,NA,NA,0,NA,NA,NA,NA,0
mulk-v,lk-v,mulk,v,567753,low,test,mulkv,0,0,NA,0,0,0,0,NA,NA,0
mulk-na,lk-n,mulk,na,567753,low,test,muNna,1,1,1,0,NA,0,1,0,0,NA
mulk-ta,lk-t,mulk,ta,567753,low,test,mulda,1,0,NA,0,1,1,0,NA,NA,1
pak-na,k-n,pak,na,567753,high,test,paNna,NA,NA,1,NA,NA,NA,NA,1,NA,NA
pak-a,k-a,pak,a,567753,high,test,paka,NA,NA,NA,NA,0,NA,NA,NA,NA,0
pak-ta,k-t,pak,ta,567753,high,test,pakda,NA,NA,NA,NA,1,NA,NA,NA,NA,1
palk-ta,lk-t,palk,ta,567753,high,test,palda,1,0,NA,0,1,1,0,NA,NA,1
palk-na,lk-n,palk,na,567753,high,test,palkna,0,0,0,0,NA,0,1,1,0,NA
palk-a,lk-a,palk,a,567753,high,test,palka,0,0,NA,0,0,0,0,NA,NA,0
palp-na,lp-n,palp,na,567753,high,test,palpna,0,0,0,0,NA,0,1,0,0,NA
palp-a,lp-a,palp,a,567753,high,test,palpa,0,0,NA,0,0,0,0,NA,NA,0
palp-ta,lp-t,palp,ta,567753,high,test,palpda,0,0,NA,0,1,0,1,NA,NA,1
peT-na,T-n,peT,na,567753,low,test,penna,NA,NA,1,NA,NA,NA,NA,1,NA,NA
peT-ta,T-t,peT,ta,567753,low,test,petda,NA,NA,NA,NA,1,NA,NA,NA,NA,1
peT-v,T-v,peT,v,567753,low,test,petv,NA,NA,NA,NA,0,NA,NA,NA,NA,0
kvp-v,p-v,kvp,v,567753,nonce,test,pvpv,NA,NA,NA,NA,0,NA,NA,NA,NA,0
kvp-na,p-n,kvp,na,567753,nonce,test,pvmna,NA,NA,1,NA,NA,NA,NA,0,NA,NA
kvp-ta,p-t,kvp,ta,567753,nonce,test,pvpda,NA,NA,NA,NA,1,NA,NA,NA,NA,1
pulk-ta,lk-t,pulk,ta,567753,high,test,pulda,1,0,NA,0,1,1,0,NA,NA,1
pulk-v,lk-v,pulk,v,567753,high,test,pulkv,0,0,NA,0,0,0,0,NA,NA,0
pulk-na,lk-n,pulk,na,567753,high,test,pulkna,0,0,0,0,NA,0,1,1,0,NA
pulT-na,lT-n,pulT,na,567753,nonce,test,pulna,1,0,0,0,NA,0,1,0,0,NA
pulT-v,lT-v,pulT,v,567753,nonce,test,pultv,1,0,NA,0,0,0,0,NA,NA,0
pulT-ta,lT-t,pulT,ta,567753,nonce,test,pulda,1,0,NA,0,1,0,1,NA,NA,1
bop-na,p-n,bop,na,567753,high,test,bomna,NA,NA,1,NA,NA,NA,NA,1,NA,NA
bop-a,p-a,bop,a,567753,high,test,bopa,NA,NA,NA,NA,1,NA,NA,NA,NA,0
bop-ta,p-t,bop,ta,567753,high,test,bopda,NA,NA,NA,NA,1,NA,NA,NA,NA,1
sok-a,k-a,sok,a,567753,low,test,soka,NA,NA,NA,NA,0,NA,NA,NA,NA,0
sok-ta,k-t,sok,ta,567753,low,test,sokda,NA,NA,NA,NA,1,NA,NA,NA,NA,1
sok-na,k-n,sok,na,567753,low,test,soNna,NA,NA,1,NA,NA,NA,NA,1,NA,NA
sulk-ta,lk-t,sulk,ta,567753,nonce,test,sulda,1,0,NA,0,1,1,0,NA,NA,1
sulk-na,lk-n,sulk,na,567753,nonce,test,suNna,1,1,1,0,NA,0,1,1,0,NA
sulk-v,lk-v,sulk,v,567753,nonce,test,sulkv,0,0,NA,0,0,0,0,NA,NA,0
sik-v,k-v,sik,v,567753,low,test,sikv,NA,NA,NA,NA,0,NA,NA,NA,NA,0
sik-na,k-n,sik,na,567753,low,test,siNna,NA,NA,1,NA,NA,NA,NA,1,NA,NA
sik-ta,k-t,sik,ta,567753,low,test,sikda,NA,NA,NA,NA,1,NA,NA,NA,NA,1
Svk-ta,k-t,Svk,ta,567753,high,test,Svkda,NA,NA,NA,NA,1,NA,NA,NA,NA,1
Svk-v,k-v,Svk,v,567753,high,test,Svkv,NA,NA,NA,NA,0,NA,NA,NA,NA,0
Svk-na,k-n,Svk,na,567753,high,test,SvNna,NA,NA,1,NA,NA,NA,NA,1,NA,NA
Sip-ta,p-t,Sip,ta,567753,high,test,Sipda,NA,NA,NA,NA,1,NA,NA,NA,NA,1
Sip-na,p-n,Sip,na,567753,high,test,Simna,NA,NA,1,NA,NA,NA,NA,1,NA,NA
Sip-v,p-v,Sip,v,567753,high,test,Sipv,NA,NA,NA,NA,0,NA,NA,NA,NA,0
alk-na,lk-n,alk,na,567753,nonce,test,alkna,NA,0,0,0,NA,1,0,0,0,NA
alk-ta,lk-t,alk,ta,567753,nonce,test,alkda,NA,0,NA,0,1,1,0,NA,NA,1
alk-a,lk-a,alk,a,567753,nonce,test,alka,NA,0,NA,0,0,0,0,NA,NA,0
yalp-a,lp-a,yalp,a,567753,low,test,yalpa,0,0,NA,0,0,0,0,NA,NA,0
yalp-ta,lp-t,yalp,ta,567753,low,test,yalpda,0,0,NA,0,1,0,1,NA,NA,1
yalp-na,lp-n,yalp,na,567753,low,test,yalmna,1,0,1,0,NA,0,1,1,0,NA
yaT-a,T-a,yaT,a,567753,low,test,yata,NA,NA,NA,NA,0,NA,NA,NA,NA,0
yaT-ta,T-t,yaT,ta,567753,low,test,yatda,NA,NA,NA,NA,1,NA,NA,NA,NA,1
yaT-na,T-n,yaT,na,567753,low,test,yanna,NA,NA,1,NA,NA,NA,NA,1,NA,NA
vlk-ta,lk-t,vlk,ta,567753,low,test,vlkda,NA,0,NA,0,1,1,0,NA,NA,1
vlk-na,lk-n,vlk,na,567753,low,test,vlkna,NA,0,0,0,NA,0,1,0,0,NA
vlk-v,lk-v,vlk,v,567753,low,test,vlkv,NA,0,NA,0,0,0,0,NA,NA,0
vp-ta,p-t,vp,ta,567753,low,test,vpda,NA,NA,NA,NA,1,NA,NA,NA,NA,1
vp-v,p-v,vp,v,567753,low,test,vpv,NA,NA,NA,NA,0,NA,NA,NA,NA,0
vp-na,p-n,vp,na,567753,low,test,vmna,NA,NA,1,NA,NA,NA,NA,1,NA,NA
vP-v,P-v,vP,v,567753,low,test,vpv,NA,NA,NA,NA,0,NA,NA,NA,NA,0
vP-ta,P-t,vP,ta,567753,low,test,vpda,NA,NA,NA,NA,1,NA,NA,NA,NA,1
vP-na,P-n,vP,na,567753,low,test,vmna,NA,NA,1,NA,NA,NA,NA,1,NA,NA
yvlp-na,lp-n,yvlp,na,567753,low,test,jvlpna,1,0,0,0,NA,0,1,0,0,NA
yvlp-ta,lp-t,yvlp,ta,567753,low,test,jvlpda,1,0,NA,0,1,0,1,NA,NA,1
yvlp-v,lp-v,yvlp,v,567753,low,test,jvlpv,1,0,NA,0,0,0,0,NA,NA,0
yvT-na,T-n,yvT,na,567753,low,test,jvnna,NA,NA,1,NA,NA,NA,NA,1,NA,NA
yvT-v,T-v,yvT,v,567753,low,test,jvtv,NA,NA,NA,NA,0,NA,NA,NA,NA,0
yvT-ta,T-t,yvT,ta,567753,low,test,jvtda,NA,NA,NA,NA,1,NA,NA,NA,NA,1
up-na,p-n,up,na,567753,nonce,test,umna,NA,NA,1,NA,NA,NA,NA,1,NA,NA
up-ta,p-t,up,ta,567753,nonce,test,upda,NA,NA,NA,NA,1,NA,NA,NA,NA,1
up-v,p-v,up,v,567753,nonce,test,upv,NA,NA,NA,NA,0,NA,NA,NA,NA,0
xlP-v,lP-v,xlP,v,567753,low,test,xlpv,NA,0,NA,0,0,0,0,NA,NA,0
xlP-na,lP-n,xlP,na,567753,low,test,xmna,NA,1,1,0,NA,0,1,0,0,NA
xlP-ta,lP-t,xlP,ta,567753,low,test,xlpda,NA,0,NA,0,1,0,1,NA,NA,1
ik-v,k-v,ik,v,567753,low,test,ikv,NA,NA,NA,NA,0,NA,NA,NA,NA,0
ik-na,k-n,ik,na,567753,low,test,iNna,NA,NA,1,NA,NA,NA,NA,1,NA,NA
ik-ta,k-t,ik,ta,567753,low,test,ikda,NA,NA,NA,NA,1,NA,NA,NA,NA,1
ilk-ta,lk-t,ilk,ta,567753,high,test,ilkda,NA,0,NA,0,1,1,0,NA,NA,1
ilk-v,lk-v,ilk,v,567753,high,test,ilkv,NA,0,NA,0,0,0,0,NA,NA,0
ilk-na,lk-n,ilk,na,567753,high,test,iNna,NA,1,1,0,NA,0,1,1,0,NA
ip-ta,p-t,ip,ta,567753,high,test,ipda,NA,NA,NA,NA,1,NA,NA,NA,NA,1
ip-na,p-n,ip,na,567753,high,test,imna,NA,NA,1,NA,NA,NA,NA,1,NA,NA
ip-v,p-v,ip,v,567753,high,test,ipv,NA,NA,NA,NA,0,NA,NA,NA,NA,0
cak-na,k-n,cak,na,567753,high,test,caNna,NA,NA,1,NA,NA,NA,NA,1,NA,NA
cak-a,k-a,cak,a,567753,high,test,caka,NA,NA,NA,NA,0,NA,NA,NA,NA,0
cak-ta,k-t,cak,ta,567753,high,test,cakda,NA,NA,NA,NA,1,NA,NA,NA,NA,1
cvk-v,k-v,cvk,v,567753,high,test,cvkv,NA,NA,NA,NA,0,NA,NA,NA,NA,0
cvk-na,k-n,cvk,na,567753,high,test,cvNna,NA,NA,1,NA,NA,NA,NA,1,NA,NA
cvk-ta,k-t,cvk,ta,567753,high,test,cvkda,NA,NA,NA,NA,1,NA,NA,NA,NA,1
cvp-v,p-v,cvp,v,567753,high,test,cvpv,NA,NA,NA,NA,0,NA,NA,NA,NA,0
cvp-na,p-n,cvp,na,567753,high,test,cvmna,NA,NA,1,NA,NA,NA,NA,1,NA,NA
cvp-ta,p-t,cvp,ta,567753,high,test,cvpda,NA,NA,NA,NA,1,NA,NA,NA,NA,1
cik-v,k-v,cik,v,567753,nonce,test,cikv,NA,NA,NA,NA,0,NA,NA,NA,NA,0
cik-ta,k-t,cik,ta,567753,nonce,test,cikda,NA,NA,NA,NA,1,NA,NA,NA,NA,1
cik-na,k-n,cik,na,567753,nonce,test,ciNna,NA,NA,1,NA,NA,NA,NA,1,NA,NA
cilk-na,lk-n,cilk,na,567753,nonce,test,ciNna,1,1,1,0,NA,1,0,0,0,NA
cilk-ta,lk-t,cilk,ta,567753,nonce,test,cilkda,0,0,NA,0,1,1,0,NA,NA,1
cilk-v,lk-v,cilk,v,567753,nonce,test,cilkv,0,0,NA,0,0,0,0,NA,NA,0
cip-na,p-n,cip,na,567753,high,test,cimna,NA,NA,1,NA,NA,NA,NA,1,NA,NA
cip-ta,p-t,cip,ta,567753,high,test,cipda,NA,NA,NA,NA,1,NA,NA,NA,NA,1
cip-v,p-v,cip,v,567753,high,test,cipv,NA,NA,NA,NA,0,NA,NA,NA,NA,0
Jalp-a,lp-a,Jalp,a,567753,high,test,Jalpa,0,0,NA,0,0,0,0,NA,NA,0
Jalp-na,lp-n,Jalp,na,567753,high,test,Jalmna,1,0,1,0,NA,0,1,1,0,NA
Jalp-ta,lp-t,Jalp,ta,567753,high,test,Jalda,1,0,NA,0,1,1,0,NA,NA,1
Jik-v,k-v,Jik,v,567753,low,test,Jikv,NA,NA,NA,NA,0,NA,NA,NA,NA,0
Jik-na,k-n,Jik,na,567753,low,test,JiNna,NA,NA,1,NA,NA,NA,NA,1,NA,NA
Jik-ta,k-t,Jik,ta,567753,low,test,Jikda,NA,NA,NA,NA,1,NA,NA,NA,NA,1
Cak-na,k-n,Cak,na,567753,nonce,test,CaNna,NA,NA,1,NA,NA,NA,NA,1,NA,NA
Cak-a,k-a,Cak,a,567753,nonce,test,Caka,NA,NA,NA,NA,0,NA,NA,NA,NA,0
Cak-ta,k-t,Cak,ta,567753,nonce,test,Cakda,NA,NA,NA,NA,1,NA,NA,NA,NA,1
Top-ta,p-t,Top,ta,567753,nonce,test,Topda,NA,NA,NA,NA,1,NA,NA,NA,NA,1
Top-a,p-a,Top,a,567753,nonce,test,Topa,NA,NA,NA,NA,0,NA,NA,NA,NA,0
Top-na,p-n,Top,na,567753,nonce,test,Tomna,NA,NA,1,NA,NA,NA,NA,1,NA,NA
halT-a,lT-a,halT,a,567753,low,test,halta,1,0,NA,0,0,0,0,NA,NA,0
halT-na,lT-n,halT,na,567753,low,test,halna,1,0,0,0,NA,1,0,0,0,NA
halT-ta,lT-t,halT,ta,567753,low,test,halda,1,0,NA,0,1,1,0,NA,NA,1
hulT-ta,lT-t,hulT,ta,567753,low,test,hulda,1,0,NA,0,1,1,0,NA,NA,1
hulT-v,lT-v,hulT,v,567753,low,test,hultv,1,0,NA,0,0,0,0,NA,NA,0
hulT-na,lT-n,hulT,na,567753,low,test,hulna,1,0,0,0,NA,1,0,0,0,NA
kalk-a,lk-a,kalk,a,569705,low,test,kalka,0,0,NA,0,0,0,0,NA,NA,0
kalk-ta,lk-t,kalk,ta,569705,low,test,kalda,1,0,NA,0,1,1,0,NA,NA,1
kalk-na,lk-n,kalk,na,569705,low,test,kalkna,0,0,0,0,NA,0,0,0,0,NA
kvP-v,P-v,kvP,v,569705,nonce,test,kvpv,NA,NA,NA,NA,0,NA,NA,NA,NA,0
kvP-na,P-n,kvP,na,569705,nonce,test,kvmna,NA,NA,1,NA,NA,NA,NA,0,NA,NA
kvP-ta,P-t,kvP,ta,569705,nonce,test,kvpda,NA,NA,NA,NA,1,NA,NA,NA,NA,1
kjvlp-na,lp-n,kjvlp,na,569705,nonce,test,kyvlpna,1,0,0,0,NA,0,1,0,0,NA
kjvlp-ta,lp-t,kjvlp,ta,569705,nonce,test,kyvlpda,1,0,NA,0,1,0,0,NA,NA,1
kjvlp-v,lp-v,kjvlp,v,569705,nonce,test,kyvlpv,1,0,NA,0,0,0,0,NA,NA,0
kulk-ta,lk-t,kulk,ta,569705,high,test,kulda,1,0,NA,0,1,1,0,NA,NA,1
kulk-v,lk-v,kulk,v,569705,high,test,kulkv,0,0,NA,0,0,0,0,NA,NA,0
kulk-na,lk-n,kulk,na,569705,high,test,kuNna,1,1,1,0,NA,0,1,1,0,NA
kxlk-ta,lk-t,kxlk,ta,569705,low,test,kxlkda,0,0,NA,0,1,1,0,NA,NA,1
kxlk-na,lk-n,kxlk,na,569705,low,test,kxNna,1,1,1,0,NA,0,1,0,0,NA
kxlk-v,lk-v,kxlk,v,569705,low,test,kxlkv,0,0,NA,0,0,0,0,NA,NA,0
kxlP-na,lP-n,kxlP,na,569705,nonce,test,kxlmna,1,0,1,0,NA,0,0,0,0,NA
kxlP-ta,lP-t,kxlP,ta,569705,nonce,test,kxlpda,1,0,NA,0,1,0,0,NA,NA,1
kxlP-v,lP-v,kxlP,v,569705,nonce,test,kxlpv,1,0,NA,0,0,0,0,NA,NA,0
nalk-ta,lk-t,nalk,ta,569705,high,test,nalda,1,0,NA,0,1,0,1,NA,NA,1
nalk-na,lk-n,nalk,na,569705,high,test,nalkna,0,0,0,0,NA,0,1,0,0,NA
nalk-a,lk-a,nalk,a,569705,high,test,nalka,0,0,NA,0,0,0,0,NA,NA,0
nalp-na,lp-n,nalp,na,569705,nonce,test,nalmna,1,0,1,0,NA,0,0,1,0,NA
nalp-a,lp-a,nalp,a,569705,nonce,test,nalpa,0,0,NA,0,0,0,0,NA,NA,0
nalp-ta,lp-t,nalp,ta,569705,nonce,test,nalpda,0,0,NA,0,1,0,0,NA,NA,1
neT-na,T-n,neT,na,569705,nonce,test,nenna,NA,NA,1,NA,NA,NA,NA,1,NA,NA
neT-ta,T-t,neT,ta,569705,nonce,test,netda,NA,NA,NA,NA,1,NA,NA,NA,NA,1
neT-v,T-v,neT,v,569705,nonce,test,netv,NA,NA,NA,NA,0,NA,NA,NA,NA,0
nvlp-ta,lp-t,nvlp,ta,569705,high,test,nvlda,1,0,NA,0,1,1,0,NA,NA,1
nvlp-v,lp-v,nvlp,v,569705,high,test,nvlpv,0,0,NA,0,0,0,0,NA,NA,0
nvlp-na,lp-n,nvlp,na,569705,high,test,nvlpna,0,0,0,0,NA,0,0,0,0,NA
nuk-v,k-v,nuk,v,569705,nonce,test,nukv,NA,NA,NA,NA,0,NA,NA,NA,NA,0
nuk-ta,k-t,nuk,ta,569705,nonce,test,nukda,NA,NA,NA,NA,1,NA,NA,NA,NA,1
nuk-na,k-n,nuk,na,569705,nonce,test,nuNna,NA,NA,1,NA,NA,NA,NA,1,NA,NA
nxlk-v,lk-v,nxlk,v,569705,high,test,nxlkv,0,0,NA,0,0,0,0,NA,NA,0
nxlk-ta,lk-t,nxlk,ta,569705,high,test,nxlkda,0,0,NA,0,1,0,1,NA,NA,1
nxlk-na,lk-n,nxlk,na,569705,high,test,nxNna,1,1,1,0,NA,0,1,1,0,NA
tvlp-ta,lp-t,tvlp,ta,569705,nonce,test,tvlpda,0,0,NA,0,1,0,0,NA,NA,1
tvlp-na,lp-n,tvlp,na,569705,nonce,test,tvlpna,0,0,0,0,NA,0,0,1,0,NA
tvlp-v,lp-v,tvlp,v,569705,nonce,test,tvlpv,0,0,NA,0,0,0,0,NA,NA,0
tok-na,k-n,tok,na,569705,nonce,test,toNna,NA,NA,1,NA,NA,NA,NA,0,NA,NA
tok-ta,k-t,tok,ta,569705,nonce,test,tokda,NA,NA,NA,NA,1,NA,NA,NA,NA,1
tok-a,k-a,tok,a,569705,nonce,test,toka,NA,NA,NA,NA,0,NA,NA,NA,NA,0
tup-na,p-n,tup,na,569705,nonce,test,tumna,NA,NA,1,NA,NA,NA,NA,0,NA,NA
tup-v,p-v,tup,v,569705,nonce,test,tupv,NA,NA,NA,NA,0,NA,NA,NA,NA,0
tup-ta,p-t,tup,ta,569705,nonce,test,tupda,NA,NA,NA,NA,1,NA,NA,NA,NA,1
txlk-na,lk-n,txlk,na,569705,nonce,test,txNna,1,1,1,0,NA,0,1,0,0,NA
txlk-v,lk-v,txlk,v,569705,nonce,test,txlkv,0,0,NA,0,0,0,0,NA,NA,0
txlk-ta,lk-t,txlk,ta,569705,nonce,test,txlkda,0,0,NA,0,1,0,1,NA,NA,1
dvlp-v,lp-v,dvlp,v,569705,low,test,dvlpv,0,0,NA,0,1,0,0,NA,NA,0
dvlp-na,lp-n,dvlp,na,569705,low,test,dvlpna,0,0,0,0,NA,0,0,0,0,NA
dvlp-ta,lp-t,dvlp,ta,569705,low,test,dvlpda,0,0,NA,0,1,1,0,NA,NA,1
mak-a,k-a,mak,a,569705,high,test,maka,NA,NA,NA,NA,0,NA,NA,NA,NA,0
mak-ta,k-t,mak,ta,569705,high,test,makda,NA,NA,NA,NA,1,NA,NA,NA,NA,1
mak-na,k-n,mak,na,569705,high,test,maNna,NA,NA,1,NA,NA,NA,NA,1,NA,NA
malk-a,lk-a,malk,a,569705,high,test,malka,0,0,NA,0,0,0,0,NA,NA,0
malk-na,lk-n,malk,na,569705,high,test,maNna,1,1,1,0,NA,0,1,0,0,NA
malk-ta,lk-t,malk,ta,569705,high,test,malda,1,0,NA,0,1,1,0,NA,NA,1
mvlk-ta,lk-t,mvlk,ta,569705,nonce,test,mvlda,1,0,NA,0,1,0,0,NA,NA,1
mvlk-v,lk-v,mvlk,v,569705,nonce,test,mvlkv,0,0,NA,0,0,0,0,NA,NA,0
mvlk-na,lk-n,mvlk,na,569705,nonce,test,mvlkna,0,0,0,0,NA,0,1,1,0,NA
muk-na,k-n,muk,na,569705,low,test,muNna,NA,NA,1,NA,NA,NA,NA,1,NA,NA
muk-v,k-v,muk,v,569705,low,test,mukv,NA,NA,NA,NA,0,NA,NA,NA,NA,1
muk-ta,k-t,muk,ta,569705,low,test,mukda,NA,NA,NA,NA,1,NA,NA,NA,NA,1
mulk-ta,lk-t,mulk,ta,569705,low,test,mulda,1,0,NA,0,1,0,0,NA,NA,1
mulk-na,lk-n,mulk,na,569705,low,test,muNna,1,1,1,0,NA,0,0,0,0,NA
mulk-v,lk-v,mulk,v,569705,low,test,mulkv,0,0,NA,0,0,0,0,NA,NA,0
pak-na,k-n,pak,na,569705,high,test,paNna,NA,NA,1,NA,NA,NA,NA,0,NA,NA
pak-a,k-a,pak,a,569705,high,test,paka,NA,NA,NA,NA,0,NA,NA,NA,NA,0
pak-ta,k-t,pak,ta,569705,high,test,pakda,NA,NA,NA,NA,1,NA,NA,NA,NA,1
palk-na,lk-n,palk,na,569705,high,test,palkna,0,0,0,0,NA,0,0,0,0,NA
palk-ta,lk-t,palk,ta,569705,high,test,palda,1,0,NA,0,1,0,0,NA,NA,1
palk-a,lk-a,palk,a,569705,high,test,palka,0,0,NA,0,0,0,0,NA,NA,0
palp-na,lp-n,palp,na,569705,high,test,palpna,0,0,0,0,NA,0,0,0,0,NA
palp-a,lp-a,palp,a,569705,high,test,palpa,0,0,NA,0,0,0,0,NA,NA,0
palp-ta,lp-t,palp,ta,569705,high,test,palpda,0,0,NA,0,1,1,0,NA,NA,1
peT-v,T-v,peT,v,569705,low,test,petv,NA,NA,NA,NA,0,NA,NA,NA,NA,0
peT-na,T-n,peT,na,569705,low,test,penna,NA,NA,1,NA,NA,NA,NA,1,NA,NA
peT-ta,T-t,peT,ta,569705,low,test,petda,NA,NA,NA,NA,1,NA,NA,NA,NA,1
kvp-na,p-n,kvp,na,569705,nonce,test,pvmna,NA,NA,1,NA,NA,NA,NA,0,NA,NA
kvp-ta,p-t,kvp,ta,569705,nonce,test,pvpda,NA,NA,NA,NA,1,NA,NA,NA,NA,1
kvp-v,p-v,kvp,v,569705,nonce,test,pvpv,NA,NA,NA,NA,0,NA,NA,NA,NA,0
pulk-ta,lk-t,pulk,ta,569705,high,test,pulda,1,0,NA,0,1,1,0,NA,NA,1
pulk-v,lk-v,pulk,v,569705,high,test,pulkv,0,0,NA,0,0,0,0,NA,NA,0
pulk-na,lk-n,pulk,na,569705,high,test,pulkna,0,0,0,0,NA,0,1,0,0,NA
pulT-ta,lT-t,pulT,ta,569705,nonce,test,pulda,1,0,NA,0,1,0,1,NA,NA,1
pulT-na,lT-n,pulT,na,569705,nonce,test,pulna,1,0,0,0,NA,0,1,1,0,NA
pulT-v,lT-v,pulT,v,569705,nonce,test,pultv,1,0,NA,0,0,0,1,NA,NA,0
bop-na,p-n,bop,na,569705,high,test,bomna,NA,NA,1,NA,NA,NA,NA,0,NA,NA
bop-ta,p-t,bop,ta,569705,high,test,bopda,NA,NA,NA,NA,1,NA,NA,NA,NA,1
bop-a,p-a,bop,a,569705,high,test,bopa,NA,NA,NA,NA,1,NA,NA,NA,NA,0
sok-a,k-a,sok,a,569705,low,test,soka,NA,NA,NA,NA,0,NA,NA,NA,NA,0
sok-ta,k-t,sok,ta,569705,low,test,sokda,NA,NA,NA,NA,1,NA,NA,NA,NA,1
sok-na,k-n,sok,na,569705,low,test,soNna,NA,NA,1,NA,NA,NA,NA,1,NA,NA
sulk-na,lk-n,sulk,na,569705,nonce,test,suNna,1,1,1,0,NA,0,1,1,0,NA
sulk-ta,lk-t,sulk,ta,569705,nonce,test,sulda,1,0,NA,0,1,0,1,NA,NA,1
sulk-v,lk-v,sulk,v,569705,nonce,test,sulkv,0,0,NA,0,0,0,0,NA,NA,0
sik-v,k-v,sik,v,569705,low,test,sikv,NA,NA,NA,NA,0,NA,NA,NA,NA,0
sik-ta,k-t,sik,ta,569705,low,test,sikda,NA,NA,NA,NA,1,NA,NA,NA,NA,1
sik-na,k-n,sik,na,569705,low,test,siNna,NA,NA,1,NA,NA,NA,NA,0,NA,NA
Svk-v,k-v,Svk,v,569705,high,test,Svkv,NA,NA,NA,NA,0,NA,NA,NA,NA,0
Svk-ta,k-t,Svk,ta,569705,high,test,Svkda,NA,NA,NA,NA,1,NA,NA,NA,NA,1
Svk-na,k-n,Svk,na,569705,high,test,SvNna,NA,NA,1,NA,NA,NA,NA,0,NA,NA
Sip-na,p-n,Sip,na,569705,high,test,Simna,NA,NA,1,NA,NA,NA,NA,0,NA,NA
Sip-v,p-v,Sip,v,569705,high,test,Sipv,NA,NA,NA,NA,0,NA,NA,NA,NA,0
Sip-ta,p-t,Sip,ta,569705,high,test,Sipda,NA,NA,NA,NA,1,NA,NA,NA,NA,1
alk-na,lk-n,alk,na,569705,nonce,test,alkna,NA,0,0,0,NA,0,1,1,0,NA
alk-ta,lk-t,alk,ta,569705,nonce,test,alkda,NA,0,NA,0,1,0,1,NA,NA,0
alk-a,lk-a,alk,a,569705,nonce,test,alka,NA,0,NA,0,0,0,0,NA,NA,0
yalp-ta,lp-t,yalp,ta,569705,low,test,yalpda,0,0,NA,0,1,0,0,NA,NA,1
yalp-na,lp-n,yalp,na,569705,low,test,yalmna,1,0,1,0,NA,0,0,0,0,NA
yalp-a,lp-a,yalp,a,569705,low,test,yalpa,0,0,NA,0,0,0,0,NA,NA,0
yaT-ta,T-t,yaT,ta,569705,low,test,yatda,NA,NA,NA,NA,1,NA,NA,NA,NA,1
yaT-a,T-a,yaT,a,569705,low,test,yata,NA,NA,NA,NA,0,NA,NA,NA,NA,0
yaT-na,T-n,yaT,na,569705,low,test,yanna,NA,NA,1,NA,NA,NA,NA,1,NA,NA
vlk-v,lk-v,vlk,v,569705,low,test,vlkv,NA,0,NA,0,0,0,0,NA,NA,0
vlk-ta,lk-t,vlk,ta,569705,low,test,vlkda,NA,0,NA,0,1,0,1,NA,NA,1
vlk-na,lk-n,vlk,na,569705,low,test,vlkna,NA,0,0,0,NA,0,0,0,0,NA
vp-na,p-n,vp,na,569705,low,test,vmna,NA,NA,1,NA,NA,NA,NA,0,NA,NA
vp-v,p-v,vp,v,569705,low,test,vpv,NA,NA,NA,NA,0,NA,NA,NA,NA,0
vp-ta,p-t,vp,ta,569705,low,test,vpda,NA,NA,NA,NA,1,NA,NA,NA,NA,1
vP-ta,P-t,vP,ta,569705,low,test,vpda,NA,NA,NA,NA,1,NA,NA,NA,NA,1
vP-v,P-v,vP,v,569705,low,test,vpv,NA,NA,NA,NA,0,NA,NA,NA,NA,0
vP-na,P-n,vP,na,569705,low,test,vmna,NA,NA,1,NA,NA,NA,NA,0,NA,NA
yvlp-na,lp-n,yvlp,na,569705,low,test,jvlpna,1,0,0,0,NA,0,0,0,0,NA
yvlp-v,lp-v,yvlp,v,569705,low,test,jvlpv,1,0,NA,0,0,0,0,NA,NA,0
yvlp-ta,lp-t,yvlp,ta,569705,low,test,jvlpda,1,0,NA,0,1,1,0,NA,NA,1
yvT-v,T-v,yvT,v,569705,low,test,jvtv,NA,NA,NA,NA,0,NA,NA,NA,NA,0
yvT-na,T-n,yvT,na,569705,low,test,jvnna,NA,NA,1,NA,NA,NA,NA,0,NA,NA
yvT-ta,T-t,yvT,ta,569705,low,test,jvtda,NA,NA,NA,NA,1,NA,NA,NA,NA,1
up-ta,p-t,up,ta,569705,nonce,test,upda,NA,NA,NA,NA,1,NA,NA,NA,NA,1
up-na,p-n,up,na,569705,nonce,test,umna,NA,NA,1,NA,NA,NA,NA,0,NA,NA
up-v,p-v,up,v,569705,nonce,test,upv,NA,NA,NA,NA,0,NA,NA,NA,NA,0
xlP-v,lP-v,xlP,v,569705,low,test,xlpv,NA,0,NA,0,0,0,0,NA,NA,0
xlP-ta,lP-t,xlP,ta,569705,low,test,xlpda,NA,0,NA,0,1,0,1,NA,NA,0
xlP-na,lP-n,xlP,na,569705,low,test,xmna,NA,1,1,0,NA,0,1,0,0,NA
ik-v,k-v,ik,v,569705,low,test,ikv,NA,NA,NA,NA,0,NA,NA,NA,NA,0
ik-na,k-n,ik,na,569705,low,test,iNna,NA,NA,1,NA,NA,NA,NA,0,NA,NA
ik-ta,k-t,ik,ta,569705,low,test,ikda,NA,NA,NA,NA,1,NA,NA,NA,NA,1
ilk-na,lk-n,ilk,na,569705,high,test,iNna,NA,1,1,0,NA,0,1,0,0,NA
ilk-ta,lk-t,ilk,ta,569705,high,test,ilkda,NA,0,NA,0,1,0,0,NA,NA,1
ilk-v,lk-v,ilk,v,569705,high,test,ilkv,NA,0,NA,0,0,0,0,NA,NA,0
ip-ta,p-t,ip,ta,569705,high,test,ipda,NA,NA,NA,NA,1,NA,NA,NA,NA,1
ip-na,p-n,ip,na,569705,high,test,imna,NA,NA,1,NA,NA,NA,NA,0,NA,NA
ip-v,p-v,ip,v,569705,high,test,ipv,NA,NA,NA,NA,0,NA,NA,NA,NA,0
cak-na,k-n,cak,na,569705,high,test,caNna,NA,NA,1,NA,NA,NA,NA,0,NA,NA
cak-ta,k-t,cak,ta,569705,high,test,cakda,NA,NA,NA,NA,1,NA,NA,NA,NA,1
cak-a,k-a,cak,a,569705,high,test,caka,NA,NA,NA,NA,0,NA,NA,NA,NA,0
cvk-na,k-n,cvk,na,569705,high,test,cvNna,NA,NA,1,NA,NA,NA,NA,1,NA,NA
cvk-ta,k-t,cvk,ta,569705,high,test,cvkda,NA,NA,NA,NA,1,NA,NA,NA,NA,1
cvk-v,k-v,cvk,v,569705,high,test,cvkv,NA,NA,NA,NA,0,NA,NA,NA,NA,0
cvp-na,p-n,cvp,na,569705,high,test,cvmna,NA,NA,1,NA,NA,NA,NA,0,NA,NA
cvp-v,p-v,cvp,v,569705,high,test,cvpv,NA,NA,NA,NA,0,NA,NA,NA,NA,0
cvp-ta,p-t,cvp,ta,569705,high,test,cvpda,NA,NA,NA,NA,1,NA,NA,NA,NA,1
cik-ta,k-t,cik,ta,569705,nonce,test,cikda,NA,NA,NA,NA,1,NA,NA,NA,NA,1
cik-na,k-n,cik,na,569705,nonce,test,ciNna,NA,NA,1,NA,NA,NA,NA,0,NA,NA
cik-v,k-v,cik,v,569705,nonce,test,cikv,NA,NA,NA,NA,0,NA,NA,NA,NA,0
cilk-ta,lk-t,cilk,ta,569705,nonce,test,cilkda,0,0,NA,0,1,0,0,NA,NA,1
cilk-na,lk-n,cilk,na,569705,nonce,test,ciNna,1,1,1,0,NA,0,1,0,0,NA
cilk-v,lk-v,cilk,v,569705,nonce,test,cilkv,0,0,NA,0,0,0,0,NA,NA,0
cip-v,p-v,cip,v,569705,high,test,cipv,NA,NA,NA,NA,0,NA,NA,NA,NA,0
cip-na,p-n,cip,na,569705,high,test,cimna,NA,NA,1,NA,NA,NA,NA,0,NA,NA
cip-ta,p-t,cip,ta,569705,high,test,cipda,NA,NA,NA,NA,1,NA,NA,NA,NA,1
Jalp-na,lp-n,Jalp,na,569705,high,test,Jalmna,1,0,1,0,NA,0,0,0,0,NA
Jalp-ta,lp-t,Jalp,ta,569705,high,test,Jalda,1,0,NA,0,1,1,0,NA,NA,1
Jalp-a,lp-a,Jalp,a,569705,high,test,Jalpa,0,0,NA,0,0,0,0,NA,NA,0
Jik-v,k-v,Jik,v,569705,low,test,Jikv,NA,NA,NA,NA,0,NA,NA,NA,NA,0
Jik-ta,k-t,Jik,ta,569705,low,test,Jikda,NA,NA,NA,NA,1,NA,NA,NA,NA,1
Jik-na,k-n,Jik,na,569705,low,test,JiNna,NA,NA,1,NA,NA,NA,NA,1,NA,NA
Cak-a,k-a,Cak,a,569705,nonce,test,Caka,NA,NA,NA,NA,0,NA,NA,NA,NA,0
Cak-na,k-n,Cak,na,569705,nonce,test,CaNna,NA,NA,1,NA,NA,NA,NA,0,NA,NA
Cak-ta,k-t,Cak,ta,569705,nonce,test,Cakda,NA,NA,NA,NA,1,NA,NA,NA,NA,1
Top-a,p-a,Top,a,569705,nonce,test,Topa,NA,NA,NA,NA,0,NA,NA,NA,NA,0
Top-ta,p-t,Top,ta,569705,nonce,test,Topda,NA,NA,NA,NA,1,NA,NA,NA,NA,1
Top-na,p-n,Top,na,569705,nonce,test,Tomna,NA,NA,1,NA,NA,NA,NA,0,NA,NA
halT-na,lT-n,halT,na,569705,low,test,halna,1,0,0,0,NA,0,0,0,0,NA
halT-a,lT-a,halT,a,569705,low,test,halta,1,0,NA,0,0,0,0,NA,NA,0
halT-ta,lT-t,halT,ta,569705,low,test,halda,1,0,NA,0,1,1,0,NA,NA,1
hulT-ta,lT-t,hulT,ta,569705,low,test,hulda,1,0,NA,0,1,1,0,NA,NA,1
hulT-v,lT-v,hulT,v,569705,low,test,hultv,1,0,NA,0,0,0,1,NA,NA,0
hulT-na,lT-n,hulT,na,569705,low,test,hulna,1,0,0,0,NA,0,1,0,0,NA
kalk-na,lk-n,kalk,na,579254,low,test,kalkna,0,0,0,0,NA,0,1,1,0,NA
kalk-a,lk-a,kalk,a,579254,low,test,kalka,0,0,NA,0,0,0,0,NA,NA,0
kalk-ta,lk-t,kalk,ta,579254,low,test,kalda,1,0,NA,0,1,0,1,NA,NA,1
kvP-v,P-v,kvP,v,579254,nonce,test,kvpv,NA,NA,NA,NA,0,NA,NA,NA,NA,0
kvP-na,P-n,kvP,na,579254,nonce,test,kvmna,NA,NA,1,NA,NA,NA,NA,1,NA,NA
kvP-ta,P-t,kvP,ta,579254,nonce,test,kvpda,NA,NA,NA,NA,1,NA,NA,NA,NA,1
kjvlp-v,lp-v,kjvlp,v,579254,nonce,test,kyvlpv,1,0,NA,0,0,0,0,NA,NA,0
kjvlp-na,lp-n,kjvlp,na,579254,nonce,test,kyvlpna,1,0,0,0,NA,0,1,1,0,NA
kjvlp-ta,lp-t,kjvlp,ta,579254,nonce,test,kyvlpda,1,0,NA,0,1,0,1,NA,NA,1
kulk-v,lk-v,kulk,v,579254,high,test,kulkv,0,0,NA,0,0,0,0,NA,NA,0
kulk-na,lk-n,kulk,na,579254,high,test,kuNna,1,1,1,0,NA,0,1,1,0,NA
kulk-ta,lk-t,kulk,ta,579254,high,test,kulda,1,0,NA,0,1,0,1,NA,NA,1
kxlk-na,lk-n,kxlk,na,579254,low,test,kxNna,1,1,1,0,NA,0,1,1,0,NA
kxlk-v,lk-v,kxlk,v,579254,low,test,kxlkv,0,0,NA,0,0,0,0,NA,NA,0
kxlk-ta,lk-t,kxlk,ta,579254,low,test,kxlkda,0,0,NA,0,1,0,1,NA,NA,1
kxlP-v,lP-v,kxlP,v,579254,nonce,test,kxlpv,1,0,NA,0,0,0,0,NA,NA,0
kxlP-ta,lP-t,kxlP,ta,579254,nonce,test,kxlpda,1,0,NA,0,1,0,1,NA,NA,1
kxlP-na,lP-n,kxlP,na,579254,nonce,test,kxlmna,1,0,1,0,NA,0,1,1,0,NA
nalk-ta,lk-t,nalk,ta,579254,high,test,nalda,1,0,NA,0,1,0,1,NA,NA,1
nalk-a,lk-a,nalk,a,579254,high,test,nalka,0,0,NA,0,0,0,0,NA,NA,0
nalk-na,lk-n,nalk,na,579254,high,test,nalkna,0,0,0,0,NA,0,1,1,0,NA
nalp-na,lp-n,nalp,na,579254,nonce,test,nalmna,1,0,1,0,NA,0,1,1,0,NA
nalp-a,lp-a,nalp,a,579254,nonce,test,nalpa,0,0,NA,0,0,0,0,NA,NA,0
nalp-ta,lp-t,nalp,ta,579254,nonce,test,nalpda,0,0,NA,0,1,1,0,NA,NA,1
neT-na,T-n,neT,na,579254,nonce,test,nenna,NA,NA,1,NA,NA,NA,NA,1,NA,NA
neT-ta,T-t,neT,ta,579254,nonce,test,netda,NA,NA,NA,NA,1,NA,NA,NA,NA,1
neT-v,T-v,neT,v,579254,nonce,test,netv,NA,NA,NA,NA,0,NA,NA,NA,NA,0
nvlp-na,lp-n,nvlp,na,579254,high,test,nvlpna,0,0,0,0,NA,0,1,1,0,NA
nvlp-ta,lp-t,nvlp,ta,579254,high,test,nvlda,1,0,NA,0,1,1,0,NA,NA,1
nvlp-v,lp-v,nvlp,v,579254,high,test,nvlpv,0,0,NA,0,0,0,0,NA,NA,0
nuk-v,k-v,nuk,v,579254,nonce,test,nukv,NA,NA,NA,NA,0,NA,NA,NA,NA,0
nuk-na,k-n,nuk,na,579254,nonce,test,nuNna,NA,NA,1,NA,NA,NA,NA,1,NA,NA
nuk-ta,k-t,nuk,ta,579254,nonce,test,nukda,NA,NA,NA,NA,1,NA,NA,NA,NA,1
nxlk-v,lk-v,nxlk,v,579254,high,test,nxlkv,0,0,NA,0,0,0,0,NA,NA,0
nxlk-na,lk-n,nxlk,na,579254,high,test,nxNna,1,1,1,0,NA,0,1,1,0,NA
nxlk-ta,lk-t,nxlk,ta,579254,high,test,nxlkda,0,0,NA,0,1,0,1,NA,NA,1
tvlp-na,lp-n,tvlp,na,579254,nonce,test,tvlpna,0,0,0,0,NA,0,1,1,0,NA
tvlp-v,lp-v,tvlp,v,579254,nonce,test,tvlpv,0,0,NA,0,0,0,0,NA,NA,0
tvlp-ta,lp-t,tvlp,ta,579254,nonce,test,tvlpda,0,0,NA,0,1,0,1,NA,NA,1
tok-na,k-n,tok,na,579254,nonce,test,toNna,NA,NA,1,NA,NA,NA,NA,1,NA,NA
tok-a,k-a,tok,a,579254,nonce,test,toka,NA,NA,NA,NA,0,NA,NA,NA,NA,0
tok-ta,k-t,tok,ta,579254,nonce,test,tokda,NA,NA,NA,NA,1,NA,NA,NA,NA,1
tup-v,p-v,tup,v,579254,nonce,test,tupv,NA,NA,NA,NA,0,NA,NA,NA,NA,0
tup-ta,p-t,tup,ta,579254,nonce,test,tupda,NA,NA,NA,NA,1,NA,NA,NA,NA,1
tup-na,p-n,tup,na,579254,nonce,test,tumna,NA,NA,1,NA,NA,NA,NA,1,NA,NA
txlk-na,lk-n,txlk,na,579254,nonce,test,txNna,1,1,1,0,NA,0,1,1,0,NA
txlk-ta,lk-t,txlk,ta,579254,nonce,test,txlkda,0,0,NA,0,1,0,1,NA,NA,1
txlk-v,lk-v,txlk,v,579254,nonce,test,txlkv,0,0,NA,0,0,0,0,NA,NA,0
dvlp-v,lp-v,dvlp,v,579254,low,test,dvlpv,0,0,NA,0,1,0,0,NA,NA,0
dvlp-na,lp-n,dvlp,na,579254,low,test,dvlpna,0,0,0,0,NA,0,1,1,0,NA
dvlp-ta,lp-t,dvlp,ta,579254,low,test,dvlpda,0,0,NA,0,1,1,0,NA,NA,1
mak-a,k-a,mak,a,579254,high,test,maka,NA,NA,NA,NA,0,NA,NA,NA,NA,0
mak-ta,k-t,mak,ta,579254,high,test,makda,NA,NA,NA,NA,1,NA,NA,NA,NA,1
mak-na,k-n,mak,na,579254,high,test,maNna,NA,NA,1,NA,NA,NA,NA,1,NA,NA
malk-ta,lk-t,malk,ta,579254,high,test,malda,1,0,NA,0,1,0,1,NA,NA,1
malk-na,lk-n,malk,na,579254,high,test,maNna,1,1,1,0,NA,0,1,1,0,NA
malk-a,lk-a,malk,a,579254,high,test,malka,0,0,NA,0,0,0,0,NA,NA,0
mvlk-na,lk-n,mvlk,na,579254,nonce,test,mvlkna,0,0,0,0,NA,0,1,1,0,NA
mvlk-ta,lk-t,mvlk,ta,579254,nonce,test,mvlda,1,0,NA,0,1,0,1,NA,NA,1
mvlk-v,lk-v,mvlk,v,579254,nonce,test,mvlkv,0,0,NA,0,0,0,0,NA,NA,0
muk-v,k-v,muk,v,579254,low,test,mukv,NA,NA,NA,NA,0,NA,NA,NA,NA,0
muk-ta,k-t,muk,ta,579254,low,test,mukda,NA,NA,NA,NA,1,NA,NA,NA,NA,1
muk-na,k-n,muk,na,579254,low,test,muNna,NA,NA,1,NA,NA,NA,NA,1,NA,NA
mulk-v,lk-v,mulk,v,579254,low,test,mulkv,0,0,NA,0,0,0,0,NA,NA,0
mulk-na,lk-n,mulk,na,579254,low,test,muNna,1,1,1,0,NA,0,1,1,0,NA
mulk-ta,lk-t,mulk,ta,579254,low,test,mulda,1,0,NA,0,1,0,1,NA,NA,1
pak-na,k-n,pak,na,579254,high,test,paNna,NA,NA,1,NA,NA,NA,NA,1,NA,NA
pak-ta,k-t,pak,ta,579254,high,test,pakda,NA,NA,NA,NA,1,NA,NA,NA,NA,1
pak-a,k-a,pak,a,579254,high,test,paka,NA,NA,NA,NA,0,NA,NA,NA,NA,0
palk-a,lk-a,palk,a,579254,high,test,palka,0,0,NA,0,0,0,0,NA,NA,0
palk-na,lk-n,palk,na,579254,high,test,palkna,0,0,0,0,NA,0,1,1,0,NA
palk-ta,lk-t,palk,ta,579254,high,test,palda,1,0,NA,0,1,0,1,NA,NA,1
palp-na,lp-n,palp,na,579254,high,test,palpna,0,0,0,0,NA,0,1,1,0,NA
palp-a,lp-a,palp,a,579254,high,test,palpa,0,0,NA,0,0,0,0,NA,NA,0
palp-ta,lp-t,palp,ta,579254,high,test,palpda,0,0,NA,0,1,0,1,NA,NA,1
peT-ta,T-t,peT,ta,579254,low,test,petda,NA,NA,NA,NA,1,NA,NA,NA,NA,1
peT-v,T-v,peT,v,579254,low,test,petv,NA,NA,NA,NA,0,NA,NA,NA,NA,0
peT-na,T-n,peT,na,579254,low,test,penna,NA,NA,1,NA,NA,NA,NA,1,NA,NA
kvp-v,p-v,kvp,v,579254,nonce,test,pvpv,NA,NA,NA,NA,0,NA,NA,NA,NA,0
kvp-ta,p-t,kvp,ta,579254,nonce,test,pvpda,NA,NA,NA,NA,1,NA,NA,NA,NA,1
kvp-na,p-n,kvp,na,579254,nonce,test,pvmna,NA,NA,1,NA,NA,NA,NA,1,NA,NA
pulk-ta,lk-t,pulk,ta,579254,high,test,pulda,1,0,NA,0,1,0,1,NA,NA,1
pulk-v,lk-v,pulk,v,579254,high,test,pulkv,0,0,NA,0,0,0,0,NA,NA,0
pulk-na,lk-n,pulk,na,579254,high,test,pulkna,0,0,0,0,NA,0,1,1,0,NA
pulT-v,lT-v,pulT,v,579254,nonce,test,pultv,1,0,NA,0,0,0,0,NA,NA,0
pulT-na,lT-n,pulT,na,579254,nonce,test,pulna,1,0,0,0,NA,0,1,1,0,NA
bop-ta,p-t,bop,ta,579254,high,test,bopda,NA,NA,NA,NA,1,NA,NA,NA,NA,1
bop-na,p-n,bop,na,579254,high,test,bomna,NA,NA,1,NA,NA,NA,NA,1,NA,NA
bop-a,p-a,bop,a,579254,high,test,bopa,NA,NA,NA,NA,1,NA,NA,NA,NA,0
sok-a,k-a,sok,a,579254,low,test,soka,NA,NA,NA,NA,0,NA,NA,NA,NA,0
sok-na,k-n,sok,na,579254,low,test,soNna,NA,NA,1,NA,NA,NA,NA,1,NA,NA
sok-ta,k-t,sok,ta,579254,low,test,sokda,NA,NA,NA,NA,1,NA,NA,NA,NA,1
sulk-na,lk-n,sulk,na,579254,nonce,test,suNna,1,1,1,0,NA,0,1,1,0,NA
sulk-v,lk-v,sulk,v,579254,nonce,test,sulkv,0,0,NA,0,0,0,0,NA,NA,0
sulk-ta,lk-t,sulk,ta,579254,nonce,test,sulda,1,0,NA,0,1,0,1,NA,NA,1
sik-v,k-v,sik,v,579254,low,test,sikv,NA,NA,NA,NA,0,NA,NA,NA,NA,0
sik-na,k-n,sik,na,579254,low,test,siNna,NA,NA,1,NA,NA,NA,NA,1,NA,NA
sik-ta,k-t,sik,ta,579254,low,test,sikda,NA,NA,NA,NA,1,NA,NA,NA,NA,1
Svk-na,k-n,Svk,na,579254,high,test,SvNna,NA,NA,1,NA,NA,NA,NA,1,NA,NA
Svk-v,k-v,Svk,v,579254,high,test,Svkv,NA,NA,NA,NA,0,NA,NA,NA,NA,0
Svk-ta,k-t,Svk,ta,579254,high,test,Svkda,NA,NA,NA,NA,1,NA,NA,NA,NA,1
Sip-na,p-n,Sip,na,579254,high,test,Simna,NA,NA,1,NA,NA,NA,NA,1,NA,NA
Sip-ta,p-t,Sip,ta,579254,high,test,Sipda,NA,NA,NA,NA,1,NA,NA,NA,NA,1
Sip-v,p-v,Sip,v,579254,high,test,Sipv,NA,NA,NA,NA,0,NA,NA,NA,NA,0
alk-a,lk-a,alk,a,579254,nonce,test,alka,NA,0,NA,0,0,0,0,NA,NA,0
alk-ta,lk-t,alk,ta,579254,nonce,test,alkda,NA,0,NA,0,1,0,1,NA,NA,1
alk-na,lk-n,alk,na,579254,nonce,test,alkna,NA,0,0,0,NA,0,1,1,0,NA
yalp-a,lp-a,yalp,a,579254,low,test,yalpa,0,0,NA,0,0,0,0,NA,NA,0
yalp-na,lp-n,yalp,na,579254,low,test,yalmna,1,0,1,0,NA,0,1,1,0,NA
yalp-ta,lp-t,yalp,ta,579254,low,test,yalpda,0,0,NA,0,1,1,0,NA,NA,1
yaT-a,T-a,yaT,a,579254,low,test,yata,NA,NA,NA,NA,0,NA,NA,NA,NA,0
yaT-ta,T-t,yaT,ta,579254,low,test,yatda,NA,NA,NA,NA,1,NA,NA,NA,NA,1
yaT-na,T-n,yaT,na,579254,low,test,yanna,NA,NA,1,NA,NA,NA,NA,1,NA,NA
vlk-ta,lk-t,vlk,ta,579254,low,test,vlkda,NA,0,NA,0,1,0,1,NA,NA,1
vlk-na,lk-n,vlk,na,579254,low,test,vlkna,NA,0,0,0,NA,0,1,1,0,NA
vlk-v,lk-v,vlk,v,579254,low,test,vlkv,NA,0,NA,0,0,0,0,NA,NA,0
vp-v,p-v,vp,v,579254,low,test,vpv,NA,NA,NA,NA,0,NA,NA,NA,NA,0
vp-ta,p-t,vp,ta,579254,low,test,vpda,NA,NA,NA,NA,1,NA,NA,NA,NA,1
vp-na,p-n,vp,na,579254,low,test,vmna,NA,NA,1,NA,NA,NA,NA,1,NA,NA
vP-ta,P-t,vP,ta,579254,low,test,vpda,NA,NA,NA,NA,1,NA,NA,NA,NA,1
vP-v,P-v,vP,v,579254,low,test,vpv,NA,NA,NA,NA,0,NA,NA,NA,NA,0
vP-na,P-n,vP,na,579254,low,test,vmna,NA,NA,1,NA,NA,NA,NA,1,NA,NA
yvlp-v,lp-v,yvlp,v,579254,low,test,jvlpv,1,0,NA,0,0,0,0,NA,NA,0
yvlp-ta,lp-t,yvlp,ta,579254,low,test,jvlpda,1,0,NA,0,1,1,0,NA,NA,1
yvlp-na,lp-n,yvlp,na,579254,low,test,jvlpna,1,0,0,0,NA,0,1,1,0,NA
yvT-na,T-n,yvT,na,579254,low,test,jvnna,NA,NA,1,NA,NA,NA,NA,1,NA,NA
yvT-v,T-v,yvT,v,579254,low,test,jvtv,NA,NA,NA,NA,0,NA,NA,NA,NA,0
yvT-ta,T-t,yvT,ta,579254,low,test,jvtda,NA,NA,NA,NA,1,NA,NA,NA,NA,1
up-v,p-v,up,v,579254,nonce,test,upv,NA,NA,NA,NA,0,NA,NA,NA,NA,0
up-ta,p-t,up,ta,579254,nonce,test,upda,NA,NA,NA,NA,1,NA,NA,NA,NA,1
up-na,p-n,up,na,579254,nonce,test,umna,NA,NA,1,NA,NA,NA,NA,1,NA,NA
xlP-na,lP-n,xlP,na,579254,low,test,xmna,NA,1,1,0,NA,0,1,1,0,NA
xlP-ta,lP-t,xlP,ta,579254,low,test,xlpda,NA,0,NA,0,1,0,1,NA,NA,1
xlP-v,lP-v,xlP,v,579254,low,test,xlpv,NA,0,NA,0,0,0,0,NA,NA,0
ik-ta,k-t,ik,ta,579254,low,test,ikda,NA,NA,NA,NA,1,NA,NA,NA,NA,1
ik-v,k-v,ik,v,579254,low,test,ikv,NA,NA,NA,NA,0,NA,NA,NA,NA,0
ik-na,k-n,ik,na,579254,low,test,iNna,NA,NA,1,NA,NA,NA,NA,1,NA,NA
ilk-ta,lk-t,ilk,ta,579254,high,test,ilkda,NA,0,NA,0,1,0,1,NA,NA,1
ilk-na,lk-n,ilk,na,579254,high,test,iNna,NA,1,1,0,NA,0,1,1,0,NA
ilk-v,lk-v,ilk,v,579254,high,test,ilkv,NA,0,NA,0,0,0,0,NA,NA,0
ip-v,p-v,ip,v,579254,high,test,ipv,NA,NA,NA,NA,0,NA,NA,NA,NA,0
ip-ta,p-t,ip,ta,579254,high,test,ipda,NA,NA,NA,NA,1,NA,NA,NA,NA,1
ip-na,p-n,ip,na,579254,high,test,imna,NA,NA,1,NA,NA,NA,NA,1,NA,NA
cak-ta,k-t,cak,ta,579254,high,test,cakda,NA,NA,NA,NA,1,NA,NA,NA,NA,1
cak-a,k-a,cak,a,579254,high,test,caka,NA,NA,NA,NA,0,NA,NA,NA,NA,0
cak-na,k-n,cak,na,579254,high,test,caNna,NA,NA,1,NA,NA,NA,NA,1,NA,NA
cvk-na,k-n,cvk,na,579254,high,test,cvNna,NA,NA,1,NA,NA,NA,NA,1,NA,NA
cvk-v,k-v,cvk,v,579254,high,test,cvkv,NA,NA,NA,NA,0,NA,NA,NA,NA,0
cvk-ta,k-t,cvk,ta,579254,high,test,cvkda,NA,NA,NA,NA,1,NA,NA,NA,NA,1
cvp-v,p-v,cvp,v,579254,high,test,cvpv,NA,NA,NA,NA,0,NA,NA,NA,NA,0
cvp-na,p-n,cvp,na,579254,high,test,cvmna,NA,NA,1,NA,NA,NA,NA,1,NA,NA
cvp-ta,p-t,cvp,ta,579254,high,test,cvpda,NA,NA,NA,NA,1,NA,NA,NA,NA,1
cik-v,k-v,cik,v,579254,nonce,test,cikv,NA,NA,NA,NA,0,NA,NA,NA,NA,0
cik-ta,k-t,cik,ta,579254,nonce,test,cikda,NA,NA,NA,NA,1,NA,NA,NA,NA,1
cik-na,k-n,cik,na,579254,nonce,test,ciNna,NA,NA,1,NA,NA,NA,NA,1,NA,NA
cilk-na,lk-n,cilk,na,579254,nonce,test,ciNna,1,1,1,0,NA,0,1,1,0,NA
cilk-ta,lk-t,cilk,ta,579254,nonce,test,cilkda,0,0,NA,0,1,0,1,NA,NA,1
cilk-v,lk-v,cilk,v,579254,nonce,test,cilkv,0,0,NA,0,0,0,0,NA,NA,0
cip-na,p-n,cip,na,579254,high,test,cimna,NA,NA,1,NA,NA,NA,NA,1,NA,NA
cip-ta,p-t,cip,ta,579254,high,test,cipda,NA,NA,NA,NA,1,NA,NA,NA,NA,1
cip-v,p-v,cip,v,579254,high,test,cipv,NA,NA,NA,NA,0,NA,NA,NA,NA,0
Jalp-ta,lp-t,Jalp,ta,579254,high,test,Jalda,1,0,NA,0,1,1,0,NA,NA,1
Jalp-a,lp-a,Jalp,a,579254,high,test,Jalpa,0,0,NA,0,0,0,0,NA,NA,0
Jalp-na,lp-n,Jalp,na,579254,high,test,Jalmna,1,0,1,0,NA,0,1,1,0,NA
Jik-na,k-n,Jik,na,579254,low,test,JiNna,NA,NA,1,NA,NA,NA,NA,1,NA,NA
Jik-v,k-v,Jik,v,579254,low,test,Jikv,NA,NA,NA,NA,0,NA,NA,NA,NA,0
Jik-ta,k-t,Jik,ta,579254,low,test,Jikda,NA,NA,NA,NA,1,NA,NA,NA,NA,1
Cak-a,k-a,Cak,a,579254,nonce,test,Caka,NA,NA,NA,NA,0,NA,NA,NA,NA,0
Cak-ta,k-t,Cak,ta,579254,nonce,test,Cakda,NA,NA,NA,NA,1,NA,NA,NA,NA,1
Cak-na,k-n,Cak,na,579254,nonce,test,CaNna,NA,NA,1,NA,NA,NA,NA,1,NA,NA
Top-ta,p-t,Top,ta,579254,nonce,test,Topda,NA,NA,NA,NA,1,NA,NA,NA,NA,1
Top-na,p-n,Top,na,579254,nonce,test,Tomna,NA,NA,1,NA,NA,NA,NA,1,NA,NA
Top-a,p-a,Top,a,579254,nonce,test,Topa,NA,NA,NA,NA,0,NA,NA,NA,NA,0
halT-a,lT-a,halT,a,579254,low,test,halta,1,0,NA,0,0,0,0,NA,NA,0
halT-ta,lT-t,halT,ta,579254,low,test,halda,1,0,NA,0,1,1,0,NA,NA,1
halT-na,lT-n,halT,na,579254,low,test,halna,1,0,0,0,NA,0,1,1,0,NA
hulT-na,lT-n,hulT,na,579254,low,test,hulna,1,0,0,0,NA,1,0,0,0,NA
hulT-v,lT-v,hulT,v,579254,low,test,hultv,1,0,NA,0,0,0,0,NA,NA,0
hulT-ta,lT-t,hulT,ta,579254,low,test,hulda,1,0,NA,0,1,1,0,NA,NA,1
kalk-na,lk-n,kalk,na,580616,low,test,kalkna,0,0,0,0,NA,0,1,1,0,NA
kalk-a,lk-a,kalk,a,580616,low,test,kalka,0,0,NA,0,0,0,0,NA,NA,0
kalk-ta,lk-t,kalk,ta,580616,low,test,kalda,1,0,NA,0,1,0,1,NA,NA,1
kvP-v,P-v,kvP,v,580616,nonce,test,kvpv,NA,NA,NA,NA,0,NA,NA,NA,NA,0
kvP-na,P-n,kvP,na,580616,nonce,test,kvmna,NA,NA,1,NA,NA,NA,NA,1,NA,NA
kvP-ta,P-t,kvP,ta,580616,nonce,test,kvpda,NA,NA,NA,NA,1,NA,NA,NA,NA,1
kjvlp-na,lp-n,kjvlp,na,580616,nonce,test,kyvlpna,1,0,0,0,NA,0,1,1,0,NA
kjvlp-v,lp-v,kjvlp,v,580616,nonce,test,kyvlpv,1,0,NA,0,0,0,0,NA,NA,0
kjvlp-ta,lp-t,kjvlp,ta,580616,nonce,test,kyvlpda,1,0,NA,0,1,0,1,NA,NA,1
kulk-ta,lk-t,kulk,ta,580616,high,test,kulda,1,0,NA,0,1,0,1,NA,NA,1
kulk-v,lk-v,kulk,v,580616,high,test,kulkv,0,0,NA,0,0,0,0,NA,NA,0
kulk-na,lk-n,kulk,na,580616,high,test,kuNna,1,1,1,0,NA,0,1,1,0,NA
kxlk-na,lk-n,kxlk,na,580616,low,test,kxNna,1,1,1,0,NA,0,1,1,0,NA
kxlk-v,lk-v,kxlk,v,580616,low,test,kxlkv,0,0,NA,0,0,0,0,NA,NA,0
kxlk-ta,lk-t,kxlk,ta,580616,low,test,kxlkda,0,0,NA,0,1,0,1,NA,NA,1
kxlP-v,lP-v,kxlP,v,580616,nonce,test,kxlpv,1,0,NA,0,0,0,0,NA,NA,0
kxlP-na,lP-n,kxlP,na,580616,nonce,test,kxlmna,1,0,1,0,NA,1,0,0,0,NA
kxlP-ta,lP-t,kxlP,ta,580616,nonce,test,kxlpda,1,0,NA,0,1,1,0,NA,NA,1
nalk-ta,lk-t,nalk,ta,580616,high,test,nalda,1,0,NA,0,1,0,1,NA,NA,1
nalk-na,lk-n,nalk,na,580616,high,test,nalkna,0,0,0,0,NA,0,1,1,0,NA
nalk-a,lk-a,nalk,a,580616,high,test,nalka,0,0,NA,0,0,0,0,NA,NA,0
nalp-na,lp-n,nalp,na,580616,nonce,test,nalmna,1,0,1,0,NA,0,1,0,0,NA
nalp-a,lp-a,nalp,a,580616,nonce,test,nalpa,0,0,NA,0,0,0,0,NA,NA,0
nalp-ta,lp-t,nalp,ta,580616,nonce,test,nalpda,0,0,NA,0,1,0,1,NA,NA,0
neT-na,T-n,neT,na,580616,nonce,test,nenna,NA,NA,1,NA,NA,NA,NA,1,NA,NA
neT-ta,T-t,neT,ta,580616,nonce,test,netda,NA,NA,NA,NA,1,NA,NA,NA,NA,1
neT-v,T-v,neT,v,580616,nonce,test,netv,NA,NA,NA,NA,0,NA,NA,NA,NA,0
nvlp-v,lp-v,nvlp,v,580616,high,test,nvlpv,0,0,NA,0,0,0,0,NA,NA,0
nvlp-na,lp-n,nvlp,na,580616,high,test,nvlpna,0,0,0,0,NA,0,1,1,0,NA
nvlp-ta,lp-t,nvlp,ta,580616,high,test,nvlda,1,0,NA,0,1,1,0,NA,NA,1
nuk-ta,k-t,nuk,ta,580616,nonce,test,nukda,NA,NA,NA,NA,1,NA,NA,NA,NA,1
nuk-na,k-n,nuk,na,580616,nonce,test,nuNna,NA,NA,1,NA,NA,NA,NA,1,NA,NA
nuk-v,k-v,nuk,v,580616,nonce,test,nukv,NA,NA,NA,NA,0,NA,NA,NA,NA,0
nxlk-na,lk-n,nxlk,na,580616,high,test,nxNna,1,1,1,0,NA,0,1,1,0,NA
nxlk-v,lk-v,nxlk,v,580616,high,test,nxlkv,0,0,NA,0,0,0,0,NA,NA,0
nxlk-ta,lk-t,nxlk,ta,580616,high,test,nxlkda,0,0,NA,0,1,0,1,NA,NA,1
tvlp-ta,lp-t,tvlp,ta,580616,nonce,test,tvlpda,0,0,NA,0,1,0,1,NA,NA,1
tvlp-v,lp-v,tvlp,v,580616,nonce,test,tvlpv,0,0,NA,0,0,0,0,NA,NA,0
tvlp-na,lp-n,tvlp,na,580616,nonce,test,tvlpna,0,0,0,0,NA,0,1,1,0,NA
tok-na,k-n,tok,na,580616,nonce,test,toNna,NA,NA,1,NA,NA,NA,NA,1,NA,NA
tok-ta,k-t,tok,ta,580616,nonce,test,tokda,NA,NA,NA,NA,1,NA,NA,NA,NA,1
tok-a,k-a,tok,a,580616,nonce,test,toka,NA,NA,NA,NA,0,NA,NA,NA,NA,0
tup-v,p-v,tup,v,580616,nonce,test,tupv,NA,NA,NA,NA,0,NA,NA,NA,NA,0
tup-na,p-n,tup,na,580616,nonce,test,tumna,NA,NA,1,NA,NA,NA,NA,1,NA,NA
tup-ta,p-t,tup,ta,580616,nonce,test,tupda,NA,NA,NA,NA,1,NA,NA,NA,NA,1
txlk-na,lk-n,txlk,na,580616,nonce,test,txNna,1,1,1,0,NA,0,1,1,0,NA
txlk-v,lk-v,txlk,v,580616,nonce,test,txlkv,0,0,NA,0,0,0,0,NA,NA,0
txlk-ta,lk-t,txlk,ta,580616,nonce,test,txlkda,0,0,NA,0,1,0,1,NA,NA,1
dvlp-v,lp-v,dvlp,v,580616,low,test,dvlpv,0,0,NA,0,1,0,0,NA,NA,0
dvlp-ta,lp-t,dvlp,ta,580616,low,test,dvlpda,0,0,NA,0,1,0,1,NA,NA,1
dvlp-na,lp-n,dvlp,na,580616,low,test,dvlpna,0,0,0,0,NA,0,1,1,0,NA
mak-a,k-a,mak,a,580616,high,test,maka,NA,NA,NA,NA,0,NA,NA,NA,NA,0
mak-na,k-n,mak,na,580616,high,test,maNna,NA,NA,1,NA,NA,NA,NA,1,NA,NA
mak-ta,k-t,mak,ta,580616,high,test,makda,NA,NA,NA,NA,1,NA,NA,NA,NA,1
malk-ta,lk-t,malk,ta,580616,high,test,malda,1,0,NA,0,1,0,1,NA,NA,1
malk-a,lk-a,malk,a,580616,high,test,malka,0,0,NA,0,0,0,0,NA,NA,0
malk-na,lk-n,malk,na,580616,high,test,maNna,1,1,1,0,NA,0,1,1,0,NA
mvlk-v,lk-v,mvlk,v,580616,nonce,test,mvlkv,0,0,NA,0,0,0,0,NA,NA,0
mvlk-na,lk-n,mvlk,na,580616,nonce,test,mvlkna,0,0,0,0,NA,0,1,1,0,NA
mvlk-ta,lk-t,mvlk,ta,580616,nonce,test,mvlda,1,0,NA,0,1,0,1,NA,NA,1
muk-v,k-v,muk,v,580616,low,test,mukv,NA,NA,NA,NA,0,NA,NA,NA,NA,0
muk-na,k-n,muk,na,580616,low,test,muNna,NA,NA,1,NA,NA,NA,NA,1,NA,NA
muk-ta,k-t,muk,ta,580616,low,test,mukda,NA,NA,NA,NA,1,NA,NA,NA,NA,1
mulk-v,lk-v,mulk,v,580616,low,test,mulkv,0,0,NA,0,0,0,0,NA,NA,0
mulk-na,lk-n,mulk,na,580616,low,test,muNna,1,1,1,0,NA,0,1,1,0,NA
mulk-ta,lk-t,mulk,ta,580616,low,test,mulda,1,0,NA,0,1,0,1,NA,NA,1
pak-ta,k-t,pak,ta,580616,high,test,pakda,NA,NA,NA,NA,1,NA,NA,NA,NA,1
pak-na,k-n,pak,na,580616,high,test,paNna,NA,NA,1,NA,NA,NA,NA,1,NA,NA
pak-a,k-a,pak,a,580616,high,test,paka,NA,NA,NA,NA,0,NA,NA,NA,NA,0
palk-na,lk-n,palk,na,580616,high,test,palkna,0,0,0,0,NA,0,1,0,0,NA
palk-a,lk-a,palk,a,580616,high,test,palka,0,0,NA,0,0,0,0,NA,NA,0
palk-ta,lk-t,palk,ta,580616,high,test,palda,1,0,NA,0,1,0,1,NA,NA,1
palp-na,lp-n,palp,na,580616,high,test,palpna,0,0,0,0,NA,0,1,1,0,NA
palp-ta,lp-t,palp,ta,580616,high,test,palpda,0,0,NA,0,1,0,1,NA,NA,1
palp-a,lp-a,palp,a,580616,high,test,palpa,0,0,NA,0,0,0,0,NA,NA,0
peT-na,T-n,peT,na,580616,low,test,penna,NA,NA,1,NA,NA,NA,NA,1,NA,NA
peT-v,T-v,peT,v,580616,low,test,petv,NA,NA,NA,NA,0,NA,NA,NA,NA,0
peT-ta,T-t,peT,ta,580616,low,test,petda,NA,NA,NA,NA,1,NA,NA,NA,NA,1
kvp-na,p-n,kvp,na,580616,nonce,test,pvmna,NA,NA,1,NA,NA,NA,NA,1,NA,NA
kvp-v,p-v,kvp,v,580616,nonce,test,pvpv,NA,NA,NA,NA,0,NA,NA,NA,NA,0
kvp-ta,p-t,kvp,ta,580616,nonce,test,pvpda,NA,NA,NA,NA,1,NA,NA,NA,NA,1
pulk-ta,lk-t,pulk,ta,580616,high,test,pulda,1,0,NA,0,1,0,1,NA,NA,1
pulk-na,lk-n,pulk,na,580616,high,test,pulkna,0,0,0,0,NA,0,1,1,0,NA
pulk-v,lk-v,pulk,v,580616,high,test,pulkv,0,0,NA,0,0,0,0,NA,NA,0
pulT-ta,lT-t,pulT,ta,580616,nonce,test,pulda,1,0,NA,0,1,1,0,NA,NA,1
pulT-na,lT-n,pulT,na,580616,nonce,test,pulna,1,0,0,0,NA,0,1,0,0,NA
pulT-v,lT-v,pulT,v,580616,nonce,test,pultv,1,0,NA,0,0,0,0,NA,NA,0
bop-a,p-a,bop,a,580616,high,test,bopa,NA,NA,NA,NA,1,NA,NA,NA,NA,0
bop-ta,p-t,bop,ta,580616,high,test,bopda,NA,NA,NA,NA,1,NA,NA,NA,NA,1
bop-na,p-n,bop,na,580616,high,test,bomna,NA,NA,1,NA,NA,NA,NA,1,NA,NA
sok-a,k-a,sok,a,580616,low,test,soka,NA,NA,NA,NA,0,NA,NA,NA,NA,0
sok-ta,k-t,sok,ta,580616,low,test,sokda,NA,NA,NA,NA,1,NA,NA,NA,NA,1
sok-na,k-n,sok,na,580616,low,test,soNna,NA,NA,1,NA,NA,NA,NA,1,NA,NA
sulk-na,lk-n,sulk,na,580616,nonce,test,suNna,1,1,1,0,NA,0,1,1,0,NA
sulk-ta,lk-t,sulk,ta,580616,nonce,test,sulda,1,0,NA,0,1,0,1,NA,NA,1
sulk-v,lk-v,sulk,v,580616,nonce,test,sulkv,0,0,NA,0,0,0,0,NA,NA,0
sik-ta,k-t,sik,ta,580616,low,test,sikda,NA,NA,NA,NA,1,NA,NA,NA,NA,1
sik-v,k-v,sik,v,580616,low,test,sikv,NA,NA,NA,NA,0,NA,NA,NA,NA,0
sik-na,k-n,sik,na,580616,low,test,siNna,NA,NA,1,NA,NA,NA,NA,1,NA,NA
Svk-na,k-n,Svk,na,580616,high,test,SvNna,NA,NA,1,NA,NA,NA,NA,1,NA,NA
Svk-ta,k-t,Svk,ta,580616,high,test,Svkda,NA,NA,NA,NA,1,NA,NA,NA,NA,1
Svk-v,k-v,Svk,v,580616,high,test,Svkv,NA,NA,NA,NA,0,NA,NA,NA,NA,0
Sip-na,p-n,Sip,na,580616,high,test,Simna,NA,NA,1,NA,NA,NA,NA,1,NA,NA
Sip-v,p-v,Sip,v,580616,high,test,Sipv,NA,NA,NA,NA,0,NA,NA,NA,NA,0
Sip-ta,p-t,Sip,ta,580616,high,test,Sipda,NA,NA,NA,NA,1,NA,NA,NA,NA,1
alk-na,lk-n,alk,na,580616,nonce,test,alkna,NA,0,0,0,NA,0,1,1,0,NA
alk-ta,lk-t,alk,ta,580616,nonce,test,alkda,NA,0,NA,0,1,0,1,NA,NA,1
alk-a,lk-a,alk,a,580616,nonce,test,alka,NA,0,NA,0,0,0,0,NA,NA,0
yalp-a,lp-a,yalp,a,580616,low,test,yalpa,0,0,NA,0,0,0,0,NA,NA,0
yalp-ta,lp-t,yalp,ta,580616,low,test,yalpda,0,0,NA,0,1,1,0,NA,NA,1
yalp-na,lp-n,yalp,na,580616,low,test,yalmna,1,0,1,0,NA,0,1,1,0,NA
yaT-na,T-n,yaT,na,580616,low,test,yanna,NA,NA,1,NA,NA,NA,NA,1,NA,NA
yaT-ta,T-t,yaT,ta,580616,low,test,yatda,NA,NA,NA,NA,1,NA,NA,NA,NA,1
yaT-a,T-a,yaT,a,580616,low,test,yata,NA,NA,NA,NA,0,NA,NA,NA,NA,0
vlk-ta,lk-t,vlk,ta,580616,low,test,vlkda,NA,0,NA,0,1,0,1,NA,NA,1
vlk-na,lk-n,vlk,na,580616,low,test,vlkna,NA,0,0,0,NA,0,1,1,0,NA
vlk-v,lk-v,vlk,v,580616,low,test,vlkv,NA,0,NA,0,0,0,0,NA,NA,0
vp-v,p-v,vp,v,580616,low,test,vpv,NA,NA,NA,NA,0,NA,NA,NA,NA,0
vp-na,p-n,vp,na,580616,low,test,vmna,NA,NA,1,NA,NA,NA,NA,1,NA,NA
vp-ta,p-t,vp,ta,580616,low,test,vpda,NA,NA,NA,NA,1,NA,NA,NA,NA,1
vP-ta,P-t,vP,ta,580616,low,test,vpda,NA,NA,NA,NA,1,NA,NA,NA,NA,1
vP-v,P-v,vP,v,580616,low,test,vpv,NA,NA,NA,NA,0,NA,NA,NA,NA,0
vP-na,P-n,vP,na,580616,low,test,vmna,NA,NA,1,NA,NA,NA,NA,1,NA,NA
yvlp-v,lp-v,yvlp,v,580616,low,test,jvlpv,1,0,NA,0,0,0,0,NA,NA,0
yvlp-na,lp-n,yvlp,na,580616,low,test,jvlpna,1,0,0,0,NA,0,1,1,0,NA
yvlp-ta,lp-t,yvlp,ta,580616,low,test,jvlpda,1,0,NA,0,1,0,1,NA,NA,1
yvT-ta,T-t,yvT,ta,580616,low,test,jvtda,NA,NA,NA,NA,1,NA,NA,NA,NA,1
yvT-na,T-n,yvT,na,580616,low,test,jvnna,NA,NA,1,NA,NA,NA,NA,1,NA,NA
yvT-v,T-v,yvT,v,580616,low,test,jvtv,NA,NA,NA,NA,0,NA,NA,NA,NA,0
up-ta,p-t,up,ta,580616,nonce,test,upda,NA,NA,NA,NA,1,NA,NA,NA,NA,1
up-v,p-v,up,v,580616,nonce,test,upv,NA,NA,NA,NA,0,NA,NA,NA,NA,0
up-na,p-n,up,na,580616,nonce,test,umna,NA,NA,1,NA,NA,NA,NA,1,NA,NA
xlP-na,lP-n,xlP,na,580616,low,test,xmna,NA,1,1,0,NA,0,1,1,0,NA
xlP-ta,lP-t,xlP,ta,580616,low,test,xlpda,NA,0,NA,0,1,0,1,NA,NA,1
xlP-v,lP-v,xlP,v,580616,low,test,xlpv,NA,0,NA,0,0,0,0,NA,NA,0
ik-v,k-v,ik,v,580616,low,test,ikv,NA,NA,NA,NA,0,NA,NA,NA,NA,0
ik-ta,k-t,ik,ta,580616,low,test,ikda,NA,NA,NA,NA,1,NA,NA,NA,NA,1
ik-na,k-n,ik,na,580616,low,test,iNna,NA,NA,1,NA,NA,NA,NA,1,NA,NA
ilk-na,lk-n,ilk,na,580616,high,test,iNna,NA,1,1,0,NA,0,1,1,0,NA
ilk-v,lk-v,ilk,v,580616,high,test,ilkv,NA,0,NA,0,0,0,0,NA,NA,0
ilk-ta,lk-t,ilk,ta,580616,high,test,ilkda,NA,0,NA,0,1,0,1,NA,NA,1
ip-v,p-v,ip,v,580616,high,test,ipv,NA,NA,NA,NA,0,NA,NA,NA,NA,0
ip-ta,p-t,ip,ta,580616,high,test,ipda,NA,NA,NA,NA,1,NA,NA,NA,NA,1
ip-na,p-n,ip,na,580616,high,test,imna,NA,NA,1,NA,NA,NA,NA,1,NA,NA
cak-na,k-n,cak,na,580616,high,test,caNna,NA,NA,1,NA,NA,NA,NA,1,NA,NA
cak-a,k-a,cak,a,580616,high,test,caka,NA,NA,NA,NA,0,NA,NA,NA,NA,0
cak-ta,k-t,cak,ta,580616,high,test,cakda,NA,NA,NA,NA,1,NA,NA,NA,NA,1
cvk-v,k-v,cvk,v,580616,high,test,cvkv,NA,NA,NA,NA,0,NA,NA,NA,NA,0
cvk-ta,k-t,cvk,ta,580616,high,test,cvkda,NA,NA,NA,NA,1,NA,NA,NA,NA,1
cvk-na,k-n,cvk,na,580616,high,test,cvNna,NA,NA,1,NA,NA,NA,NA,1,NA,NA
cvp-na,p-n,cvp,na,580616,high,test,cvmna,NA,NA,1,NA,NA,NA,NA,1,NA,NA
cvp-v,p-v,cvp,v,580616,high,test,cvpv,NA,NA,NA,NA,0,NA,NA,NA,NA,0
cvp-ta,p-t,cvp,ta,580616,high,test,cvpda,NA,NA,NA,NA,1,NA,NA,NA,NA,1
cik-ta,k-t,cik,ta,580616,nonce,test,cikda,NA,NA,NA,NA,1,NA,NA,NA,NA,1
cik-v,k-v,cik,v,580616,nonce,test,cikv,NA,NA,NA,NA,0,NA,NA,NA,NA,0
cik-na,k-n,cik,na,580616,nonce,test,ciNna,NA,NA,1,NA,NA,NA,NA,1,NA,NA
cilk-na,lk-n,cilk,na,580616,nonce,test,ciNna,1,1,1,0,NA,0,1,0,0,NA
cilk-ta,lk-t,cilk,ta,580616,nonce,test,cilkda,0,0,NA,0,1,0,1,NA,NA,1
cilk-v,lk-v,cilk,v,580616,nonce,test,cilkv,0,0,NA,0,0,0,0,NA,NA,0
cip-na,p-n,cip,na,580616,high,test,cimna,NA,NA,1,NA,NA,NA,NA,1,NA,NA
cip-ta,p-t,cip,ta,580616,high,test,cipda,NA,NA,NA,NA,1,NA,NA,NA,NA,0
cip-v,p-v,cip,v,580616,high,test,cipv,NA,NA,NA,NA,0,NA,NA,NA,NA,0
Jalp-ta,lp-t,Jalp,ta,580616,high,test,Jalda,1,0,NA,0,1,1,0,NA,NA,1
Jalp-a,lp-a,Jalp,a,580616,high,test,Jalpa,0,0,NA,0,0,0,0,NA,NA,0
Jalp-na,lp-n,Jalp,na,580616,high,test,Jalmna,1,0,1,0,NA,0,1,1,0,NA
Jik-na,k-n,Jik,na,580616,low,test,JiNna,NA,NA,1,NA,NA,NA,NA,1,NA,NA
Jik-v,k-v,Jik,v,580616,low,test,Jikv,NA,NA,NA,NA,0,NA,NA,NA,NA,0
Jik-ta,k-t,Jik,ta,580616,low,test,Jikda,NA,NA,NA,NA,1,NA,NA,NA,NA,1
Cak-na,k-n,Cak,na,580616,nonce,test,CaNna,NA,NA,1,NA,NA,NA,NA,1,NA,NA
Cak-ta,k-t,Cak,ta,580616,nonce,test,Cakda,NA,NA,NA,NA,1,NA,NA,NA,NA,1
Cak-a,k-a,Cak,a,580616,nonce,test,Caka,NA,NA,NA,NA,0,NA,NA,NA,NA,0
Top-na,p-n,Top,na,580616,nonce,test,Tomna,NA,NA,1,NA,NA,NA,NA,1,NA,NA
Top-ta,p-t,Top,ta,580616,nonce,test,Topda,NA,NA,NA,NA,1,NA,NA,NA,NA,1
Top-a,p-a,Top,a,580616,nonce,test,Topa,NA,NA,NA,NA,0,NA,NA,NA,NA,0
halT-a,lT-a,halT,a,580616,low,test,halta,1,0,NA,0,0,0,0,NA,NA,0
halT-na,lT-n,halT,na,580616,low,test,halna,1,0,0,0,NA,1,0,0,0,NA
halT-ta,lT-t,halT,ta,580616,low,test,halda,1,0,NA,0,1,1,0,NA,NA,1
hulT-na,lT-n,hulT,na,580616,low,test,hulna,1,0,0,0,NA,1,0,0,0,NA
hulT-ta,lT-t,hulT,ta,580616,low,test,hulda,1,0,NA,0,1,1,0,NA,NA,1
hulT-v,lT-v,hulT,v,580616,low,test,hultv,1,0,NA,0,0,0,0,NA,NA,0
kalk-a,lk-a,kalk,a,584007,low,test,kalka,0,0,NA,0,0,0,0,NA,NA,0
kalk-ta,lk-t,kalk,ta,584007,low,test,kalda,1,0,NA,0,1,1,0,NA,NA,1
kalk-na,lk-n,kalk,na,584007,low,test,kalkna,0,0,0,0,NA,1,0,0,0,NA
kvP-v,P-v,kvP,v,584007,nonce,test,kvpv,NA,NA,NA,NA,0,NA,NA,NA,NA,0
kvP-ta,P-t,kvP,ta,584007,nonce,test,kvpda,NA,NA,NA,NA,1,NA,NA,NA,NA,1
kvP-na,P-n,kvP,na,584007,nonce,test,kvmna,NA,NA,1,NA,NA,NA,NA,1,NA,NA
kjvlp-na,lp-n,kjvlp,na,584007,nonce,test,kyvlpna,1,0,0,0,NA,0,1,1,0,NA
kjvlp-ta,lp-t,kjvlp,ta,584007,nonce,test,kyvlpda,1,0,NA,0,1,0,1,NA,NA,1
kjvlp-v,lp-v,kjvlp,v,584007,nonce,test,kyvlpv,1,0,NA,0,0,0,0,NA,NA,0
kulk-v,lk-v,kulk,v,584007,high,test,kulkv,0,0,NA,0,0,0,0,NA,NA,0
kulk-ta,lk-t,kulk,ta,584007,high,test,kulda,1,0,NA,0,1,0,1,NA,NA,1
kulk-na,lk-n,kulk,na,584007,high,test,kuNna,1,1,1,0,NA,1,0,0,0,NA
kxlk-na,lk-n,kxlk,na,584007,low,test,kxNna,1,1,1,0,NA,0,0,0,0,NA
kxlk-v,lk-v,kxlk,v,584007,low,test,kxlkv,0,0,NA,0,0,0,0,NA,NA,0
kxlk-ta,lk-t,kxlk,ta,584007,low,test,kxlkda,0,0,NA,0,1,1,0,NA,NA,1
kxlP-ta,lP-t,kxlP,ta,584007,nonce,test,kxlpda,1,0,NA,0,1,0,0,NA,NA,1
kxlP-v,lP-v,kxlP,v,584007,nonce,test,kxlpv,1,0,NA,0,0,0,0,NA,NA,0
kxlP-na,lP-n,kxlP,na,584007,nonce,test,kxlmna,1,0,1,0,NA,0,0,0,0,NA
nalk-na,lk-n,nalk,na,584007,high,test,nalkna,0,0,0,0,NA,1,0,0,0,NA
nalk-ta,lk-t,nalk,ta,584007,high,test,nalda,1,0,NA,0,1,1,0,NA,NA,1
nalk-a,lk-a,nalk,a,584007,high,test,nalka,0,0,NA,0,0,0,0,NA,NA,0
nalp-ta,lp-t,nalp,ta,584007,nonce,test,nalpda,0,0,NA,0,1,1,0,NA,NA,1
nalp-na,lp-n,nalp,na,584007,nonce,test,nalmna,1,0,1,0,NA,1,0,0,0,NA
nalp-a,lp-a,nalp,a,584007,nonce,test,nalpa,0,0,NA,0,0,0,0,NA,NA,0
neT-na,T-n,neT,na,584007,nonce,test,nenna,NA,NA,1,NA,NA,NA,NA,1,NA,NA
neT-v,T-v,neT,v,584007,nonce,test,netv,NA,NA,NA,NA,0,NA,NA,NA,NA,0
neT-ta,T-t,neT,ta,584007,nonce,test,netda,NA,NA,NA,NA,1,NA,NA,NA,NA,1
nvlp-na,lp-n,nvlp,na,584007,high,test,nvlpna,0,0,0,0,NA,1,0,0,0,NA
nvlp-v,lp-v,nvlp,v,584007,high,test,nvlpv,0,0,NA,0,0,0,0,NA,NA,0
nvlp-ta,lp-t,nvlp,ta,584007,high,test,nvlda,1,0,NA,0,1,1,0,NA,NA,1
nuk-na,k-n,nuk,na,584007,nonce,test,nuNna,NA,NA,1,NA,NA,NA,NA,1,NA,NA
nuk-v,k-v,nuk,v,584007,nonce,test,nukv,NA,NA,NA,NA,0,NA,NA,NA,NA,0
nuk-ta,k-t,nuk,ta,584007,nonce,test,nukda,NA,NA,NA,NA,1,NA,NA,NA,NA,1
nxlk-v,lk-v,nxlk,v,584007,high,test,nxlkv,0,0,NA,0,0,0,0,NA,NA,0
nxlk-ta,lk-t,nxlk,ta,584007,high,test,nxlkda,0,0,NA,0,1,1,0,NA,NA,1
nxlk-na,lk-n,nxlk,na,584007,high,test,nxNna,1,1,1,0,NA,0,0,0,0,NA
tvlp-ta,lp-t,tvlp,ta,584007,nonce,test,tvlpda,0,0,NA,0,1,1,0,NA,NA,1
tvlp-na,lp-n,tvlp,na,584007,nonce,test,tvlpna,0,0,0,0,NA,0,0,0,0,NA
tvlp-v,lp-v,tvlp,v,584007,nonce,test,tvlpv,0,0,NA,0,0,0,0,NA,NA,0
tok-na,k-n,tok,na,584007,nonce,test,toNna,NA,NA,1,NA,NA,NA,NA,1,NA,NA
tok-a,k-a,tok,a,584007,nonce,test,toka,NA,NA,NA,NA,0,NA,NA,NA,NA,0
tok-ta,k-t,tok,ta,584007,nonce,test,tokda,NA,NA,NA,NA,1,NA,NA,NA,NA,1
tup-na,p-n,tup,na,584007,nonce,test,tumna,NA,NA,1,NA,NA,NA,NA,1,NA,NA
tup-ta,p-t,tup,ta,584007,nonce,test,tupda,NA,NA,NA,NA,1,NA,NA,NA,NA,1
tup-v,p-v,tup,v,584007,nonce,test,tupv,NA,NA,NA,NA,0,NA,NA,NA,NA,0
txlk-ta,lk-t,txlk,ta,584007,nonce,test,txlkda,0,0,NA,0,1,1,0,NA,NA,1
txlk-na,lk-n,txlk,na,584007,nonce,test,txNna,1,1,1,0,NA,1,0,0,0,NA
txlk-v,lk-v,txlk,v,584007,nonce,test,txlkv,0,0,NA,0,0,0,0,NA,NA,0
dvlp-ta,lp-t,dvlp,ta,584007,low,test,dvlpda,0,0,NA,0,1,1,0,NA,NA,1
dvlp-na,lp-n,dvlp,na,584007,low,test,dvlpna,0,0,0,0,NA,0,0,1,0,NA
dvlp-v,lp-v,dvlp,v,584007,low,test,dvlpv,0,0,NA,0,1,0,0,NA,NA,0
mak-na,k-n,mak,na,584007,high,test,maNna,NA,NA,1,NA,NA,NA,NA,1,NA,NA
mak-a,k-a,mak,a,584007,high,test,maka,NA,NA,NA,NA,0,NA,NA,NA,NA,0
mak-ta,k-t,mak,ta,584007,high,test,makda,NA,NA,NA,NA,1,NA,NA,NA,NA,1
malk-a,lk-a,malk,a,584007,high,test,malka,0,0,NA,0,0,0,0,NA,NA,0
malk-na,lk-n,malk,na,584007,high,test,maNna,1,1,1,0,NA,1,0,0,0,NA
malk-ta,lk-t,malk,ta,584007,high,test,malda,1,0,NA,0,1,1,0,NA,NA,1
mvlk-ta,lk-t,mvlk,ta,584007,nonce,test,mvlda,1,0,NA,0,1,1,0,NA,NA,1
mvlk-v,lk-v,mvlk,v,584007,nonce,test,mvlkv,0,0,NA,0,0,0,0,NA,NA,0
mvlk-na,lk-n,mvlk,na,584007,nonce,test,mvlkna,0,0,0,0,NA,1,0,0,0,NA
muk-v,k-v,muk,v,584007,low,test,mukv,NA,NA,NA,NA,0,NA,NA,NA,NA,0
muk-na,k-n,muk,na,584007,low,test,muNna,NA,NA,1,NA,NA,NA,NA,1,NA,NA
muk-ta,k-t,muk,ta,584007,low,test,mukda,NA,NA,NA,NA,1,NA,NA,NA,NA,1
mulk-ta,lk-t,mulk,ta,584007,low,test,mulda,1,0,NA,0,1,1,0,NA,NA,1
mulk-na,lk-n,mulk,na,584007,low,test,muNna,1,1,1,0,NA,1,0,0,0,NA
mulk-v,lk-v,mulk,v,584007,low,test,mulkv,0,0,NA,0,0,0,0,NA,NA,0
pak-na,k-n,pak,na,584007,high,test,paNna,NA,NA,1,NA,NA,NA,NA,1,NA,NA
pak-ta,k-t,pak,ta,584007,high,test,pakda,NA,NA,NA,NA,1,NA,NA,NA,NA,0
pak-a,k-a,pak,a,584007,high,test,paka,NA,NA,NA,NA,0,NA,NA,NA,NA,0
palk-ta,lk-t,palk,ta,584007,high,test,palda,1,0,NA,0,1,1,0,NA,NA,1
palk-a,lk-a,palk,a,584007,high,test,palka,0,0,NA,0,0,0,0,NA,NA,0
palk-na,lk-n,palk,na,584007,high,test,palkna,0,0,0,0,NA,0,0,0,0,NA
palp-a,lp-a,palp,a,584007,high,test,palpa,0,0,NA,0,0,0,0,NA,NA,0
palp-na,lp-n,palp,na,584007,high,test,palpna,0,0,0,0,NA,0,0,0,0,NA
palp-ta,lp-t,palp,ta,584007,high,test,palpda,0,0,NA,0,1,0,0,NA,NA,1
peT-na,T-n,peT,na,584007,low,test,penna,NA,NA,1,NA,NA,NA,NA,1,NA,NA
peT-ta,T-t,peT,ta,584007,low,test,petda,NA,NA,NA,NA,1,NA,NA,NA,NA,1
peT-v,T-v,peT,v,584007,low,test,petv,NA,NA,NA,NA,0,NA,NA,NA,NA,0
kvp-ta,p-t,kvp,ta,584007,nonce,test,pvpda,NA,NA,NA,NA,1,NA,NA,NA,NA,1
kvp-v,p-v,kvp,v,584007,nonce,test,pvpv,NA,NA,NA,NA,0,NA,NA,NA,NA,0
kvp-na,p-n,kvp,na,584007,nonce,test,pvmna,NA,NA,1,NA,NA,NA,NA,1,NA,NA
pulk-ta,lk-t,pulk,ta,584007,high,test,pulda,1,0,NA,0,1,1,0,NA,NA,1
pulk-na,lk-n,pulk,na,584007,high,test,pulkna,0,0,0,0,NA,1,0,0,0,NA
pulk-v,lk-v,pulk,v,584007,high,test,pulkv,0,0,NA,0,0,0,0,NA,NA,0
pulT-na,lT-n,pulT,na,584007,nonce,test,pulna,1,0,0,0,NA,1,0,0,0,NA
pulT-v,lT-v,pulT,v,584007,nonce,test,pultv,1,0,NA,0,0,0,0,NA,NA,0
pulT-ta,lT-t,pulT,ta,584007,nonce,test,pulda,1,0,NA,0,1,1,0,NA,NA,1
bop-na,p-n,bop,na,584007,high,test,bomna,NA,NA,1,NA,NA,NA,NA,1,NA,NA
bop-a,p-a,bop,a,584007,high,test,bopa,NA,NA,NA,NA,1,NA,NA,NA,NA,0
bop-ta,p-t,bop,ta,584007,high,test,bopda,NA,NA,NA,NA,1,NA,NA,NA,NA,1
sok-ta,k-t,sok,ta,584007,low,test,sokda,NA,NA,NA,NA,1,NA,NA,NA,NA,1
sok-a,k-a,sok,a,584007,low,test,soka,NA,NA,NA,NA,0,NA,NA,NA,NA,0
sok-na,k-n,sok,na,584007,low,test,soNna,NA,NA,1,NA,NA,NA,NA,0,NA,NA
sulk-ta,lk-t,sulk,ta,584007,nonce,test,sulda,1,0,NA,0,1,1,0,NA,NA,1
sulk-na,lk-n,sulk,na,584007,nonce,test,suNna,1,1,1,0,NA,1,0,0,0,NA
sulk-v,lk-v,sulk,v,584007,nonce,test,sulkv,0,0,NA,0,0,0,0,NA,NA,0
sik-v,k-v,sik,v,584007,low,test,sikv,NA,NA,NA,NA,0,NA,NA,NA,NA,0
sik-ta,k-t,sik,ta,584007,low,test,sikda,NA,NA,NA,NA,1,NA,NA,NA,NA,1
sik-na,k-n,sik,na,584007,low,test,siNna,NA,NA,1,NA,NA,NA,NA,1,NA,NA
Svk-v,k-v,Svk,v,584007,high,test,Svkv,NA,NA,NA,NA,0,NA,NA,NA,NA,0
Svk-na,k-n,Svk,na,584007,high,test,SvNna,NA,NA,1,NA,NA,NA,NA,1,NA,NA
Svk-ta,k-t,Svk,ta,584007,high,test,Svkda,NA,NA,NA,NA,1,NA,NA,NA,NA,1
Sip-ta,p-t,Sip,ta,584007,high,test,Sipda,NA,NA,NA,NA,1,NA,NA,NA,NA,1
Sip-na,p-n,Sip,na,584007,high,test,Simna,NA,NA,1,NA,NA,NA,NA,1,NA,NA
Sip-v,p-v,Sip,v,584007,high,test,Sipv,NA,NA,NA,NA,0,NA,NA,NA,NA,0
alk-na,lk-n,alk,na,584007,nonce,test,alkna,NA,0,0,0,NA,1,0,0,0,NA
alk-a,lk-a,alk,a,584007,nonce,test,alka,NA,0,NA,0,0,0,0,NA,NA,0
alk-ta,lk-t,alk,ta,584007,nonce,test,alkda,NA,0,NA,0,1,1,0,NA,NA,1
yalp-na,lp-n,yalp,na,584007,low,test,yalmna,1,0,1,0,NA,0,1,1,0,NA
yalp-a,lp-a,yalp,a,584007,low,test,yalpa,0,0,NA,0,0,0,0,NA,NA,0
yalp-ta,lp-t,yalp,ta,584007,low,test,yalpda,0,0,NA,0,1,1,0,NA,NA,1
yaT-ta,T-t,yaT,ta,584007,low,test,yatda,NA,NA,NA,NA,1,NA,NA,NA,NA,0
yaT-na,T-n,yaT,na,584007,low,test,yanna,NA,NA,1,NA,NA,NA,NA,1,NA,NA
yaT-a,T-a,yaT,a,584007,low,test,yata,NA,NA,NA,NA,0,NA,NA,NA,NA,0
vlk-na,lk-n,vlk,na,584007,low,test,vlkna,NA,0,0,0,NA,1,0,0,0,NA
vlk-ta,lk-t,vlk,ta,584007,low,test,vlkda,NA,0,NA,0,1,1,0,NA,NA,1
vlk-v,lk-v,vlk,v,584007,low,test,vlkv,NA,0,NA,0,0,0,0,NA,NA,0
vp-na,p-n,vp,na,584007,low,test,vmna,NA,NA,1,NA,NA,NA,NA,0,NA,NA
vp-ta,p-t,vp,ta,584007,low,test,vpda,NA,NA,NA,NA,1,NA,NA,NA,NA,1
vp-v,p-v,vp,v,584007,low,test,vpv,NA,NA,NA,NA,0,NA,NA,NA,NA,0
vP-na,P-n,vP,na,584007,low,test,vmna,NA,NA,1,NA,NA,NA,NA,1,NA,NA
vP-v,P-v,vP,v,584007,low,test,vpv,NA,NA,NA,NA,0,NA,NA,NA,NA,0
vP-ta,P-t,vP,ta,584007,low,test,vpda,NA,NA,NA,NA,1,NA,NA,NA,NA,1
yvlp-v,lp-v,yvlp,v,584007,low,test,jvlpv,1,0,NA,0,0,0,0,NA,NA,0
yvlp-na,lp-n,yvlp,na,584007,low,test,jvlpna,1,0,0,0,NA,1,0,0,0,NA
yvlp-ta,lp-t,yvlp,ta,584007,low,test,jvlpda,1,0,NA,0,1,1,0,NA,NA,1
yvT-v,T-v,yvT,v,584007,low,test,jvtv,NA,NA,NA,NA,0,NA,NA,NA,NA,0
yvT-ta,T-t,yvT,ta,584007,low,test,jvtda,NA,NA,NA,NA,1,NA,NA,NA,NA,1
yvT-na,T-n,yvT,na,584007,low,test,jvnna,NA,NA,1,NA,NA,NA,NA,1,NA,NA
up-ta,p-t,up,ta,584007,nonce,test,upda,NA,NA,NA,NA,1,NA,NA,NA,NA,1
up-na,p-n,up,na,584007,nonce,test,umna,NA,NA,1,NA,NA,NA,NA,1,NA,NA
up-v,p-v,up,v,584007,nonce,test,upv,NA,NA,NA,NA,0,NA,NA,NA,NA,0
xlP-na,lP-n,xlP,na,584007,low,test,xmna,NA,1,1,0,NA,0,1,1,0,NA
xlP-v,lP-v,xlP,v,584007,low,test,xlpv,NA,0,NA,0,0,0,0,NA,NA,0
xlP-ta,lP-t,xlP,ta,584007,low,test,xlpda,NA,0,NA,0,1,1,0,NA,NA,1
ik-v,k-v,ik,v,584007,low,test,ikv,NA,NA,NA,NA,0,NA,NA,NA,NA,0
ik-na,k-n,ik,na,584007,low,test,iNna,NA,NA,1,NA,NA,NA,NA,0,NA,NA
ik-ta,k-t,ik,ta,584007,low,test,ikda,NA,NA,NA,NA,1,NA,NA,NA,NA,1
ilk-na,lk-n,ilk,na,584007,high,test,iNna,NA,1,1,0,NA,1,0,0,0,NA
ilk-v,lk-v,ilk,v,584007,high,test,ilkv,NA,0,NA,0,0,0,0,NA,NA,0
ilk-ta,lk-t,ilk,ta,584007,high,test,ilkda,NA,0,NA,0,1,1,0,NA,NA,1
ip-ta,p-t,ip,ta,584007,high,test,ipda,NA,NA,NA,NA,1,NA,NA,NA,NA,1
ip-v,p-v,ip,v,584007,high,test,ipv,NA,NA,NA,NA,0,NA,NA,NA,NA,0
ip-na,p-n,ip,na,584007,high,test,imna,NA,NA,1,NA,NA,NA,NA,1,NA,NA
cak-ta,k-t,cak,ta,584007,high,test,cakda,NA,NA,NA,NA,1,NA,NA,NA,NA,1
cak-na,k-n,cak,na,584007,high,test,caNna,NA,NA,1,NA,NA,NA,NA,1,NA,NA
cak-a,k-a,cak,a,584007,high,test,caka,NA,NA,NA,NA,0,NA,NA,NA,NA,0
cvk-v,k-v,cvk,v,584007,high,test,cvkv,NA,NA,NA,NA,0,NA,NA,NA,NA,0
cvk-ta,k-t,cvk,ta,584007,high,test,cvkda,NA,NA,NA,NA,1,NA,NA,NA,NA,1
cvk-na,k-n,cvk,na,584007,high,test,cvNna,NA,NA,1,NA,NA,NA,NA,1,NA,NA
cvp-na,p-n,cvp,na,584007,high,test,cvmna,NA,NA,1,NA,NA,NA,NA,1,NA,NA
cvp-ta,p-t,cvp,ta,584007,high,test,cvpda,NA,NA,NA,NA,1,NA,NA,NA,NA,1
cvp-v,p-v,cvp,v,584007,high,test,cvpv,NA,NA,NA,NA,0,NA,NA,NA,NA,0
cik-ta,k-t,cik,ta,584007,nonce,test,cikda,NA,NA,NA,NA,1,NA,NA,NA,NA,1
cik-v,k-v,cik,v,584007,nonce,test,cikv,NA,NA,NA,NA,0,NA,NA,NA,NA,0
cik-na,k-n,cik,na,584007,nonce,test,ciNna,NA,NA,1,NA,NA,NA,NA,1,NA,NA
cilk-ta,lk-t,cilk,ta,584007,nonce,test,cilkda,0,0,NA,0,1,0,0,NA,NA,1
cilk-v,lk-v,cilk,v,584007,nonce,test,cilkv,0,0,NA,0,0,0,0,NA,NA,0
cilk-na,lk-n,cilk,na,584007,nonce,test,ciNna,1,1,1,0,NA,1,0,0,0,NA
cip-na,p-n,cip,na,584007,high,test,cimna,NA,NA,1,NA,NA,NA,NA,1,NA,NA
cip-ta,p-t,cip,ta,584007,high,test,cipda,NA,NA,NA,NA,1,NA,NA,NA,NA,1
cip-v,p-v,cip,v,584007,high,test,cipv,NA,NA,NA,NA,0,NA,NA,NA,NA,0
Jalp-ta,lp-t,Jalp,ta,584007,high,test,Jalda,1,0,NA,0,1,1,0,NA,NA,1
Jalp-a,lp-a,Jalp,a,584007,high,test,Jalpa,0,0,NA,0,0,0,0,NA,NA,0
Jalp-na,lp-n,Jalp,na,584007,high,test,Jalmna,1,0,1,0,NA,0,0,1,0,NA
Jik-na,k-n,Jik,na,584007,low,test,JiNna,NA,NA,1,NA,NA,NA,NA,1,NA,NA
Jik-ta,k-t,Jik,ta,584007,low,test,Jikda,NA,NA,NA,NA,1,NA,NA,NA,NA,1
Jik-v,k-v,Jik,v,584007,low,test,Jikv,NA,NA,NA,NA,0,NA,NA,NA,NA,0
Cak-ta,k-t,Cak,ta,584007,nonce,test,Cakda,NA,NA,NA,NA,1,NA,NA,NA,NA,1
Cak-na,k-n,Cak,na,584007,nonce,test,CaNna,NA,NA,1,NA,NA,NA,NA,1,NA,NA
Cak-a,k-a,Cak,a,584007,nonce,test,Caka,NA,NA,NA,NA,0,NA,NA,NA,NA,0
Top-a,p-a,Top,a,584007,nonce,test,Topa,NA,NA,NA,NA,0,NA,NA,NA,NA,0
Top-na,p-n,Top,na,584007,nonce,test,Tomna,NA,NA,1,NA,NA,NA,NA,1,NA,NA
Top-ta,p-t,Top,ta,584007,nonce,test,Topda,NA,NA,NA,NA,1,NA,NA,NA,NA,1
halT-na,lT-n,halT,na,584007,low,test,halna,1,0,0,0,NA,1,0,0,0,NA
halT-ta,lT-t,halT,ta,584007,low,test,halda,1,0,NA,0,1,1,0,NA,NA,1
hulT-na,lT-n,hulT,na,584007,low,test,hulna,1,0,0,0,NA,1,0,0,0,NA
hulT-ta,lT-t,hulT,ta,584007,low,test,hulda,1,0,NA,0,1,1,0,NA,NA,1
hulT-v,lT-v,hulT,v,584007,low,test,hultv,1,0,NA,0,0,0,0,NA,NA,0
